,ADMS
2014-04-10,14.010000228881836
2014-04-11,13.0
2014-04-14,13.600000381469727
2014-04-15,13.390000343322754
2014-04-16,13.199999809265137
2014-04-17,13.010000228881836
2014-04-21,14.140000343322754
2014-04-22,15.25
2014-04-23,15.010000228881836
2014-04-24,15.979999542236328
2014-04-25,15.6899995803833
2014-04-28,15.9399995803833
2014-04-29,16.0
2014-04-30,18.450000762939453
2014-05-01,20.06999969482422
2014-05-02,20.010000228881836
2014-05-05,20.0
2014-05-06,20.0
2014-05-07,19.959999084472656
2014-05-08,19.3700008392334
2014-05-09,19.229999542236328
2014-05-12,19.149999618530273
2014-05-13,19.5
2014-05-14,19.3700008392334
2014-05-15,18.950000762939453
2014-05-16,18.760000228881836
2014-05-19,18.260000228881836
2014-05-20,18.8799991607666
2014-05-21,18.81999969482422
2014-05-22,18.760000228881836
2014-05-23,18.489999771118164
2014-05-27,18.5
2014-05-28,18.15999984741211
2014-05-29,18.059999465942383
2014-05-30,17.850000381469727
2014-06-02,17.8700008392334
2014-06-03,17.969999313354492
2014-06-04,17.56999969482422
2014-06-05,18.290000915527344
2014-06-06,18.829999923706055
2014-06-09,19.350000381469727
2014-06-10,19.469999313354492
2014-06-11,19.31999969482422
2014-06-12,19.649999618530273
2014-06-13,18.719999313354492
2014-06-16,18.8700008392334
2014-06-17,19.5
2014-06-18,19.59000015258789
2014-06-19,19.479999542236328
2014-06-20,19.209999084472656
2014-06-23,19.309999465942383
2014-06-24,19.420000076293945
2014-06-25,19.40999984741211
2014-06-26,18.649999618530273
2014-06-27,17.709999084472656
2014-06-30,18.280000686645508
2014-07-01,18.459999084472656
2014-07-02,18.360000610351562
2014-07-03,17.969999313354492
2014-07-07,17.299999237060547
2014-07-08,17.020000457763672
2014-07-09,16.690000534057617
2014-07-10,16.079999923706055
2014-07-11,16.719999313354492
2014-07-14,16.200000762939453
2014-07-15,17.34000015258789
2014-07-16,16.8700008392334
2014-07-17,16.780000686645508
2014-07-18,17.520000457763672
2014-07-21,16.5
2014-07-22,16.65999984741211
2014-07-23,16.770000457763672
2014-07-24,16.920000076293945
2014-07-25,16.649999618530273
2014-07-28,16.209999084472656
2014-07-29,16.09000015258789
2014-07-30,16.06999969482422
2014-07-31,15.90999984741211
2014-08-01,16.09000015258789
2014-08-04,16.020000457763672
2014-08-05,16.09000015258789
2014-08-06,16.190000534057617
2014-08-07,15.710000038146973
2014-08-08,15.569999694824219
2014-08-11,16.110000610351562
2014-08-12,16.489999771118164
2014-08-13,16.790000915527344
2014-08-14,16.799999237060547
2014-08-15,17.450000762939453
2014-08-18,17.59000015258789
2014-08-19,17.959999084472656
2014-08-20,17.93000030517578
2014-08-21,18.3700008392334
2014-08-22,17.829999923706055
2014-08-25,17.770000457763672
2014-08-26,18.200000762939453
2014-08-27,18.190000534057617
2014-08-28,17.989999771118164
2014-08-29,18.739999771118164
2014-09-02,18.399999618530273
2014-09-03,17.889999389648438
2014-09-04,17.350000381469727
2014-09-05,17.90999984741211
2014-09-08,17.989999771118164
2014-09-09,17.829999923706055
2014-09-10,17.860000610351562
2014-09-11,17.989999771118164
2014-09-12,18.1200008392334
2014-09-15,17.549999237060547
2014-09-16,18.059999465942383
2014-09-17,17.8799991607666
2014-09-18,17.760000228881836
2014-09-19,17.700000762939453
2014-09-22,16.850000381469727
2014-09-23,16.290000915527344
2014-09-24,16.899999618530273
2014-09-25,17.020000457763672
2014-09-26,16.940000534057617
2014-09-29,17.239999771118164
2014-09-30,18.6200008392334
2014-10-01,19.979999542236328
2014-10-02,20.0
2014-10-03,19.3799991607666
2014-10-06,18.049999237060547
2014-10-07,14.319999694824219
2014-10-08,15.0600004196167
2014-10-09,14.600000381469727
2014-10-10,14.510000228881836
2014-10-13,14.960000038146973
2014-10-14,14.130000114440918
2014-10-15,14.069999694824219
2014-10-16,14.420000076293945
2014-10-17,14.539999961853027
2014-10-20,14.319999694824219
2014-10-21,14.329999923706055
2014-10-22,14.25
2014-10-23,14.614999771118164
2014-10-24,14.729999542236328
2014-10-27,15.279999732971191
2014-10-28,15.520000457763672
2014-10-29,16.360000610351562
2014-10-30,15.869999885559082
2014-10-31,15.229999542236328
2014-11-03,16.309999465942383
2014-11-04,16.209999084472656
2014-11-05,14.670000076293945
2014-11-06,15.079999923706055
2014-11-07,15.069999694824219
2014-11-10,14.59000015258789
2014-11-11,15.100000381469727
2014-11-12,15.020000457763672
2014-11-13,14.579999923706055
2014-11-14,14.829999923706055
2014-11-17,14.800000190734863
2014-11-18,14.59000015258789
2014-11-19,14.5
2014-11-20,14.729999542236328
2014-11-21,14.829999923706055
2014-11-24,14.829999923706055
2014-11-25,14.710000038146973
2014-11-26,14.84000015258789
2014-11-28,14.6899995803833
2014-12-01,14.390000343322754
2014-12-02,14.479999542236328
2014-12-03,14.5600004196167
2014-12-04,14.039999961853027
2014-12-05,13.920000076293945
2014-12-08,13.819999694824219
2014-12-09,14.470000267028809
2014-12-10,14.149999618530273
2014-12-11,14.390000343322754
2014-12-12,13.970000267028809
2014-12-15,14.079999923706055
2014-12-16,14.140000343322754
2014-12-17,14.630000114440918
2014-12-18,15.079999923706055
2014-12-19,14.449999809265137
2014-12-22,14.5
2014-12-23,14.649999618530273
2014-12-24,16.100000381469727
2014-12-26,17.010000228881836
2014-12-29,17.260000228881836
2014-12-30,17.059999465942383
2014-12-31,17.3700008392334
2015-01-02,17.489999771118164
2015-01-05,16.68000030517578
2015-01-06,16.5
2015-01-07,16.979999542236328
2015-01-08,16.920000076293945
2015-01-09,16.860000610351562
2015-01-12,16.969999313354492
2015-01-13,16.93000030517578
2015-01-14,17.479999542236328
2015-01-15,16.93000030517578
2015-01-16,17.309999465942383
2015-01-20,17.3799991607666
2015-01-21,16.600000381469727
2015-01-22,16.790000915527344
2015-01-23,17.010000228881836
2015-01-26,17.1299991607666
2015-01-27,17.049999237060547
2015-01-28,17.030000686645508
2015-01-29,17.15999984741211
2015-01-30,16.829999923706055
2015-02-02,16.959999084472656
2015-02-03,16.65999984741211
2015-02-04,16.950000762939453
2015-02-05,17.110000610351562
2015-02-06,16.670000076293945
2015-02-09,16.850000381469727
2015-02-10,16.979999542236328
2015-02-11,16.690000534057617
2015-02-12,16.950000762939453
2015-02-13,16.979999542236328
2015-02-17,16.93000030517578
2015-02-18,17.3799991607666
2015-02-19,17.399999618530273
2015-02-20,17.280000686645508
2015-02-23,17.450000762939453
2015-02-24,17.260000228881836
2015-02-25,17.309999465942383
2015-02-26,17.200000762939453
2015-02-27,17.280000686645508
2015-03-02,17.299999237060547
2015-03-03,17.25
2015-03-04,17.360000610351562
2015-03-05,17.399999618530273
2015-03-06,16.860000610351562
2015-03-09,16.559999465942383
2015-03-10,16.34000015258789
2015-03-11,16.690000534057617
2015-03-12,17.239999771118164
2015-03-13,17.40999984741211
2015-03-16,17.40999984741211
2015-03-17,17.920000076293945
2015-03-18,17.979999542236328
2015-03-19,17.989999771118164
2015-03-20,17.940000534057617
2015-03-23,17.75
2015-03-24,17.690000534057617
2015-03-25,16.719999313354492
2015-03-26,16.719999313354492
2015-03-27,17.5
2015-03-30,17.469999313354492
2015-03-31,17.489999771118164
2015-04-01,17.469999313354492
2015-04-02,17.709999084472656
2015-04-06,17.329999923706055
2015-04-07,17.59000015258789
2015-04-08,17.049999237060547
2015-04-09,17.139999389648438
2015-04-10,17.940000534057617
2015-04-13,17.809999465942383
2015-04-14,17.719999313354492
2015-04-15,17.790000915527344
2015-04-16,17.8700008392334
2015-04-17,17.780000686645508
2015-04-20,17.81999969482422
2015-04-21,17.829999923706055
2015-04-22,17.6200008392334
2015-04-23,17.729999542236328
2015-04-24,17.700000762939453
2015-04-27,17.450000762939453
2015-04-28,17.520000457763672
2015-04-29,17.68000030517578
2015-04-30,17.270000457763672
2015-05-01,16.889999389648438
2015-05-04,17.780000686645508
2015-05-05,17.360000610351562
2015-05-06,17.530000686645508
2015-05-07,17.65999984741211
2015-05-08,17.530000686645508
2015-05-11,17.81999969482422
2015-05-12,17.829999923706055
2015-05-13,17.799999237060547
2015-05-14,17.969999313354492
2015-05-15,17.84000015258789
2015-05-18,17.90999984741211
2015-05-19,17.709999084472656
2015-05-20,17.639999389648438
2015-05-21,17.579999923706055
2015-05-22,17.43000030517578
2015-05-26,17.489999771118164
2015-05-27,18.0
2015-05-28,18.0
2015-05-29,17.989999771118164
2015-06-01,18.040000915527344
2015-06-02,18.989999771118164
2015-06-03,19.950000762939453
2015-06-04,19.1200008392334
2015-06-05,19.350000381469727
2015-06-08,19.139999389648438
2015-06-09,18.940000534057617
2015-06-10,19.989999771118164
2015-06-11,19.940000534057617
2015-06-12,19.450000762939453
2015-06-15,22.079999923706055
2015-06-16,24.59000015258789
2015-06-17,24.270000457763672
2015-06-18,27.059999465942383
2015-06-19,26.649999618530273
2015-06-22,26.309999465942383
2015-06-23,26.059999465942383
2015-06-24,26.649999618530273
2015-06-25,26.940000534057617
2015-06-26,26.030000686645508
2015-06-29,25.8799991607666
2015-06-30,26.219999313354492
2015-07-01,26.479999542236328
2015-07-02,26.469999313354492
2015-07-06,26.93000030517578
2015-07-07,27.299999237060547
2015-07-08,26.520000457763672
2015-07-09,26.579999923706055
2015-07-10,27.40999984741211
2015-07-13,28.959999084472656
2015-07-14,28.5
2015-07-15,28.950000762939453
2015-07-16,29.100000381469727
2015-07-17,29.799999237060547
2015-07-20,26.639999389648438
2015-07-21,26.920000076293945
2015-07-22,27.75
2015-07-23,27.530000686645508
2015-07-24,26.799999237060547
2015-07-27,26.149999618530273
2015-07-28,26.540000915527344
2015-07-29,25.3700008392334
2015-07-30,24.93000030517578
2015-07-31,24.760000228881836
2015-08-03,24.739999771118164
2015-08-04,24.729999542236328
2015-08-05,24.610000610351562
2015-08-06,23.850000381469727
2015-08-07,23.770000457763672
2015-08-10,23.829999923706055
2015-08-11,23.6200008392334
2015-08-12,22.899999618530273
2015-08-13,22.149999618530273
2015-08-14,22.149999618530273
2015-08-17,21.969999313354492
2015-08-18,20.6299991607666
2015-08-19,20.239999771118164
2015-08-20,19.850000381469727
2015-08-21,20.06999969482422
2015-08-24,18.920000076293945
2015-08-25,19.260000228881836
2015-08-26,19.729999542236328
2015-08-27,20.059999465942383
2015-08-28,20.610000610351562
2015-08-31,20.059999465942383
2015-09-01,19.579999923706055
2015-09-02,19.790000915527344
2015-09-03,18.93000030517578
2015-09-04,19.0
2015-09-08,19.75
2015-09-09,18.899999618530273
2015-09-10,19.43000030517578
2015-09-11,19.93000030517578
2015-09-14,19.81999969482422
2015-09-15,19.93000030517578
2015-09-16,19.59000015258789
2015-09-17,20.940000534057617
2015-09-18,21.1299991607666
2015-09-21,20.020000457763672
2015-09-22,19.200000762939453
2015-09-23,19.280000686645508
2015-09-24,18.770000457763672
2015-09-25,17.75
2015-09-28,17.06999969482422
2015-09-29,16.3700008392334
2015-09-30,16.739999771118164
2015-10-01,16.809999465942383
2015-10-02,16.65999984741211
2015-10-05,15.930000305175781
2015-10-06,15.100000381469727
2015-10-07,15.630000114440918
2015-10-08,15.420000076293945
2015-10-09,15.65999984741211
2015-10-12,15.3100004196167
2015-10-13,15.0600004196167
2015-10-14,14.920000076293945
2015-10-15,15.319999694824219
2015-10-16,14.890000343322754
2015-10-19,14.789999961853027
2015-10-20,14.420000076293945
2015-10-21,13.329999923706055
2015-10-22,13.5600004196167
2015-10-23,14.130000114440918
2015-10-26,14.210000038146973
2015-10-27,14.260000228881836
2015-10-28,15.149999618530273
2015-10-29,14.760000228881836
2015-10-30,14.760000228881836
2015-11-02,16.1200008392334
2015-11-03,16.610000610351562
2015-11-04,17.1200008392334
2015-11-05,16.540000915527344
2015-11-06,16.420000076293945
2015-11-09,15.670000076293945
2015-11-10,15.65999984741211
2015-11-11,15.989999771118164
2015-11-12,15.15999984741211
2015-11-13,15.739999771118164
2015-11-16,15.289999961853027
2015-11-17,15.319999694824219
2015-11-18,15.699999809265137
2015-11-19,15.739999771118164
2015-11-20,16.260000228881836
2015-11-23,15.890000343322754
2015-11-24,15.649999618530273
2015-11-25,15.930000305175781
2015-11-27,16.280000686645508
2015-11-30,15.970000267028809
2015-12-01,16.510000228881836
2015-12-02,16.520000457763672
2015-12-03,16.290000915527344
2015-12-04,16.40999984741211
2015-12-07,15.90999984741211
2015-12-08,15.9399995803833
2015-12-09,15.869999885559082
2015-12-10,15.65999984741211
2015-12-11,14.850000381469727
2015-12-14,15.029999732971191
2015-12-15,14.890000343322754
2015-12-16,14.979999542236328
2015-12-17,14.829999923706055
2015-12-18,14.789999961853027
2015-12-21,16.510000228881836
2015-12-22,16.860000610351562
2015-12-23,30.850000381469727
2015-12-24,29.959999084472656
2015-12-28,29.43000030517578
2015-12-29,29.280000686645508
2015-12-30,28.579999923706055
2015-12-31,28.31999969482422
2016-01-04,27.90999984741211
2016-01-05,26.059999465942383
2016-01-06,23.639999389648438
2016-01-07,24.309999465942383
2016-01-08,24.479999542236328
2016-01-11,23.469999313354492
2016-01-12,23.959999084472656
2016-01-13,23.8700008392334
2016-01-14,25.549999237060547
2016-01-15,25.010000228881836
2016-01-19,22.0
2016-01-20,21.670000076293945
2016-01-21,20.739999771118164
2016-01-22,22.209999084472656
2016-01-25,21.34000015258789
2016-01-26,20.639999389648438
2016-01-27,18.6299991607666
2016-01-28,17.020000457763672
2016-01-29,17.139999389648438
2016-02-01,17.139999389648438
2016-02-02,16.770000457763672
2016-02-03,16.6200008392334
2016-02-04,16.389999389648438
2016-02-05,15.25
2016-02-08,14.279999732971191
2016-02-09,13.5
2016-02-10,13.59000015258789
2016-02-11,13.520000457763672
2016-02-12,14.3100004196167
2016-02-16,14.520000457763672
2016-02-17,15.420000076293945
2016-02-18,14.770000457763672
2016-02-19,14.930000305175781
2016-02-22,14.760000228881836
2016-02-23,14.800000190734863
2016-02-24,12.800000190734863
2016-02-25,12.869999885559082
2016-02-26,13.199999809265137
2016-02-29,12.800000190734863
2016-03-01,13.199999809265137
2016-03-02,13.920000076293945
2016-03-03,14.270000457763672
2016-03-04,13.65999984741211
2016-03-07,15.289999961853027
2016-03-08,13.979999542236328
2016-03-09,13.8100004196167
2016-03-10,13.640000343322754
2016-03-11,14.270000457763672
2016-03-14,14.890000343322754
2016-03-15,13.350000381469727
2016-03-16,12.989999771118164
2016-03-17,12.420000076293945
2016-03-18,12.640000343322754
2016-03-21,13.90999984741211
2016-03-22,14.119999885559082
2016-03-23,13.59000015258789
2016-03-24,14.170000076293945
2016-03-28,14.15999984741211
2016-03-29,14.539999961853027
2016-03-30,14.119999885559082
2016-03-31,14.460000038146973
2016-04-01,15.649999618530273
2016-04-04,16.31999969482422
2016-04-05,16.360000610351562
2016-04-06,17.34000015258789
2016-04-07,17.43000030517578
2016-04-08,17.100000381469727
2016-04-11,16.729999542236328
2016-04-12,16.600000381469727
2016-04-13,17.809999465942383
2016-04-14,18.229999542236328
2016-04-15,18.059999465942383
2016-04-18,18.59000015258789
2016-04-19,17.700000762939453
2016-04-20,17.280000686645508
2016-04-21,18.079999923706055
2016-04-22,18.829999923706055
2016-04-25,18.3799991607666
2016-04-26,17.6200008392334
2016-04-27,17.5
2016-04-28,16.690000534057617
2016-04-29,16.8799991607666
2016-05-02,17.0
2016-05-03,16.149999618530273
2016-05-04,15.729999542236328
2016-05-05,14.960000038146973
2016-05-06,14.699999809265137
2016-05-09,15.100000381469727
2016-05-10,15.100000381469727
2016-05-11,14.8100004196167
2016-05-12,14.279999732971191
2016-05-13,14.579999923706055
2016-05-16,15.399999618530273
2016-05-17,15.220000267028809
2016-05-18,15.430000305175781
2016-05-19,15.039999961853027
2016-05-20,15.829999923706055
2016-05-23,16.049999237060547
2016-05-24,16.149999618530273
2016-05-25,16.270000457763672
2016-05-26,16.139999389648438
2016-05-27,16.3799991607666
2016-05-31,16.81999969482422
2016-06-01,17.06999969482422
2016-06-02,17.559999465942383
2016-06-03,17.030000686645508
2016-06-06,17.375
2016-06-07,17.229999542236328
2016-06-08,17.290000915527344
2016-06-09,17.0
2016-06-10,15.970000267028809
2016-06-13,15.869999885559082
2016-06-14,16.1200008392334
2016-06-15,16.270000457763672
2016-06-16,16.8700008392334
2016-06-17,17.5
2016-06-20,18.059999465942383
2016-06-21,16.6200008392334
2016-06-22,16.389999389648438
2016-06-23,16.239999771118164
2016-06-24,15.520000457763672
2016-06-27,14.720000267028809
2016-06-28,15.520000457763672
2016-06-29,15.479999542236328
2016-06-30,15.140000343322754
2016-07-01,15.550000190734863
2016-07-05,15.380000114440918
2016-07-06,15.84000015258789
2016-07-07,15.489999771118164
2016-07-08,15.6899995803833
2016-07-11,15.649999618530273
2016-07-12,16.6200008392334
2016-07-13,16.139999389648438
2016-07-14,15.470000267028809
2016-07-15,15.5
2016-07-18,15.180000305175781
2016-07-19,14.819999694824219
2016-07-20,14.8100004196167
2016-07-21,16.239999771118164
2016-07-22,15.510000228881836
2016-07-25,14.529999732971191
2016-07-26,14.239999771118164
2016-07-27,14.600000381469727
2016-07-28,14.359999656677246
2016-07-29,15.100000381469727
2016-08-01,14.800000190734863
2016-08-02,14.460000038146973
2016-08-03,14.829999923706055
2016-08-04,14.510000228881836
2016-08-05,13.680000305175781
2016-08-08,13.25
2016-08-09,13.25
2016-08-10,12.949999809265137
2016-08-11,13.449999809265137
2016-08-12,13.5
2016-08-15,14.210000038146973
2016-08-16,14.010000228881836
2016-08-17,13.930000305175781
2016-08-18,14.319999694824219
2016-08-19,14.029999732971191
2016-08-22,14.109999656677246
2016-08-23,14.300000190734863
2016-08-24,13.720000267028809
2016-08-25,13.3100004196167
2016-08-26,13.109999656677246
2016-08-29,13.109999656677246
2016-08-30,12.989999771118164
2016-08-31,13.670000076293945
2016-09-01,15.069999694824219
2016-09-02,14.760000228881836
2016-09-06,15.1899995803833
2016-09-07,15.630000114440918
2016-09-08,16.1299991607666
2016-09-09,15.109999656677246
2016-09-12,15.770000457763672
2016-09-13,15.890000343322754
2016-09-14,16.450000762939453
2016-09-15,16.860000610351562
2016-09-16,17.420000076293945
2016-09-19,17.68000030517578
2016-09-20,18.09000015258789
2016-09-21,17.809999465942383
2016-09-22,18.06999969482422
2016-09-23,17.350000381469727
2016-09-26,17.649999618530273
2016-09-27,17.299999237060547
2016-09-28,17.459999084472656
2016-09-29,16.5
2016-09-30,16.40999984741211
2016-10-03,16.420000076293945
2016-10-04,16.3799991607666
2016-10-05,16.600000381469727
2016-10-06,16.0049991607666
2016-10-07,15.9399995803833
2016-10-10,16.610000610351562
2016-10-11,15.949999809265137
2016-10-12,15.25
2016-10-13,15.100000381469727
2016-10-14,14.449999809265137
2016-10-17,14.520000457763672
2016-10-18,14.680000305175781
2016-10-19,14.239999771118164
2016-10-20,14.550000190734863
2016-10-21,14.59000015258789
2016-10-24,14.510000228881836
2016-10-25,14.520000457763672
2016-10-26,14.350000381469727
2016-10-27,14.329999923706055
2016-10-28,13.710000038146973
2016-10-31,13.739999771118164
2016-11-01,14.0
2016-11-02,13.5600004196167
2016-11-03,12.239999771118164
2016-11-04,13.930000305175781
2016-11-07,14.260000228881836
2016-11-08,14.489999771118164
2016-11-09,15.6899995803833
2016-11-10,15.880000114440918
2016-11-11,15.9399995803833
2016-11-14,16.420000076293945
2016-11-15,16.100000381469727
2016-11-16,16.06999969482422
2016-11-17,16.100000381469727
2016-11-18,15.970000267028809
2016-11-21,15.8100004196167
2016-11-22,15.289999961853027
2016-11-23,16.049999237060547
2016-11-25,16.010000228881836
2016-11-28,15.210000038146973
2016-11-29,15.149999618530273
2016-11-30,15.0
2016-12-01,14.550000190734863
2016-12-02,15.529999732971191
2016-12-05,15.539999961853027
2016-12-06,15.75
2016-12-07,15.510000228881836
2016-12-08,15.90999984741211
2016-12-09,15.65999984741211
2016-12-12,15.640000343322754
2016-12-13,15.65999984741211
2016-12-14,15.479999542236328
2016-12-15,15.579999923706055
2016-12-16,15.979999542236328
2016-12-19,16.170000076293945
2016-12-20,16.600000381469727
2016-12-21,16.350000381469727
2016-12-22,16.639999389648438
2016-12-23,17.420000076293945
2016-12-27,17.200000762939453
2016-12-28,17.139999389648438
2016-12-29,17.43000030517578
2016-12-30,16.899999618530273
2017-01-03,16.59000015258789
2017-01-04,18.0
2017-01-05,18.049999237060547
2017-01-06,19.020000457763672
2017-01-09,18.09000015258789
2017-01-10,17.34000015258789
2017-01-11,16.709999084472656
2017-01-12,16.729999542236328
2017-01-13,17.1299991607666
2017-01-17,16.260000228881836
2017-01-18,16.610000610351562
2017-01-19,16.420000076293945
2017-01-20,16.170000076293945
2017-01-23,16.1200008392334
2017-01-24,15.949999809265137
2017-01-25,16.15999984741211
2017-01-26,15.890000343322754
2017-01-27,15.960000038146973
2017-01-30,14.869999885559082
2017-01-31,15.869999885559082
2017-02-01,15.9399995803833
2017-02-02,16.079999923706055
2017-02-03,16.3700008392334
2017-02-06,16.280000686645508
2017-02-07,16.15999984741211
2017-02-08,16.559999465942383
2017-02-09,16.850000381469727
2017-02-10,16.81999969482422
2017-02-13,16.639999389648438
2017-02-14,17.06999969482422
2017-02-15,17.209999084472656
2017-02-16,17.09000015258789
2017-02-17,17.280000686645508
2017-02-21,17.200000762939453
2017-02-22,17.1200008392334
2017-02-23,17.25
2017-02-24,17.200000762939453
2017-02-27,18.079999923706055
2017-02-28,18.5
2017-03-01,18.260000228881836
2017-03-02,17.420000076293945
2017-03-03,17.770000457763672
2017-03-06,17.469999313354492
2017-03-07,16.969999313354492
2017-03-08,16.84000015258789
2017-03-09,17.149999618530273
2017-03-10,17.100000381469727
2017-03-13,17.459999084472656
2017-03-14,17.25
2017-03-15,17.709999084472656
2017-03-16,17.489999771118164
2017-03-17,17.450000762939453
2017-03-20,17.690000534057617
2017-03-21,17.229999542236328
2017-03-22,17.469999313354492
2017-03-23,17.459999084472656
2017-03-24,17.459999084472656
2017-03-27,17.469999313354492
2017-03-28,17.450000762939453
2017-03-29,17.489999771118164
2017-03-30,17.260000228881836
2017-03-31,17.5
2017-04-03,17.049999237060547
2017-04-04,16.729999542236328
2017-04-05,16.850000381469727
2017-04-06,16.75
2017-04-07,16.770000457763672
2017-04-10,16.530000686645508
2017-04-11,16.229999542236328
2017-04-12,16.110000610351562
2017-04-13,16.15999984741211
2017-04-17,16.040000915527344
2017-04-18,15.930000305175781
2017-04-19,15.670000076293945
2017-04-20,15.619999885559082
2017-04-21,15.569999694824219
2017-04-24,15.850000381469727
2017-04-25,16.360000610351562
2017-04-26,16.579999923706055
2017-04-27,16.510000228881836
2017-04-28,16.3799991607666
2017-05-01,16.670000076293945
2017-05-02,16.450000762939453
2017-05-03,17.040000915527344
2017-05-04,17.40999984741211
2017-05-05,17.399999618530273
2017-05-08,16.8700008392334
2017-05-09,16.8700008392334
2017-05-10,17.09000015258789
2017-05-11,16.219999313354492
2017-05-12,16.040000915527344
2017-05-15,15.84000015258789
2017-05-16,15.279999732971191
2017-05-17,14.739999771118164
2017-05-18,14.979999542236328
2017-05-19,14.979999542236328
2017-05-22,15.800000190734863
2017-05-23,15.520000457763672
2017-05-24,16.010000228881836
2017-05-25,15.550000190734863
2017-05-26,15.649999618530273
2017-05-30,15.420000076293945
2017-05-31,15.380000114440918
2017-06-01,16.270000457763672
2017-06-02,16.8799991607666
2017-06-05,17.079999923706055
2017-06-06,17.010000228881836
2017-06-07,17.5
2017-06-08,17.399999618530273
2017-06-09,17.559999465942383
2017-06-12,17.40999984741211
2017-06-13,17.280000686645508
2017-06-14,17.270000457763672
2017-06-15,17.25
2017-06-16,17.489999771118164
2017-06-19,17.350000381469727
2017-06-20,17.229999542236328
2017-06-21,17.079999923706055
2017-06-22,16.81999969482422
2017-06-23,17.5
2017-06-26,17.389999389648438
2017-06-27,16.8799991607666
2017-06-28,17.190000534057617
2017-06-29,17.579999923706055
2017-06-30,17.489999771118164
2017-07-03,17.959999084472656
2017-07-05,17.760000228881836
2017-07-06,17.899999618530273
2017-07-07,17.920000076293945
2017-07-10,16.979999542236328
2017-07-11,16.770000457763672
2017-07-12,16.68000030517578
2017-07-13,16.959999084472656
2017-07-14,16.989999771118164
2017-07-17,16.959999084472656
2017-07-18,17.010000228881836
2017-07-19,17.389999389648438
2017-07-20,17.6200008392334
2017-07-21,17.65999984741211
2017-07-24,18.450000762939453
2017-07-25,18.260000228881836
2017-07-26,17.899999618530273
2017-07-27,17.6200008392334
2017-07-28,17.65999984741211
2017-07-31,17.350000381469727
2017-08-01,17.170000076293945
2017-08-02,17.170000076293945
2017-08-03,17.06999969482422
2017-08-04,17.209999084472656
2017-08-07,17.030000686645508
2017-08-08,16.81999969482422
2017-08-09,16.420000076293945
2017-08-10,15.25
2017-08-11,15.84000015258789
2017-08-14,15.279999732971191
2017-08-15,14.680000305175781
2017-08-16,13.680000305175781
2017-08-17,14.020000457763672
2017-08-18,14.289999961853027
2017-08-21,14.510000228881836
2017-08-22,14.300000190734863
2017-08-23,14.390000343322754
2017-08-24,14.229999542236328
2017-08-25,19.93000030517578
2017-08-28,20.270000457763672
2017-08-29,21.68000030517578
2017-08-30,20.899999618530273
2017-08-31,20.940000534057617
2017-09-01,21.290000915527344
2017-09-05,21.969999313354492
2017-09-06,21.450000762939453
2017-09-07,21.260000228881836
2017-09-08,21.8700008392334
2017-09-11,20.770000457763672
2017-09-12,20.719999313354492
2017-09-13,20.530000686645508
2017-09-14,20.540000915527344
2017-09-15,21.530000686645508
2017-09-18,21.1200008392334
2017-09-19,21.299999237060547
2017-09-20,21.3700008392334
2017-09-21,21.31999969482422
2017-09-22,21.3700008392334
2017-09-25,21.239999771118164
2017-09-26,20.229999542236328
2017-09-27,20.139999389648438
2017-09-28,20.829999923706055
2017-09-29,21.170000076293945
2017-10-02,21.559999465942383
2017-10-03,21.690000534057617
2017-10-04,22.139999389648438
2017-10-05,23.809999465942383
2017-10-06,23.110000610351562
2017-10-09,22.139999389648438
2017-10-10,21.690000534057617
2017-10-11,20.739999771118164
2017-10-12,19.84000015258789
2017-10-13,19.020000457763672
2017-10-16,18.979999542236328
2017-10-17,19.020000457763672
2017-10-18,19.239999771118164
2017-10-19,19.420000076293945
2017-10-20,19.260000228881836
2017-10-23,18.309999465942383
2017-10-24,18.1299991607666
2017-10-25,19.850000381469727
2017-10-26,18.65999984741211
2017-10-27,19.510000228881836
2017-10-30,23.610000610351562
2017-10-31,24.65999984741211
2017-11-01,26.6200008392334
2017-11-02,26.270000457763672
2017-11-03,28.0
2017-11-06,27.450000762939453
2017-11-07,27.0
2017-11-08,27.219999313354492
2017-11-09,27.360000610351562
2017-11-10,27.75
2017-11-13,28.790000915527344
2017-11-14,26.31999969482422
2017-11-15,26.709999084472656
2017-11-16,27.690000534057617
2017-11-17,28.40999984741211
2017-11-20,29.959999084472656
2017-11-21,31.0
2017-11-22,33.59000015258789
2017-11-24,33.68000030517578
2017-11-27,33.08000183105469
2017-11-28,33.83000183105469
2017-11-29,35.119998931884766
2017-11-30,37.150001525878906
2017-12-01,35.93000030517578
2017-12-04,34.369998931884766
2017-12-05,34.310001373291016
2017-12-06,34.529998779296875
2017-12-07,35.7599983215332
2017-12-08,36.54999923706055
2017-12-11,35.470001220703125
2017-12-12,35.08000183105469
2017-12-13,33.349998474121094
2017-12-14,32.08000183105469
2017-12-15,32.58000183105469
2017-12-18,31.729999542236328
2017-12-19,31.899999618530273
2017-12-20,32.22999954223633
2017-12-21,34.27000045776367
2017-12-22,34.400001525878906
2017-12-26,34.119998931884766
2017-12-27,33.97999954223633
2017-12-28,35.16999816894531
2017-12-29,33.88999938964844
2018-01-02,35.650001525878906
2018-01-03,35.27000045776367
2018-01-04,33.880001068115234
2018-01-05,34.029998779296875
2018-01-08,32.150001525878906
2018-01-09,33.869998931884766
2018-01-10,33.560001373291016
2018-01-11,35.61000061035156
2018-01-12,35.58000183105469
2018-01-16,35.7400016784668
2018-01-17,36.63999938964844
2018-01-18,37.38999938964844
2018-01-19,38.189998626708984
2018-01-22,40.790000915527344
2018-01-23,42.650001525878906
2018-01-24,40.61000061035156
2018-01-25,40.970001220703125
2018-01-26,41.72999954223633
2018-01-29,39.65999984741211
2018-01-30,39.2599983215332
2018-01-31,37.84000015258789
2018-02-01,38.439998626708984
2018-02-02,35.959999084472656
2018-02-05,34.470001220703125
2018-02-06,36.58000183105469
2018-02-07,36.4900016784668
2018-02-08,35.279998779296875
2018-02-09,33.869998931884766
2018-02-12,33.810001373291016
2018-02-13,33.86000061035156
2018-02-14,35.040000915527344
2018-02-15,34.43000030517578
2018-02-16,33.77000045776367
2018-02-20,26.389999389648438
2018-02-21,27.360000610351562
2018-02-22,27.40999984741211
2018-02-23,26.020000457763672
2018-02-26,25.950000762939453
2018-02-27,24.860000610351562
2018-02-28,24.450000762939453
2018-03-01,24.920000076293945
2018-03-02,24.3700008392334
2018-03-05,25.93000030517578
2018-03-06,25.65999984741211
2018-03-07,25.68000030517578
2018-03-08,25.93000030517578
2018-03-09,27.690000534057617
2018-03-12,28.729999542236328
2018-03-13,26.56999969482422
2018-03-14,26.739999771118164
2018-03-15,26.450000762939453
2018-03-16,27.100000381469727
2018-03-19,26.09000015258789
2018-03-20,26.049999237060547
2018-03-21,25.799999237060547
2018-03-22,24.459999084472656
2018-03-23,23.81999969482422
2018-03-26,24.399999618530273
2018-03-27,23.729999542236328
2018-03-28,23.670000076293945
2018-03-29,23.899999618530273
2018-04-02,23.229999542236328
2018-04-03,24.600000381469727
2018-04-04,25.399999618530273
2018-04-05,24.149999618530273
2018-04-06,22.940000534057617
2018-04-09,22.610000610351562
2018-04-10,23.899999618530273
2018-04-11,24.729999542236328
2018-04-12,24.690000534057617
2018-04-13,24.110000610351562
2018-04-16,24.3700008392334
2018-04-17,25.010000228881836
2018-04-18,25.850000381469727
2018-04-19,27.670000076293945
2018-04-20,28.09000015258789
2018-04-23,28.1299991607666
2018-04-24,28.200000762939453
2018-04-25,28.440000534057617
2018-04-26,29.329999923706055
2018-04-27,30.170000076293945
2018-04-30,30.190000534057617
2018-05-01,29.81999969482422
2018-05-02,29.950000762939453
2018-05-03,29.760000228881836
2018-05-04,29.530000686645508
2018-05-07,31.34000015258789
2018-05-08,31.18000030517578
2018-05-09,31.760000228881836
2018-05-10,30.149999618530273
2018-05-11,31.5
2018-05-14,31.829999923706055
2018-05-15,31.450000762939453
2018-05-16,31.59000015258789
2018-05-17,32.66999816894531
2018-05-18,31.8799991607666
2018-05-21,30.889999389648438
2018-05-22,29.739999771118164
2018-05-23,29.329999923706055
2018-05-24,29.229999542236328
2018-05-25,29.350000381469727
2018-05-29,28.219999313354492
2018-05-30,28.8700008392334
2018-05-31,28.639999389648438
2018-06-01,28.450000762939453
2018-06-04,28.030000686645508
2018-06-05,27.950000762939453
2018-06-06,27.979999542236328
2018-06-07,27.68000030517578
2018-06-08,27.84000015258789
2018-06-11,27.860000610351562
2018-06-12,27.68000030517578
2018-06-13,27.440000534057617
2018-06-14,27.469999313354492
2018-06-15,26.1200008392334
2018-06-18,25.799999237060547
2018-06-19,25.270000457763672
2018-06-20,26.190000534057617
2018-06-21,25.5
2018-06-22,25.209999084472656
2018-06-25,24.34000015258789
2018-06-26,25.3700008392334
2018-06-27,24.389999389648438
2018-06-28,25.25
2018-06-29,25.829999923706055
2018-07-02,25.770000457763672
2018-07-03,25.329999923706055
2018-07-05,25.34000015258789
2018-07-06,25.6200008392334
2018-07-09,25.739999771118164
2018-07-10,25.450000762939453
2018-07-11,25.139999389648438
2018-07-12,26.34000015258789
2018-07-13,27.059999465942383
2018-07-16,27.3799991607666
2018-07-17,27.239999771118164
2018-07-18,27.239999771118164
2018-07-19,27.1299991607666
2018-07-20,27.09000015258789
2018-07-23,27.299999237060547
2018-07-24,27.200000762939453
2018-07-25,26.709999084472656
2018-07-26,26.84000015258789
2018-07-27,26.290000915527344
2018-07-30,23.540000915527344
2018-07-31,23.780000686645508
2018-08-01,24.15999984741211
2018-08-02,24.889999389648438
2018-08-03,25.850000381469727
2018-08-06,24.299999237060547
2018-08-07,24.219999313354492
2018-08-08,24.59000015258789
2018-08-09,24.18000030517578
2018-08-10,23.100000381469727
2018-08-13,23.40999984741211
2018-08-14,23.40999984741211
2018-08-15,22.200000762939453
2018-08-16,22.84000015258789
2018-08-17,22.43000030517578
2018-08-20,21.84000015258789
2018-08-21,22.40999984741211
2018-08-22,22.06999969482422
2018-08-23,21.790000915527344
2018-08-24,21.799999237060547
2018-08-27,22.6299991607666
2018-08-28,22.280000686645508
2018-08-29,22.5
2018-08-30,23.020000457763672
2018-08-31,23.030000686645508
2018-09-04,22.93000030517578
2018-09-05,22.989999771118164
2018-09-06,22.450000762939453
2018-09-07,22.829999923706055
2018-09-10,22.760000228881836
2018-09-11,22.530000686645508
2018-09-12,22.600000381469727
2018-09-13,22.18000030517578
2018-09-14,21.8799991607666
2018-09-17,19.860000610351562
2018-09-18,18.670000076293945
2018-09-19,18.81999969482422
2018-09-20,19.68000030517578
2018-09-21,19.170000076293945
2018-09-24,19.1299991607666
2018-09-25,19.93000030517578
2018-09-26,19.209999084472656
2018-09-27,19.200000762939453
2018-09-28,20.020000457763672
2018-10-01,18.93000030517578
2018-10-02,19.56999969482422
2018-10-03,19.979999542236328
2018-10-04,19.350000381469727
2018-10-05,17.829999923706055
2018-10-08,17.440000534057617
2018-10-09,17.489999771118164
2018-10-10,16.989999771118164
2018-10-11,17.299999237060547
2018-10-12,18.170000076293945
2018-10-15,18.260000228881836
2018-10-16,19.030000686645508
2018-10-17,18.600000381469727
2018-10-18,18.239999771118164
2018-10-19,17.850000381469727
2018-10-22,17.639999389648438
2018-10-23,17.59000015258789
2018-10-24,16.6200008392334
2018-10-25,17.739999771118164
2018-10-26,17.200000762939453
2018-10-29,16.59000015258789
2018-10-30,15.819999694824219
2018-10-31,16.549999237060547
2018-11-01,16.969999313354492
2018-11-02,11.890000343322754
2018-11-05,10.989999771118164
2018-11-06,12.0
2018-11-07,13.0600004196167
2018-11-08,13.0
2018-11-09,11.899999618530273
2018-11-12,11.460000038146973
2018-11-13,11.520000457763672
2018-11-14,10.859999656677246
2018-11-15,10.84000015258789
2018-11-16,10.819999694824219
2018-11-19,10.069999694824219
2018-11-20,9.880000114440918
2018-11-21,10.510000228881836
2018-11-23,10.260000228881836
2018-11-26,10.970000267028809
2018-11-27,10.119999885559082
2018-11-28,10.289999961853027
2018-11-29,9.949999809265137
2018-11-30,10.239999771118164
2018-12-03,11.069999694824219
2018-12-04,10.140000343322754
2018-12-06,10.010000228881836
2018-12-07,9.979999542236328
2018-12-10,9.8100004196167
2018-12-11,9.550000190734863
2018-12-12,9.6899995803833
2018-12-13,9.479999542236328
2018-12-14,9.300000190734863
2018-12-17,8.779999732971191
2018-12-18,8.100000381469727
2018-12-19,7.860000133514404
2018-12-20,7.78000020980835
2018-12-21,7.840000152587891
2018-12-24,7.75
2018-12-26,8.329999923706055
2018-12-27,8.449999809265137
2018-12-28,8.449999809265137
2018-12-31,8.539999961853027
2019-01-02,9.069999694824219
2019-01-03,9.260000228881836
2019-01-04,9.210000038146973
2019-01-07,9.619999885559082
2019-01-08,9.5600004196167
2019-01-09,9.369999885559082
2019-01-10,9.319999694824219
2019-01-11,9.220000267028809
2019-01-14,8.75
2019-01-15,8.720000267028809
2019-01-16,8.59000015258789
2019-01-17,8.930000305175781
2019-01-18,9.020000457763672
2019-01-22,8.670000076293945
2019-01-23,8.609999656677246
2019-01-24,8.65999984741211
2019-01-25,8.779999732971191
2019-01-28,8.529999732971191
2019-01-29,8.404999732971191
2019-01-30,8.890000343322754
2019-01-31,9.0
2019-02-01,9.079999923706055
2019-02-04,8.869999885559082
2019-02-05,9.300000190734863
2019-02-06,9.029999732971191
2019-02-07,8.960000038146973
2019-02-08,8.970000267028809
2019-02-11,8.989999771118164
2019-02-12,9.079999923706055
2019-02-13,9.3100004196167
2019-02-14,9.920000076293945
2019-02-15,10.529999732971191
2019-02-19,10.680000305175781
2019-02-20,11.239999771118164
2019-02-21,10.989999771118164
2019-02-22,11.109999656677246
2019-02-25,11.260000228881836
2019-02-26,11.079999923706055
2019-02-27,10.970000267028809
2019-02-28,11.1899995803833
2019-03-01,11.800000190734863
2019-03-04,12.149999618530273
2019-03-05,8.15999984741211
2019-03-06,7.769999980926514
2019-03-07,7.869999885559082
2019-03-08,7.760000228881836
2019-03-11,7.550000190734863
2019-03-12,7.710000038146973
2019-03-13,7.5
2019-03-14,7.900000095367432
2019-03-15,7.809999942779541
2019-03-18,7.829999923706055
2019-03-19,7.989999771118164
2019-03-20,8.010000228881836
2019-03-21,7.989999771118164
2019-03-22,7.659999847412109
2019-03-25,7.300000190734863
2019-03-26,7.480000019073486
2019-03-27,7.199999809265137
2019-03-28,7.190000057220459
2019-03-29,7.110000133514404
2019-04-01,7.239999771118164
2019-04-02,7.099999904632568
2019-04-03,6.900000095367432
2019-04-04,6.869999885559082
2019-04-05,6.789999961853027
2019-04-08,6.809999942779541
2019-04-09,6.590000152587891
2019-04-10,6.730000019073486
2019-04-11,6.630000114440918
2019-04-12,6.440000057220459
2019-04-15,6.429999828338623
2019-04-16,6.579999923706055
2019-04-17,6.400000095367432
2019-04-18,6.28000020980835
2019-04-22,6.28000020980835
2019-04-23,6.369999885559082
2019-04-24,6.289999961853027
2019-04-25,6.25
2019-04-26,6.440000057220459
2019-04-29,6.429999828338623
2019-04-30,6.320000171661377
2019-05-01,6.340000152587891
2019-05-02,6.28000020980835
2019-05-03,6.389999866485596
2019-05-06,6.25
2019-05-07,6.179999828338623
2019-05-08,5.96999979019165
2019-05-09,5.929999828338623
2019-05-10,5.599999904632568
2019-05-13,5.480000019073486
2019-05-14,5.489999771118164
2019-05-15,5.730000019073486
2019-05-16,5.960000038146973
2019-05-17,5.730000019073486
2019-05-20,5.460000038146973
2019-05-21,5.480000019073486
2019-05-22,5.25
2019-05-23,5.050000190734863
2019-05-24,4.989999771118164
2019-05-28,4.800000190734863
2019-05-29,4.769999980926514
2019-05-30,4.610000133514404
2019-05-31,4.699999809265137
2019-06-03,4.659999847412109
2019-06-04,5.050000190734863
2019-06-05,4.800000190734863
2019-06-06,4.650000095367432
2019-06-07,4.670000076293945
2019-06-10,4.610000133514404
2019-06-11,4.289999961853027
2019-06-12,4.309999942779541
2019-06-13,4.599999904632568
2019-06-14,4.539999961853027
2019-06-17,4.769999980926514
2019-06-18,4.96999979019165
2019-06-19,5.159999847412109
2019-06-20,5.590000152587891
2019-06-21,5.5
2019-06-24,5.769999980926514
2019-06-25,5.869999885559082
2019-06-26,5.889999866485596
2019-06-27,5.929999828338623
2019-06-28,6.199999809265137
2019-07-01,6.019999980926514
2019-07-02,5.909999847412109
2019-07-03,5.980000019073486
2019-07-05,6.0
2019-07-08,5.820000171661377
2019-07-09,5.900000095367432
2019-07-10,6.099999904632568
2019-07-11,5.989999771118164
2019-07-12,6.0
2019-07-15,5.940000057220459
2019-07-16,6.010000228881836
2019-07-17,5.989999771118164
2019-07-18,6.03000020980835
2019-07-19,6.0
2019-07-22,6.0
2019-07-23,6.0
2019-07-24,6.050000190734863
2019-07-25,6.03000020980835
2019-07-26,6.010000228881836
2019-07-29,6.0
2019-07-30,6.190000057220459
2019-07-31,6.260000228881836
2019-08-01,6.010000228881836
2019-08-02,6.099999904632568
2019-08-05,6.0
2019-08-06,6.050000190734863
2019-08-07,6.010000228881836
2019-08-08,6.119999885559082
2019-08-09,6.050000190734863
2019-08-12,6.400000095367432
2019-08-13,6.21999979019165
2019-08-14,6.059999942779541
2019-08-15,6.28000020980835
2019-08-16,6.420000076293945
2019-08-19,6.199999809265137
2019-08-20,6.179999828338623
2019-08-21,6.139999866485596
2019-08-22,6.130000114440918
2019-08-23,6.059999942779541
2019-08-26,6.03000020980835
2019-08-27,5.920000076293945
2019-08-28,5.960000038146973
2019-08-29,6.300000190734863
2019-08-30,6.309999942779541
2019-09-03,6.0
2019-09-04,5.949999809265137
2019-09-05,5.96999979019165
2019-09-06,5.849999904632568
2019-09-09,5.579999923706055
2019-09-10,5.71999979019165
2019-09-11,6.079999923706055
2019-09-12,6.239999771118164
2019-09-13,6.329999923706055
2019-09-16,6.25
2019-09-17,6.300000190734863
2019-09-18,6.639999866485596
2019-09-19,6.75
2019-09-20,7.329999923706055
2019-09-23,7.460000038146973
2019-09-24,7.300000190734863
2019-09-25,7.380000114440918
2019-09-26,7.045000076293945
2019-09-27,6.664999961853027
2019-09-30,5.114999771118164
2019-10-01,4.380000114440918
2019-10-02,4.130000114440918
2019-10-03,4.03000020980835
2019-10-04,4.449999809265137
2019-10-07,4.199999809265137
2019-10-08,3.75
2019-10-09,3.6700000762939453
2019-10-10,3.440000057220459
2019-10-11,3.759999990463257
2019-10-14,3.9000000953674316
2019-10-15,4.03000020980835
2019-10-16,4.019999980926514
2019-10-17,4.0
2019-10-18,3.9800000190734863
2019-10-21,4.0
2019-10-22,4.039999961853027
2019-10-23,3.9000000953674316
2019-10-24,3.8299999237060547
2019-10-25,3.930000066757202
2019-10-28,3.940000057220459
2019-10-29,3.950000047683716
2019-10-30,3.940000057220459
2019-10-31,4.110000133514404
2019-11-01,4.340000152587891
2019-11-04,4.369999885559082
2019-11-05,4.320000171661377
2019-11-06,4.460000038146973
2019-11-07,4.699999809265137
2019-11-08,5.630000114440918
2019-11-11,5.389999866485596
2019-11-12,5.409999847412109
2019-11-13,5.599999904632568
2019-11-14,5.599999904632568
2019-11-15,5.545000076293945
2019-11-18,5.519999980926514
2019-11-19,5.440000057220459
2019-11-20,5.320000171661377
2019-11-21,5.46999979019165
2019-11-22,5.534999847412109
2019-11-25,5.5
2019-11-26,5.5
2019-11-27,5.619999885559082
2019-11-29,5.949999809265137
2019-12-02,6.150000095367432
2019-12-03,6.510000228881836
2019-12-04,6.400000095367432
2019-12-05,6.519999980926514
2019-12-06,6.474999904632568
2019-12-09,6.619999885559082
2019-12-10,6.53000020980835
2019-12-11,6.25
2019-12-12,6.489999771118164
2019-12-13,6.65500020980835
2019-12-16,7.300000190734863
2019-12-17,4.139999866485596
2019-12-18,3.6700000762939453
2019-12-19,3.690000057220459
2019-12-20,3.7100000381469727
2019-12-23,3.6500000953674316
2019-12-24,3.740000009536743
2019-12-26,3.930000066757202
2019-12-27,3.8499999046325684
2019-12-30,3.6700000762939453
2019-12-31,3.7899999618530273
2020-01-02,4.079999923706055
2020-01-03,4.099999904632568
2020-01-06,4.139999866485596
2020-01-07,4.159999847412109
2020-01-08,5.110000133514404
2020-01-09,5.550000190734863
2020-01-10,5.190000057220459
2020-01-13,5.5
2020-01-14,5.449999809265137
2020-01-15,5.699999809265137
2020-01-16,5.900000095367432
2020-01-17,5.880000114440918
2020-01-21,5.96999979019165
2020-01-22,5.880000114440918
2020-01-23,6.010000228881836
2020-01-24,5.449999809265137
2020-01-27,5.269999980926514
2020-01-28,5.300000190734863
2020-01-29,5.28000020980835
2020-01-30,5.099999904632568
2020-01-31,5.139999866485596
2020-02-03,5.329999923706055
2020-02-04,5.510000228881836
2020-02-05,5.670000076293945
2020-02-06,5.545000076293945
2020-02-07,5.46999979019165
2020-02-10,5.539999961853027
2020-02-11,5.610000133514404
2020-02-12,5.954999923706055
2020-02-13,5.75
2020-02-14,5.610000133514404
2020-02-18,5.599999904632568
2020-02-19,5.590000152587891
2020-02-20,5.684999942779541
2020-02-21,5.789999961853027
2020-02-24,5.25
2020-02-25,4.769999980926514
2020-02-26,4.425000190734863
2020-02-27,4.369999885559082
2020-02-28,4.559999942779541
2020-03-02,4.275000095367432
2020-03-03,3.9800000190734863
2020-03-04,4.195000171661377
2020-03-05,3.8299999237060547
2020-03-06,3.890000104904175
2020-03-09,3.3499999046325684
2020-03-10,3.240000009536743
2020-03-11,3.049999952316284
2020-03-12,2.859999895095825
2020-03-13,2.700000047683716
2020-03-16,2.1600000858306885
2020-03-17,2.319999933242798
2020-03-18,1.9900000095367432
2020-03-19,2.4200000762939453
2020-03-20,2.4100000858306885
2020-03-23,2.5799999237060547
2020-03-24,2.5799999237060547
2020-03-25,2.690000057220459
2020-03-26,2.7899999618530273
2020-03-27,2.6700000762939453
2020-03-30,2.759999990463257
2020-03-31,2.890000104904175
2020-04-01,2.680000066757202
2020-04-02,2.6500000953674316
2020-04-03,2.5899999141693115
2020-04-06,2.8499999046325684
2020-04-07,2.8399999141693115
2020-04-08,3.049999952316284
2020-04-09,2.990000009536743
2020-04-13,3.059999942779541
2020-04-14,3.2799999713897705
2020-04-15,3.3399999141693115
2020-04-16,3.009999990463257
2020-04-17,3.440000057220459
2020-04-20,3.509999990463257
2020-04-21,3.3499999046325684
2020-04-22,3.440000057220459
2020-04-23,3.2899999618530273
2020-04-24,3.309999942779541
2020-04-27,3.319999933242798
2020-04-28,3.200000047683716
2020-04-29,3.4000000953674316
2020-04-30,3.2300000190734863
2020-05-01,3.180000066757202
2020-05-04,3.309999942779541
2020-05-05,3.309999942779541
2020-05-06,3.3299999237060547
2020-05-07,3.4600000381469727
2020-05-08,3.0
2020-05-11,2.9600000381469727
2020-05-12,2.940000057220459
2020-05-13,2.7200000286102295
2020-05-14,2.6600000858306885
2020-05-15,2.559999942779541
2020-05-18,2.7200000286102295
2020-05-19,2.630000114440918
2020-05-20,2.700000047683716
2020-05-21,2.799999952316284
2020-05-22,2.869999885559082
2020-05-26,2.890000104904175
2020-05-27,2.809999942779541
2020-05-28,2.7899999618530273
2020-05-29,2.759999990463257
2020-06-01,2.690000057220459
2020-06-02,2.75
2020-06-03,2.700000047683716
2020-06-04,2.640000104904175
2020-06-05,2.9800000190734863
2020-06-08,3.25
2020-06-09,3.1600000858306885
2020-06-10,2.9200000762939453
2020-06-11,2.6500000953674316
2020-06-12,2.819999933242798
2020-06-15,2.7699999809265137
2020-06-16,2.930000066757202
2020-06-17,2.859999895095825
2020-06-18,2.6600000858306885
2020-06-19,2.809999942779541
2020-06-22,2.740000009536743
2020-06-23,2.7100000381469727
2020-06-24,2.569999933242798
2020-06-25,2.619999885559082
2020-06-26,2.5999999046325684
2020-06-29,2.509999990463257
2020-06-30,2.559999942779541
2020-07-01,2.7200000286102295
2020-07-02,2.559999942779541
2020-07-06,2.5999999046325684
2020-07-07,2.559999942779541
2020-07-08,2.569999933242798
2020-07-09,2.5299999713897705
2020-07-10,2.690000057220459
2020-07-13,2.630000114440918
2020-07-14,2.6500000953674316
2020-07-15,2.680000066757202
2020-07-16,2.7300000190734863
2020-07-17,2.6700000762939453
2020-07-20,2.5899999141693115
2020-07-21,2.619999885559082
2020-07-22,2.690000057220459
2020-07-23,2.609999895095825
2020-07-24,2.5999999046325684
2020-07-27,2.5199999809265137
2020-07-28,2.5399999618530273
2020-07-29,2.5
2020-07-30,2.559999942779541
2020-07-31,2.4800000190734863
2020-08-03,2.5899999141693115
2020-08-04,2.575000047683716
2020-08-05,2.640000104904175
2020-08-06,2.609999895095825
2020-08-07,3.7799999713897705
2020-08-10,4.980000019073486
2020-08-11,4.590000152587891
2020-08-12,4.75
2020-08-13,4.71999979019165
2020-08-14,4.800000190734863
2020-08-17,5.050000190734863
2020-08-18,4.909999847412109
2020-08-19,4.96999979019165
2020-08-20,4.869999885559082
2020-08-21,4.510000228881836
2020-08-24,4.480000019073486
2020-08-25,4.800000190734863
2020-08-26,4.860000133514404
2020-08-27,5.050000190734863
2020-08-28,5.119999885559082
2020-08-31,5.179999828338623
2020-09-01,5.119999885559082
2020-09-02,5.28000020980835
2020-09-03,5.429999828338623
2020-09-04,5.369999885559082
2020-09-08,5.119999885559082
2020-09-09,5.230000019073486
2020-09-10,5.059999942779541
2020-09-11,4.300000190734863
2020-09-14,4.340000152587891
2020-09-15,4.309999942779541
2020-09-16,4.440000057220459
2020-09-17,4.610000133514404
2020-09-18,4.760000228881836
2020-09-21,4.730000019073486
2020-09-22,4.760000228881836
2020-09-23,4.75
2020-09-24,4.300000190734863
2020-09-25,4.230000019073486
2020-09-28,4.039999961853027
2020-09-29,4.135000228881836
2020-09-30,4.119999885559082
2020-10-01,4.28000020980835
2020-10-02,4.190000057220459
2020-10-05,4.179999828338623
2020-10-06,4.28000020980835
2020-10-07,4.449999809265137
2020-10-08,4.46999979019165
2020-10-09,4.820000171661377
2020-10-12,4.849999904632568
2020-10-13,4.869999885559082
2020-10-14,4.789999961853027
2020-10-15,4.619999885559082
2020-10-16,4.440000057220459
2020-10-19,4.269999980926514
2020-10-20,3.9000000953674316
2020-10-21,3.7300000190734863
2020-10-22,3.680000066757202
2020-10-23,3.549999952316284
2020-10-26,3.490000009536743
2020-10-27,3.4700000286102295
2020-10-28,3.309999942779541
2020-10-29,3.2799999713897705
2020-10-30,3.0399999618530273
2020-11-02,3.4000000953674316
2020-11-03,3.490000009536743
2020-11-04,3.5
2020-11-05,3.759999990463257
2020-11-06,3.450000047683716
2020-11-09,3.390000104904175
2020-11-10,3.619999885559082
2020-11-11,3.5799999237060547
2020-11-12,3.759999990463257
2020-11-13,3.9800000190734863
2020-11-16,4.179999828338623
2020-11-17,4.28000020980835
2020-11-18,4.199999809265137
2020-11-19,4.349999904632568
2020-11-20,4.349999904632568
2020-11-23,4.289999961853027
2020-11-24,4.300000190734863
2020-11-25,4.380000114440918
2020-11-27,4.449999809265137
2020-11-30,4.53000020980835
2020-12-01,4.409999847412109
2020-12-02,4.769999980926514
2020-12-03,4.800000190734863
2020-12-04,4.889999866485596
2020-12-07,4.880000114440918
2020-12-08,4.949999809265137
2020-12-09,4.960000038146973
2020-12-10,4.929999828338623
2020-12-11,4.860000133514404
2020-12-14,4.820000171661377
2020-12-15,5.019999980926514
2020-12-16,5.119999885559082
2020-12-17,5.110000133514404
2020-12-18,5.03000020980835
2020-12-21,4.929999828338623
2020-12-22,4.710000038146973
2020-12-23,4.579999923706055
2020-12-24,4.579999923706055
2020-12-28,4.309999942779541
2020-12-29,4.150000095367432
2020-12-30,4.53000020980835
2020-12-31,4.329999923706055
2021-01-04,4.480000019073486
2021-01-05,4.630000114440918
2021-01-06,4.570000171661377
2021-01-07,4.789999961853027
2021-01-08,4.659999847412109
2021-01-11,4.670000076293945
2021-01-12,4.559999942779541
2021-01-13,4.460000038146973
2021-01-14,4.53000020980835
2021-01-15,4.460000038146973
2021-01-19,4.519999980926514
2021-01-20,4.590000152587891
2021-01-21,4.510000228881836
2021-01-22,4.71999979019165
2021-01-25,5.079999923706055
2021-01-26,5.619999885559082
2021-01-27,5.539999961853027
2021-01-28,5.369999885559082
2021-01-29,5.909999847412109
2021-02-01,6.789999961853027
2021-02-02,5.710000038146973
2021-02-03,5.420000076293945
2021-02-04,6.070000171661377
2021-02-05,6.0
2021-02-08,6.139999866485596
2021-02-09,6.349999904632568
2021-02-10,6.239999771118164
2021-02-11,6.170000076293945
2021-02-12,5.920000076293945
2021-02-16,6.050000190734863
2021-02-17,5.889999866485596
2021-02-18,5.760000228881836
2021-02-19,5.869999885559082
2021-02-22,5.670000076293945
2021-02-23,5.139999866485596
2021-02-24,4.730000019073486
2021-02-25,4.75
2021-02-26,4.75
2021-03-01,5.03000020980835
2021-03-02,5.260000228881836
2021-03-03,5.130000114440918
2021-03-04,4.699999809265137
2021-03-05,4.739999771118164
2021-03-08,4.829999923706055
2021-03-09,5.019999980926514
2021-03-10,4.849999904632568
2021-03-11,5.099999904632568
2021-03-12,5.010000228881836
2021-03-15,5.239999771118164
2021-03-16,5.389999866485596
2021-03-17,5.5
2021-03-18,5.53000020980835
2021-03-19,5.630000114440918
2021-03-22,5.440000057220459
2021-03-23,5.260000228881836
2021-03-24,5.019999980926514
2021-03-25,5.190000057220459
2021-03-26,5.119999885559082
2021-03-29,4.849999904632568
2021-03-30,4.800000190734863
2021-03-31,4.800000190734863
2021-04-01,5.150000095367432
2021-04-05,5.179999828338623
2021-04-06,4.940000057220459
2021-04-07,4.670000076293945
2021-04-08,4.590000152587891
2021-04-09,4.519999980926514
2021-04-12,4.519999980926514
2021-04-13,4.71999979019165
2021-04-14,4.940000057220459
2021-04-15,5.099999904632568
2021-04-16,5.090000152587891
2021-04-19,5.300000190734863
2021-04-20,5.159999847412109
2021-04-21,5.329999923706055
2021-04-22,5.340000152587891
2021-04-23,5.449999809265137
2021-04-26,5.849999904632568
2021-04-27,5.960000038146973
2021-04-28,5.840000152587891
2021-04-29,5.619999885559082
2021-04-30,5.639999866485596
2021-05-03,5.869999885559082
2021-05-04,5.429999828338623
2021-05-05,5.429999828338623
2021-05-06,5.019999980926514
2021-05-07,5.150000095367432
2021-05-10,4.949999809265137
2021-05-11,5.420000076293945
2021-05-12,5.340000152587891
2021-05-13,4.900000095367432
2021-05-14,5.090000152587891
