,APEN
2007-05-01,889.3499755859375
2007-05-02,857.010009765625
2007-05-03,835.4500122070312
2007-05-04,916.2999877929688
2007-05-07,970.2000122070312
2007-05-08,1078.0
2007-05-09,1051.050048828125
2007-05-10,1078.0
2007-05-11,1034.8800048828125
2007-05-14,1024.0999755859375
2007-05-15,997.1500244140625
2007-05-16,975.5900268554688
2007-05-17,1018.7100219726562
2007-05-18,1018.7100219726562
2007-05-21,1024.0999755859375
2007-05-22,997.1500244140625
2007-05-23,997.1500244140625
2007-05-24,1013.3200073242188
2007-05-25,1024.0999755859375
2007-05-29,997.1500244140625
2007-05-30,1007.9299926757812
2007-05-31,916.2999877929688
2007-06-01,991.760009765625
2007-06-04,970.2000122070312
2007-06-05,916.2999877929688
2007-06-06,927.0800170898438
2007-06-07,927.0800170898438
2007-06-08,927.0800170898438
2007-06-11,927.0800170898438
2007-06-12,905.52001953125
2007-06-13,970.2000122070312
2007-06-14,970.2000122070312
2007-06-15,943.25
2007-06-18,889.3499755859375
2007-06-19,873.1799926757812
2007-06-20,867.7899780273438
2007-06-21,867.7899780273438
2007-06-22,878.5700073242188
2007-06-25,878.5700073242188
2007-06-26,878.5700073242188
2007-06-27,797.719970703125
2007-06-28,754.5999755859375
2007-06-29,727.6500244140625
2007-07-02,727.6500244140625
2007-07-03,727.6500244140625
2007-07-05,689.9199829101562
2007-07-06,727.6500244140625
2007-07-09,754.5999755859375
2007-07-10,754.5999755859375
2007-07-11,889.3499755859375
2007-07-12,883.9600219726562
2007-07-13,889.3499755859375
2007-07-16,937.8599853515625
2007-07-17,943.25
2007-07-18,1024.0999755859375
2007-07-19,1024.0999755859375
2007-07-20,943.25
2007-07-23,1018.7100219726562
2007-07-24,980.97998046875
2007-07-25,916.2999877929688
2007-07-26,910.9099731445312
2007-07-27,889.3499755859375
2007-07-30,889.3499755859375
2007-07-31,970.2000122070312
2007-08-01,943.25
2007-08-02,943.25
2007-08-03,970.2000122070312
2007-08-06,970.2000122070312
2007-08-07,1007.9299926757812
2007-08-08,991.760009765625
2007-08-09,997.1500244140625
2007-08-10,997.1500244140625
2007-08-13,997.1500244140625
2007-08-14,980.97998046875
2007-08-15,970.2000122070312
2007-08-16,808.5
2007-08-17,808.5
2007-08-20,808.5
2007-08-21,824.6699829101562
2007-08-22,835.4500122070312
2007-08-23,835.4500122070312
2007-08-24,943.25
2007-08-27,916.2999877929688
2007-08-28,916.2999877929688
2007-08-29,916.2999877929688
2007-08-30,900.1300048828125
2007-08-31,943.25
2007-09-04,943.25
2007-09-05,921.6900024414062
2007-09-06,889.3499755859375
2007-09-07,889.3499755859375
2007-09-10,916.2999877929688
2007-09-11,835.4500122070312
2007-09-12,862.4000244140625
2007-09-13,862.4000244140625
2007-09-14,867.7899780273438
2007-09-17,862.4000244140625
2007-09-18,916.2999877929688
2007-09-19,927.0800170898438
2007-09-20,927.0800170898438
2007-09-21,937.8599853515625
2007-09-24,964.8099975585938
2007-09-25,954.030029296875
2007-09-26,964.8099975585938
2007-09-27,1007.9299926757812
2007-09-28,1051.050048828125
2007-10-01,1040.27001953125
2007-10-02,1083.3900146484375
2007-10-03,1126.510009765625
2007-10-04,1131.9000244140625
2007-10-05,1104.949951171875
2007-10-08,1072.6099853515625
2007-10-09,1158.8499755859375
2007-10-10,1207.3599853515625
2007-10-11,1024.0999755859375
2007-10-12,1131.9000244140625
2007-10-15,1083.3900146484375
2007-10-16,1104.949951171875
2007-10-17,1212.75
2007-10-18,1180.4100341796875
2007-10-19,1239.699951171875
2007-10-22,1158.8499755859375
2007-10-23,1239.699951171875
2007-10-24,1266.6500244140625
2007-10-25,1239.699951171875
2007-10-26,1266.6500244140625
2007-10-29,1266.6500244140625
2007-10-30,1272.0400390625
2007-10-31,1266.6500244140625
2007-11-01,1298.989990234375
2007-11-02,1320.550048828125
2007-11-05,1309.77001953125
2007-11-06,1320.550048828125
2007-11-07,1266.6500244140625
2007-11-08,1315.1600341796875
2007-11-09,1320.550048828125
2007-11-12,1331.3299560546875
2007-11-13,1320.550048828125
2007-11-14,1363.6700439453125
2007-11-15,1369.06005859375
2007-11-16,1347.5
2007-11-19,1320.550048828125
2007-11-20,1320.550048828125
2007-11-21,1293.5999755859375
2007-11-23,1293.5999755859375
2007-11-26,1164.239990234375
2007-11-27,1239.699951171875
2007-11-28,1239.699951171875
2007-11-29,1239.699951171875
2007-11-30,1239.699951171875
2007-12-03,1212.75
2007-12-04,1239.699951171875
2007-12-05,1234.31005859375
2007-12-06,1250.47998046875
2007-12-07,1245.0899658203125
2007-12-10,1239.699951171875
2007-12-11,1261.260009765625
2007-12-12,1212.75
2007-12-13,1239.699951171875
2007-12-14,1212.75
2007-12-17,1196.5799560546875
2007-12-18,1191.18994140625
2007-12-19,1239.699951171875
2007-12-20,1185.800048828125
2007-12-21,1212.75
2007-12-24,1261.260009765625
2007-12-26,1261.260009765625
2007-12-27,1239.699951171875
2007-12-28,1239.699951171875
2007-12-31,1250.47998046875
2008-01-02,1212.75
2008-01-03,1239.699951171875
2008-01-04,1234.31005859375
2008-01-07,1239.699951171875
2008-01-08,1212.75
2008-01-09,1212.75
2008-01-10,1191.18994140625
2008-01-11,1212.75
2008-01-14,1212.75
2008-01-15,1239.699951171875
2008-01-16,1239.699951171875
2008-01-17,1239.699951171875
2008-01-18,1212.75
2008-01-22,1158.8499755859375
2008-01-23,1153.4599609375
2008-01-24,1153.4599609375
2008-01-25,1212.75
2008-01-28,1212.75
2008-01-29,1196.5799560546875
2008-01-30,1185.800048828125
2008-01-31,1185.800048828125
2008-02-01,1104.949951171875
2008-02-04,1131.9000244140625
2008-02-05,1104.949951171875
2008-02-06,1158.8499755859375
2008-02-07,1175.02001953125
2008-02-08,1131.9000244140625
2008-02-11,1131.9000244140625
2008-02-12,1158.8499755859375
2008-02-13,1131.9000244140625
2008-02-14,1110.3399658203125
2008-02-15,1110.3399658203125
2008-02-19,997.1500244140625
2008-02-20,1024.0999755859375
2008-02-21,1051.050048828125
2008-02-22,1104.949951171875
2008-02-25,1131.9000244140625
2008-02-26,997.1500244140625
2008-02-27,1051.050048828125
2008-02-28,1051.050048828125
2008-02-29,1024.0999755859375
2008-03-03,1024.0999755859375
2008-03-04,1018.7100219726562
2008-03-05,1078.0
2008-03-06,997.1500244140625
2008-03-07,970.2000122070312
2008-03-10,916.2999877929688
2008-03-11,943.25
2008-03-12,970.2000122070312
2008-03-13,1024.0999755859375
2008-03-14,997.1500244140625
2008-03-17,997.1500244140625
2008-03-18,970.2000122070312
2008-03-19,970.2000122070312
2008-03-20,1024.0999755859375
2008-03-24,970.2000122070312
2008-03-25,970.2000122070312
2008-03-26,1024.0999755859375
2008-03-27,970.2000122070312
2008-03-28,970.2000122070312
2008-03-31,970.2000122070312
2008-04-01,943.25
2008-04-02,943.25
2008-04-03,916.2999877929688
2008-04-04,927.0800170898438
2008-04-07,862.4000244140625
2008-04-08,835.4500122070312
2008-04-09,910.9099731445312
2008-04-10,916.2999877929688
2008-04-11,889.3499755859375
2008-04-14,916.2999877929688
2008-04-15,835.4500122070312
2008-04-16,862.4000244140625
2008-04-17,824.6699829101562
2008-04-18,808.5
2008-04-21,862.4000244140625
2008-04-22,867.7899780273438
2008-04-23,862.4000244140625
2008-04-24,916.2999877929688
2008-04-25,862.4000244140625
2008-04-28,889.3499755859375
2008-04-29,943.25
2008-04-30,889.3499755859375
2008-05-01,889.3499755859375
2008-05-02,916.2999877929688
2008-05-05,916.2999877929688
2008-05-06,937.8599853515625
2008-05-07,932.469970703125
2008-05-08,862.4000244140625
2008-05-09,862.4000244140625
2008-05-12,862.4000244140625
2008-05-13,862.4000244140625
2008-05-14,862.4000244140625
2008-05-15,851.6199951171875
2008-05-16,781.5499877929688
2008-05-19,792.3300170898438
2008-05-20,781.5499877929688
2008-05-21,808.5
2008-05-22,808.5
2008-05-23,781.5499877929688
2008-05-27,754.5999755859375
2008-05-28,781.5499877929688
2008-05-29,781.5499877929688
2008-05-30,781.5499877929688
2008-06-02,754.5999755859375
2008-06-03,808.5
2008-06-04,781.5499877929688
2008-06-05,808.5
2008-06-06,808.5
2008-06-09,781.5499877929688
2008-06-10,781.5499877929688
2008-06-11,786.9400024414062
2008-06-12,759.989990234375
2008-06-13,770.77001953125
2008-06-16,759.989990234375
2008-06-17,759.989990234375
2008-06-18,770.77001953125
2008-06-19,770.77001953125
2008-06-20,754.5999755859375
2008-06-23,700.7000122070312
2008-06-24,700.7000122070312
2008-06-25,700.7000122070312
2008-06-26,700.7000122070312
2008-06-27,679.1400146484375
2008-06-30,662.969970703125
2008-07-01,592.9000244140625
2008-07-02,592.9000244140625
2008-07-03,636.02001953125
2008-07-07,619.8499755859375
2008-07-08,592.9000244140625
2008-07-09,641.4099731445312
2008-07-10,636.02001953125
2008-07-11,646.7999877929688
2008-07-14,592.9000244140625
2008-07-15,636.02001953125
2008-07-16,646.7999877929688
2008-07-17,598.2899780273438
2008-07-18,636.02001953125
2008-07-21,646.7999877929688
2008-07-22,641.4099731445312
2008-07-23,646.7999877929688
2008-07-24,646.7999877929688
2008-07-25,646.7999877929688
2008-07-28,646.7999877929688
2008-07-29,646.7999877929688
2008-07-30,646.7999877929688
2008-07-31,619.8499755859375
2008-08-01,673.75
2008-08-04,619.8499755859375
2008-08-05,619.8499755859375
2008-08-06,619.8499755859375
2008-08-07,673.75
2008-08-08,646.7999877929688
2008-08-11,700.7000122070312
2008-08-12,668.3599853515625
2008-08-13,749.2100219726562
2008-08-14,754.5999755859375
2008-08-15,727.6500244140625
2008-08-18,738.4299926757812
2008-08-19,738.4299926757812
2008-08-20,727.6500244140625
2008-08-21,727.6500244140625
2008-08-22,646.7999877929688
2008-08-25,619.8499755859375
2008-08-26,571.3400268554688
2008-08-27,565.9500122070312
2008-08-28,636.02001953125
2008-08-29,727.6500244140625
2008-09-02,727.6500244140625
2008-09-03,786.9400024414062
2008-09-04,776.1599731445312
2008-09-05,781.5499877929688
2008-09-08,781.5499877929688
2008-09-09,819.280029296875
2008-09-10,754.5999755859375
2008-09-11,781.5499877929688
2008-09-12,738.4299926757812
2008-09-15,673.75
2008-09-16,673.75
2008-09-17,673.75
2008-09-18,630.6300048828125
2008-09-19,646.7999877929688
2008-09-22,673.75
2008-09-23,673.75
2008-09-24,754.5999755859375
2008-09-25,754.5999755859375
2008-09-26,646.7999877929688
2008-09-29,646.7999877929688
2008-09-30,517.4400024414062
2008-10-01,673.75
2008-10-02,619.8499755859375
2008-10-03,565.9500122070312
2008-10-06,539.0
2008-10-07,636.02001953125
2008-10-08,544.3900146484375
2008-10-09,533.6099853515625
2008-10-10,512.0499877929688
2008-10-13,528.219970703125
2008-10-14,539.0
2008-10-15,512.0499877929688
2008-10-16,495.8800048828125
2008-10-17,619.8499755859375
2008-10-20,565.9500122070312
2008-10-21,565.9500122070312
2008-10-22,485.1000061035156
2008-10-23,544.3900146484375
2008-10-24,539.0
2008-10-27,539.0
2008-10-28,533.6099853515625
2008-10-29,700.7000122070312
2008-10-30,673.75
2008-10-31,662.969970703125
2008-11-03,673.75
2008-11-04,668.3599853515625
2008-11-05,603.6799926757812
2008-11-06,641.4099731445312
2008-11-07,673.75
2008-11-10,673.75
2008-11-11,684.530029296875
2008-11-12,673.75
2008-11-13,657.5800170898438
2008-11-14,646.7999877929688
2008-11-17,684.530029296875
2008-11-18,646.7999877929688
2008-11-19,630.6300048828125
2008-11-20,592.9000244140625
2008-11-21,598.2899780273438
2008-11-24,592.9000244140625
2008-11-25,592.9000244140625
2008-11-26,528.219970703125
2008-11-28,517.4400024414062
2008-12-01,539.0
2008-12-02,539.0
2008-12-03,539.0
2008-12-04,490.489990234375
2008-12-05,539.0
2008-12-08,565.9500122070312
2008-12-09,539.0
2008-12-10,490.489990234375
2008-12-11,565.9500122070312
2008-12-12,565.9500122070312
2008-12-15,565.9500122070312
2008-12-16,539.0
2008-12-17,539.0
2008-12-18,485.1000061035156
2008-12-19,565.9500122070312
2008-12-22,592.9000244140625
2008-12-23,646.7999877929688
2008-12-24,646.7999877929688
2008-12-26,592.9000244140625
2008-12-29,592.9000244140625
2008-12-30,582.1199951171875
2008-12-31,565.9500122070312
2009-01-02,592.9000244140625
2009-01-05,565.9500122070312
2009-01-06,549.780029296875
2009-01-07,565.9500122070312
2009-01-08,565.9500122070312
2009-01-09,539.0
2009-01-12,539.0
2009-01-13,539.0
2009-01-14,512.0499877929688
2009-01-15,506.6600036621094
2009-01-16,539.0
2009-01-20,539.0
2009-01-21,539.0
2009-01-22,512.0499877929688
2009-01-23,485.1000061035156
2009-01-26,485.1000061035156
2009-01-27,485.1000061035156
2009-01-28,506.6600036621094
2009-01-29,458.1499938964844
2009-01-30,458.1499938964844
2009-02-02,458.1499938964844
2009-02-03,474.32000732421875
2009-02-04,485.1000061035156
2009-02-05,458.1499938964844
2009-02-06,468.92999267578125
2009-02-09,458.1499938964844
2009-02-10,431.20001220703125
2009-02-11,495.8800048828125
2009-02-12,485.1000061035156
2009-02-13,458.1499938964844
2009-02-17,485.1000061035156
2009-02-18,431.20001220703125
2009-02-19,431.20001220703125
2009-02-20,425.80999755859375
2009-02-23,377.29998779296875
2009-02-24,388.0799865722656
2009-02-25,458.1499938964844
2009-02-26,388.0799865722656
2009-02-27,388.0799865722656
2009-03-02,388.0799865722656
2009-03-03,328.7900085449219
2009-03-04,377.29998779296875
2009-03-05,377.29998779296875
2009-03-06,377.29998779296875
2009-03-09,344.9599914550781
2009-03-10,431.20001220703125
2009-03-11,328.7900085449219
2009-03-12,328.7900085449219
2009-03-13,350.3500061035156
2009-03-16,334.17999267578125
2009-03-17,269.5
2009-03-18,377.29998779296875
2009-03-19,377.29998779296875
2009-03-20,404.25
2009-03-23,431.20001220703125
2009-03-24,431.20001220703125
2009-03-25,350.3500061035156
2009-03-26,485.1000061035156
2009-03-27,512.0499877929688
2009-03-30,431.20001220703125
2009-03-31,506.6600036621094
2009-04-01,495.8800048828125
2009-04-02,485.1000061035156
2009-04-03,377.29998779296875
2009-04-06,404.25
2009-04-07,377.29998779296875
2009-04-08,404.25
2009-04-09,474.32000732421875
2009-04-13,431.20001220703125
2009-04-14,474.32000732421875
2009-04-15,431.20001220703125
2009-04-16,458.1499938964844
2009-04-17,458.1499938964844
2009-04-20,458.1499938964844
2009-04-21,576.72998046875
2009-04-22,539.0
2009-04-23,485.1000061035156
2009-04-24,458.1499938964844
2009-04-27,458.1499938964844
2009-04-28,458.1499938964844
2009-04-29,458.1499938964844
2009-04-30,404.25
2009-05-01,404.25
2009-05-04,431.20001220703125
2009-05-05,458.1499938964844
2009-05-06,485.1000061035156
2009-05-07,485.1000061035156
2009-05-08,485.1000061035156
2009-05-11,485.1000061035156
2009-05-12,485.1000061035156
2009-05-13,458.1499938964844
2009-05-14,458.1499938964844
2009-05-15,485.1000061035156
2009-05-18,512.0499877929688
2009-05-19,512.0499877929688
2009-05-20,528.219970703125
2009-05-21,512.0499877929688
2009-05-22,528.219970703125
2009-05-26,528.219970703125
2009-05-27,528.219970703125
2009-05-28,468.92999267578125
2009-05-29,512.0499877929688
2009-06-01,485.1000061035156
2009-06-02,512.0499877929688
2009-06-03,485.1000061035156
2009-06-04,592.9000244140625
2009-06-05,495.8800048828125
2009-06-08,495.8800048828125
2009-06-09,539.0
2009-06-10,619.8499755859375
2009-06-11,619.8499755859375
2009-06-12,641.4099731445312
2009-06-15,652.1900024414062
2009-06-16,619.8499755859375
2009-06-17,630.6300048828125
2009-06-18,619.8499755859375
2009-06-19,630.6300048828125
2009-06-22,619.8499755859375
2009-06-23,603.6799926757812
2009-06-24,603.6799926757812
2009-06-25,754.5999755859375
2009-06-26,727.6500244140625
2009-06-29,754.5999755859375
2009-06-30,765.3800048828125
2009-07-01,759.989990234375
2009-07-02,765.3800048828125
2009-07-06,727.6500244140625
2009-07-07,668.3599853515625
2009-07-08,619.8499755859375
2009-07-09,673.75
2009-07-10,646.7999877929688
2009-07-13,646.7999877929688
2009-07-14,646.7999877929688
2009-07-15,646.7999877929688
2009-07-16,636.02001953125
2009-07-17,636.02001953125
2009-07-20,646.7999877929688
2009-07-21,646.7999877929688
2009-07-22,636.02001953125
2009-07-23,592.9000244140625
2009-07-24,636.02001953125
2009-07-27,636.02001953125
2009-07-28,636.02001953125
2009-07-29,636.02001953125
2009-07-30,609.0700073242188
2009-07-31,619.8499755859375
2009-08-03,636.02001953125
2009-08-04,592.9000244140625
2009-08-05,614.4600219726562
2009-08-06,571.3400268554688
2009-08-07,571.3400268554688
2009-08-10,609.0700073242188
2009-08-11,609.0700073242188
2009-08-12,609.0700073242188
2009-08-13,603.6799926757812
2009-08-14,603.6799926757812
2009-08-17,592.9000244140625
2009-08-18,587.510009765625
2009-08-19,565.9500122070312
2009-08-20,565.9500122070312
2009-08-21,619.8499755859375
2009-08-24,619.8499755859375
2009-08-25,598.2899780273438
2009-08-26,571.3400268554688
2009-08-27,587.510009765625
2009-08-28,571.3400268554688
2009-08-31,576.72998046875
2009-09-01,549.780029296875
2009-09-02,603.6799926757812
2009-09-03,582.1199951171875
2009-09-04,592.9000244140625
2009-09-08,555.1699829101562
2009-09-09,549.780029296875
2009-09-10,549.780029296875
2009-09-11,544.3900146484375
2009-09-14,539.0
2009-09-15,539.0
2009-09-16,544.3900146484375
2009-09-17,522.8300170898438
2009-09-18,506.6600036621094
2009-09-21,495.8800048828125
2009-09-22,485.1000061035156
2009-09-23,420.4200134277344
2009-09-24,533.6099853515625
2009-09-25,512.0499877929688
2009-09-28,512.0499877929688
2009-09-29,452.760009765625
2009-09-30,452.760009765625
2009-10-01,431.20001220703125
2009-10-02,431.20001220703125
2009-10-05,452.760009765625
2009-10-06,452.760009765625
2009-10-07,544.3900146484375
2009-10-08,512.0499877929688
2009-10-09,528.219970703125
2009-10-12,522.8300170898438
2009-10-13,463.5400085449219
2009-10-14,506.6600036621094
2009-10-15,549.780029296875
2009-10-16,533.6099853515625
2009-10-19,533.6099853515625
2009-10-20,533.6099853515625
2009-10-21,533.6099853515625
2009-10-22,512.0499877929688
2009-10-23,533.6099853515625
2009-10-26,533.6099853515625
2009-10-27,533.6099853515625
2009-10-28,533.6099853515625
2009-10-29,533.6099853515625
2009-10-30,533.6099853515625
2009-11-02,485.1000061035156
2009-11-03,463.5400085449219
2009-11-04,458.1499938964844
2009-11-05,458.1499938964844
2009-11-06,485.1000061035156
2009-11-09,485.1000061035156
2009-11-10,447.3699951171875
2009-11-11,431.20001220703125
2009-11-12,458.1499938964844
2009-11-13,458.1499938964844
2009-11-16,458.1499938964844
2009-11-17,458.1499938964844
2009-11-18,458.1499938964844
2009-11-19,458.1499938964844
2009-11-20,431.20001220703125
2009-11-23,479.7099914550781
2009-11-24,479.7099914550781
2009-11-25,458.1499938964844
2009-11-27,458.1499938964844
2009-11-30,479.7099914550781
2009-12-01,479.7099914550781
2009-12-02,431.20001220703125
2009-12-03,431.20001220703125
2009-12-04,425.80999755859375
2009-12-07,431.20001220703125
2009-12-08,431.20001220703125
2009-12-09,431.20001220703125
2009-12-10,431.20001220703125
2009-12-11,431.20001220703125
2009-12-14,404.25
2009-12-15,431.20001220703125
2009-12-16,409.6400146484375
2009-12-17,409.6400146484375
2009-12-18,371.9100036621094
2009-12-21,404.25
2009-12-22,404.25
2009-12-23,388.0799865722656
2009-12-24,388.0799865722656
2009-12-28,425.80999755859375
2009-12-29,404.25
2009-12-30,350.3500061035156
2009-12-31,431.20001220703125
2010-01-04,404.25
2010-01-05,479.7099914550781
2010-01-06,479.7099914550781
2010-01-07,458.1499938964844
2010-01-08,458.1499938964844
2010-01-11,458.1499938964844
2010-01-12,458.1499938964844
2010-01-13,458.1499938964844
2010-01-14,458.1499938964844
2010-01-15,458.1499938964844
2010-01-19,458.1499938964844
2010-01-20,485.1000061035156
2010-01-21,485.1000061035156
2010-01-22,485.1000061035156
2010-01-25,415.0299987792969
2010-01-26,415.0299987792969
2010-01-27,512.0499877929688
2010-01-28,485.1000061035156
2010-01-29,517.4400024414062
2010-02-01,458.1499938964844
2010-02-02,495.8800048828125
2010-02-03,485.1000061035156
2010-02-04,485.1000061035156
2010-02-05,485.1000061035156
2010-02-08,485.1000061035156
2010-02-09,517.4400024414062
2010-02-10,463.5400085449219
2010-02-11,458.1499938964844
2010-02-12,431.20001220703125
2010-02-16,431.20001220703125
2010-02-17,474.32000732421875
2010-02-18,474.32000732421875
2010-02-19,463.5400085449219
2010-02-22,447.3699951171875
2010-02-23,404.25
2010-02-24,409.6400146484375
2010-02-25,409.6400146484375
2010-02-26,409.6400146484375
2010-03-01,425.80999755859375
2010-03-02,393.4700012207031
2010-03-03,398.8599853515625
2010-03-04,377.29998779296875
2010-03-05,388.0799865722656
2010-03-08,388.0799865722656
2010-03-09,388.0799865722656
2010-03-10,398.8599853515625
2010-03-11,398.8599853515625
2010-03-12,398.8599853515625
2010-03-15,388.0799865722656
2010-03-16,377.29998779296875
2010-03-17,377.29998779296875
2010-03-18,377.29998779296875
2010-03-19,377.29998779296875
2010-03-22,404.25
2010-03-23,404.25
2010-03-24,404.25
2010-03-25,404.25
2010-03-26,404.25
2010-03-29,404.25
2010-03-30,404.25
2010-03-31,425.80999755859375
2010-04-01,425.80999755859375
2010-04-05,393.4700012207031
2010-04-06,350.3500061035156
2010-04-07,350.3500061035156
2010-04-08,377.29998779296875
2010-04-09,382.69000244140625
2010-04-12,388.0799865722656
2010-04-13,377.29998779296875
2010-04-14,404.25
2010-04-15,404.25
2010-04-16,404.25
2010-04-19,404.25
2010-04-20,404.25
2010-04-21,404.25
2010-04-22,404.25
2010-04-23,404.25
2010-04-26,361.1300048828125
2010-04-27,377.29998779296875
2010-04-28,377.29998779296875
2010-04-29,404.25
2010-04-30,404.25
2010-05-03,377.29998779296875
2010-05-04,404.25
2010-05-05,404.25
2010-05-06,404.25
2010-05-07,404.25
2010-05-10,404.25
2010-05-11,398.8599853515625
2010-05-12,350.3500061035156
2010-05-13,350.3500061035156
2010-05-14,350.3500061035156
2010-05-17,350.3500061035156
2010-05-18,350.3500061035156
2010-05-19,350.3500061035156
2010-05-20,377.29998779296875
2010-05-21,377.29998779296875
2010-05-24,323.3999938964844
2010-05-25,323.3999938964844
2010-05-26,323.3999938964844
2010-05-27,323.3999938964844
2010-05-28,339.57000732421875
2010-06-01,350.3500061035156
2010-06-02,323.3999938964844
2010-06-03,323.3999938964844
2010-06-04,323.3999938964844
2010-06-07,312.6199951171875
2010-06-08,350.3500061035156
2010-06-09,323.3999938964844
2010-06-10,323.3999938964844
2010-06-11,323.3999938964844
2010-06-14,323.3999938964844
2010-06-15,334.17999267578125
2010-06-16,334.17999267578125
2010-06-17,334.17999267578125
2010-06-18,334.17999267578125
2010-06-21,334.17999267578125
2010-06-22,334.17999267578125
2010-06-23,377.29998779296875
2010-06-24,301.8399963378906
2010-06-25,301.8399963378906
2010-06-28,334.17999267578125
2010-06-29,269.5
2010-06-30,339.57000732421875
2010-07-01,323.3999938964844
2010-07-02,323.3999938964844
2010-07-06,301.8399963378906
2010-07-07,312.6199951171875
2010-07-08,312.6199951171875
2010-07-09,312.6199951171875
2010-07-12,323.3999938964844
2010-07-13,323.3999938964844
2010-07-14,296.45001220703125
2010-07-15,296.45001220703125
2010-07-16,296.45001220703125
2010-07-19,296.45001220703125
2010-07-20,269.5
2010-07-21,237.16000366210938
2010-07-22,269.5
2010-07-23,280.2799987792969
2010-07-26,350.3500061035156
2010-07-27,350.3500061035156
2010-07-28,350.3500061035156
2010-07-29,323.3999938964844
2010-07-30,339.57000732421875
2010-08-02,339.57000732421875
2010-08-03,350.3500061035156
2010-08-04,366.5199890136719
2010-08-05,350.3500061035156
2010-08-06,404.25
2010-08-09,388.0799865722656
2010-08-10,377.29998779296875
2010-08-11,377.29998779296875
2010-08-12,361.1300048828125
2010-08-13,361.1300048828125
2010-08-16,361.1300048828125
2010-08-17,361.1300048828125
2010-08-18,361.1300048828125
2010-08-19,344.9599914550781
2010-08-20,334.17999267578125
2010-08-23,334.17999267578125
2010-08-24,334.17999267578125
2010-08-25,334.17999267578125
2010-08-26,334.17999267578125
2010-08-27,328.7900085449219
2010-08-30,328.7900085449219
2010-08-31,323.3999938964844
2010-09-01,334.17999267578125
2010-09-02,323.3999938964844
2010-09-03,323.3999938964844
2010-09-07,301.8399963378906
2010-09-08,301.8399963378906
2010-09-09,323.3999938964844
2010-09-10,350.3500061035156
2010-09-13,339.57000732421875
2010-09-14,339.57000732421875
2010-09-15,344.9599914550781
2010-09-16,377.29998779296875
2010-09-17,377.29998779296875
2010-09-20,393.4700012207031
2010-09-21,382.69000244140625
2010-09-22,382.69000244140625
2010-09-23,393.4700012207031
2010-09-24,431.20001220703125
2010-09-27,431.20001220703125
2010-09-28,431.20001220703125
2010-09-29,415.0299987792969
2010-09-30,485.1000061035156
2010-10-01,431.20001220703125
2010-10-04,501.2699890136719
2010-10-05,485.1000061035156
2010-10-06,479.7099914550781
2010-10-07,458.1499938964844
2010-10-08,463.5400085449219
2010-10-11,431.20001220703125
2010-10-12,485.1000061035156
2010-10-13,468.92999267578125
2010-10-14,468.92999267578125
2010-10-15,485.1000061035156
2010-10-18,506.6600036621094
2010-10-19,485.1000061035156
2010-10-20,485.1000061035156
2010-10-21,485.1000061035156
2010-10-22,506.6600036621094
2010-10-25,431.20001220703125
2010-10-26,458.1499938964844
2010-10-27,458.1499938964844
2010-10-28,495.8800048828125
2010-10-29,528.219970703125
2010-11-01,485.1000061035156
2010-11-02,512.0499877929688
2010-11-03,485.1000061035156
2010-11-04,512.0499877929688
2010-11-05,485.1000061035156
2010-11-08,485.1000061035156
2010-11-09,436.5899963378906
2010-11-10,458.1499938964844
2010-11-11,458.1499938964844
2010-11-12,522.8300170898438
2010-11-15,474.32000732421875
2010-11-16,479.7099914550781
2010-11-17,463.5400085449219
2010-11-18,485.1000061035156
2010-11-19,468.92999267578125
2010-11-22,474.32000732421875
2010-11-23,485.1000061035156
2010-11-24,485.1000061035156
2010-11-26,485.1000061035156
2010-11-29,490.489990234375
2010-11-30,485.1000061035156
2010-12-01,447.3699951171875
2010-12-02,431.20001220703125
2010-12-03,431.20001220703125
2010-12-06,436.5899963378906
2010-12-07,436.5899963378906
2010-12-08,479.7099914550781
2010-12-09,474.32000732421875
2010-12-10,463.5400085449219
2010-12-13,485.1000061035156
2010-12-14,458.1499938964844
2010-12-15,452.760009765625
2010-12-16,463.5400085449219
2010-12-17,404.25
2010-12-20,560.5599975585938
2010-12-21,560.5599975585938
2010-12-22,549.780029296875
2010-12-23,512.0499877929688
2010-12-27,512.0499877929688
2010-12-28,463.5400085449219
2010-12-29,463.5400085449219
2010-12-30,458.1499938964844
2010-12-31,479.7099914550781
2011-01-03,458.1499938964844
2011-01-04,458.1499938964844
2011-01-05,458.1499938964844
2011-01-06,458.1499938964844
2011-01-07,463.5400085449219
2011-01-10,485.1000061035156
2011-01-11,431.20001220703125
2011-01-12,431.20001220703125
2011-01-13,431.20001220703125
2011-01-14,425.80999755859375
2011-01-18,458.1499938964844
2011-01-19,458.1499938964844
2011-01-20,425.80999755859375
2011-01-21,425.80999755859375
2011-01-24,468.92999267578125
2011-01-25,582.1199951171875
2011-01-26,743.8200073242188
2011-01-27,716.8699951171875
2011-01-28,743.8200073242188
2011-01-31,738.4299926757812
2011-02-01,781.5499877929688
2011-02-02,808.5
2011-02-03,770.77001953125
2011-02-04,749.2100219726562
2011-02-07,700.7000122070312
2011-02-08,673.75
2011-02-09,657.5800170898438
2011-02-10,630.6300048828125
2011-02-11,657.5800170898438
2011-02-14,689.9199829101562
2011-02-15,733.0399780273438
2011-02-16,700.7000122070312
2011-02-17,722.260009765625
2011-02-18,722.260009765625
2011-02-22,695.3099975585938
2011-02-23,662.969970703125
2011-02-24,652.1900024414062
2011-02-25,689.9199829101562
2011-02-28,673.75
2011-03-01,662.969970703125
2011-03-02,673.75
2011-03-03,657.5800170898438
2011-03-04,673.75
2011-03-07,657.5800170898438
2011-03-08,673.75
2011-03-09,662.969970703125
2011-03-10,657.5800170898438
2011-03-11,662.969970703125
2011-03-14,657.5800170898438
2011-03-15,673.75
2011-03-16,646.7999877929688
2011-03-17,641.4099731445312
2011-03-18,652.1900024414062
2011-03-21,641.4099731445312
2011-03-22,641.4099731445312
2011-03-23,668.3599853515625
2011-03-24,657.5800170898438
2011-03-25,657.5800170898438
2011-03-28,652.1900024414062
2011-03-29,636.02001953125
2011-03-30,630.6300048828125
2011-03-31,636.02001953125
2011-04-01,630.6300048828125
2011-04-04,636.02001953125
2011-04-05,630.6300048828125
2011-04-06,614.4600219726562
2011-04-07,614.4600219726562
2011-04-08,614.4600219726562
2011-04-11,609.0700073242188
2011-04-12,587.510009765625
2011-04-13,582.1199951171875
2011-04-14,560.5599975585938
2011-04-15,576.72998046875
2011-04-18,555.1699829101562
2011-04-19,560.5599975585938
2011-04-20,565.9500122070312
2011-04-21,587.510009765625
2011-04-25,576.72998046875
2011-04-26,555.1699829101562
2011-04-27,576.72998046875
2011-04-28,592.9000244140625
2011-04-29,587.510009765625
2011-05-02,587.510009765625
2011-05-03,592.9000244140625
2011-05-04,565.9500122070312
2011-05-05,619.8499755859375
2011-05-06,576.72998046875
2011-05-09,598.2899780273438
2011-05-10,619.8499755859375
2011-05-11,587.510009765625
2011-05-12,549.780029296875
2011-05-13,565.9500122070312
2011-05-16,549.780029296875
2011-05-17,576.72998046875
2011-05-18,565.9500122070312
2011-05-19,555.1699829101562
2011-05-20,565.9500122070312
2011-05-23,549.780029296875
2011-05-24,549.780029296875
2011-05-25,539.0
2011-05-26,544.3900146484375
2011-05-27,571.3400268554688
2011-05-31,592.9000244140625
2011-06-01,565.9500122070312
2011-06-02,592.9000244140625
2011-06-03,565.9500122070312
2011-06-06,592.9000244140625
2011-06-07,565.9500122070312
2011-06-08,576.72998046875
2011-06-09,544.3900146484375
2011-06-10,565.9500122070312
2011-06-13,544.3900146484375
2011-06-14,560.5599975585938
2011-06-15,555.1699829101562
2011-06-16,533.6099853515625
2011-06-17,539.0
2011-06-20,555.1699829101562
2011-06-21,549.780029296875
2011-06-22,528.219970703125
2011-06-23,539.0
2011-06-24,544.3900146484375
2011-06-27,539.0
2011-06-28,533.6099853515625
2011-06-29,517.4400024414062
2011-06-30,528.219970703125
2011-07-01,522.8300170898438
2011-07-05,539.0
2011-07-06,544.3900146484375
2011-07-07,539.0
2011-07-08,506.6600036621094
2011-07-11,533.6099853515625
2011-07-12,539.0
2011-07-13,544.3900146484375
2011-07-14,522.8300170898438
2011-07-15,501.2699890136719
2011-07-18,533.6099853515625
2011-07-19,522.8300170898438
2011-07-20,539.0
2011-07-21,539.0
2011-07-22,539.0
2011-07-25,539.0
2011-07-26,517.4400024414062
2011-07-27,539.0
2011-07-28,533.6099853515625
2011-07-29,533.6099853515625
2011-08-01,528.219970703125
2011-08-02,485.1000061035156
2011-08-03,512.0499877929688
2011-08-04,458.1499938964844
2011-08-05,458.1499938964844
2011-08-08,436.5899963378906
2011-08-09,485.1000061035156
2011-08-10,485.1000061035156
2011-08-11,485.1000061035156
2011-08-12,490.489990234375
2011-08-15,517.4400024414062
2011-08-16,517.4400024414062
2011-08-17,506.6600036621094
2011-08-18,506.6600036621094
2011-08-19,517.4400024414062
2011-08-22,485.1000061035156
2011-08-23,501.2699890136719
2011-08-24,485.1000061035156
2011-08-25,495.8800048828125
2011-08-26,522.8300170898438
2011-08-29,522.8300170898438
2011-08-30,517.4400024414062
2011-08-31,512.0499877929688
2011-09-01,485.1000061035156
2011-09-02,495.8800048828125
2011-09-06,517.4400024414062
2011-09-07,512.0499877929688
2011-09-08,485.1000061035156
2011-09-09,506.6600036621094
2011-09-12,501.2699890136719
2011-09-13,501.2699890136719
2011-09-14,501.2699890136719
2011-09-15,485.1000061035156
2011-09-16,495.8800048828125
2011-09-19,506.6600036621094
2011-09-20,506.6600036621094
2011-09-21,474.32000732421875
2011-09-22,501.2699890136719
2011-09-23,479.7099914550781
2011-09-26,431.20001220703125
2011-09-27,463.5400085449219
2011-09-28,458.1499938964844
2011-09-29,485.1000061035156
2011-09-30,458.1499938964844
2011-10-03,441.9800109863281
2011-10-04,441.9800109863281
2011-10-05,463.5400085449219
2011-10-06,485.1000061035156
2011-10-07,485.1000061035156
2011-10-10,485.1000061035156
2011-10-11,463.5400085449219
2011-10-12,479.7099914550781
2011-10-13,474.32000732421875
2011-10-14,463.5400085449219
2011-10-17,458.1499938964844
2011-10-18,474.32000732421875
2011-10-19,468.92999267578125
2011-10-20,474.32000732421875
2011-10-21,474.32000732421875
2011-10-24,485.1000061035156
2011-10-25,474.32000732421875
2011-10-26,485.1000061035156
2011-10-27,479.7099914550781
2011-10-28,485.1000061035156
2011-10-31,506.6600036621094
2011-11-01,501.2699890136719
2011-11-02,506.6600036621094
2011-11-03,506.6600036621094
2011-11-04,501.2699890136719
2011-11-07,495.8800048828125
2011-11-08,485.1000061035156
2011-11-09,501.2699890136719
2011-11-10,485.1000061035156
2011-11-11,495.8800048828125
2011-11-14,485.1000061035156
2011-11-15,485.1000061035156
2011-11-16,501.2699890136719
2011-11-17,490.489990234375
2011-11-18,490.489990234375
2011-11-21,495.8800048828125
2011-11-22,495.8800048828125
2011-11-23,646.7999877929688
2011-11-25,619.8499755859375
2011-11-28,630.6300048828125
2011-11-29,603.6799926757812
2011-11-30,592.9000244140625
2011-12-01,619.8499755859375
2011-12-02,609.0700073242188
2011-12-05,603.6799926757812
2011-12-06,619.8499755859375
2011-12-07,582.1199951171875
2011-12-08,528.219970703125
2011-12-09,549.780029296875
2011-12-12,539.0
2011-12-13,539.0
2011-12-14,539.0
2011-12-15,539.0
2011-12-16,506.6600036621094
2011-12-19,539.0
2011-12-20,533.6099853515625
2011-12-21,539.0
2011-12-22,565.9500122070312
2011-12-23,582.1199951171875
2011-12-27,576.72998046875
2011-12-28,571.3400268554688
2011-12-29,646.7999877929688
2011-12-30,641.4099731445312
2012-01-03,646.7999877929688
2012-01-04,636.02001953125
2012-01-05,636.02001953125
2012-01-06,641.4099731445312
2012-01-09,636.02001953125
2012-01-10,641.4099731445312
2012-01-11,630.6300048828125
2012-01-12,641.4099731445312
2012-01-13,641.4099731445312
2012-01-17,641.4099731445312
2012-01-18,636.02001953125
2012-01-19,641.4099731445312
2012-01-20,668.3599853515625
2012-01-23,738.4299926757812
2012-01-24,700.7000122070312
2012-01-25,711.47998046875
2012-01-26,695.3099975585938
2012-01-27,533.6099853515625
2012-01-30,512.0499877929688
2012-01-31,495.8800048828125
2012-02-01,490.489990234375
2012-02-02,485.1000061035156
2012-02-03,522.8300170898438
2012-02-06,533.6099853515625
2012-02-07,539.0
2012-02-08,544.3900146484375
2012-02-09,517.4400024414062
2012-02-10,512.0499877929688
2012-02-13,490.489990234375
2012-02-14,474.32000732421875
2012-02-15,474.32000732421875
2012-02-16,495.8800048828125
2012-02-17,528.219970703125
2012-02-21,495.8800048828125
2012-02-22,452.760009765625
2012-02-23,490.489990234375
2012-02-24,490.489990234375
2012-02-27,485.1000061035156
2012-02-28,490.489990234375
2012-02-29,522.8300170898438
2012-03-01,517.4400024414062
2012-03-02,506.6600036621094
2012-03-05,528.219970703125
2012-03-06,415.0299987792969
2012-03-07,420.4200134277344
2012-03-08,415.0299987792969
2012-03-09,404.25
2012-03-12,415.0299987792969
2012-03-13,404.25
2012-03-14,409.6400146484375
2012-03-15,404.25
2012-03-16,420.4200134277344
2012-03-19,431.20001220703125
2012-03-20,420.4200134277344
2012-03-21,425.80999755859375
2012-03-22,420.4200134277344
2012-03-23,409.6400146484375
2012-03-26,425.80999755859375
2012-03-27,420.4200134277344
2012-03-28,409.6400146484375
2012-03-29,409.6400146484375
2012-03-30,415.0299987792969
2012-04-02,415.0299987792969
2012-04-03,409.6400146484375
2012-04-04,409.6400146484375
2012-04-05,415.0299987792969
2012-04-09,415.0299987792969
2012-04-10,415.0299987792969
2012-04-11,420.4200134277344
2012-04-12,468.92999267578125
2012-04-13,436.5899963378906
2012-04-16,431.20001220703125
2012-04-17,431.20001220703125
2012-04-18,452.760009765625
2012-04-19,436.5899963378906
2012-04-20,436.5899963378906
2012-04-23,447.3699951171875
2012-04-24,431.20001220703125
2012-04-25,436.5899963378906
2012-04-26,468.92999267578125
2012-04-27,458.1499938964844
2012-04-30,463.5400085449219
2012-05-01,479.7099914550781
2012-05-02,485.1000061035156
2012-05-03,479.7099914550781
2012-05-04,485.1000061035156
2012-05-07,490.489990234375
2012-05-08,479.7099914550781
2012-05-09,474.32000732421875
2012-05-10,468.92999267578125
2012-05-11,479.7099914550781
2012-05-14,458.1499938964844
2012-05-15,425.80999755859375
2012-05-16,431.20001220703125
2012-05-17,415.0299987792969
2012-05-18,393.4700012207031
2012-05-21,398.8599853515625
2012-05-22,393.4700012207031
2012-05-23,415.0299987792969
2012-05-24,398.8599853515625
2012-05-25,398.8599853515625
2012-05-29,409.6400146484375
2012-05-30,393.4700012207031
2012-05-31,404.25
2012-06-01,404.25
2012-06-04,398.8599853515625
2012-06-05,404.25
2012-06-06,377.29998779296875
2012-06-07,393.4700012207031
2012-06-08,393.4700012207031
2012-06-11,393.4700012207031
2012-06-12,382.69000244140625
2012-06-13,366.5199890136719
2012-06-14,366.5199890136719
2012-06-15,371.9100036621094
2012-06-18,371.9100036621094
2012-06-19,441.9800109863281
2012-06-20,447.3699951171875
2012-06-21,447.3699951171875
2012-06-22,441.9800109863281
2012-06-25,420.4200134277344
2012-06-26,409.6400146484375
2012-06-27,398.8599853515625
2012-06-28,404.25
2012-06-29,404.25
2012-07-02,398.8599853515625
2012-07-03,404.25
2012-07-05,409.6400146484375
2012-07-06,409.6400146484375
2012-07-09,409.6400146484375
2012-07-10,431.20001220703125
2012-07-11,409.6400146484375
2012-07-12,409.6400146484375
2012-07-13,409.6400146484375
2012-07-16,420.4200134277344
2012-07-17,441.9800109863281
2012-07-18,436.5899963378906
2012-07-19,447.3699951171875
2012-07-20,458.1499938964844
2012-07-23,485.1000061035156
2012-07-24,463.5400085449219
2012-07-25,458.1499938964844
2012-07-26,468.92999267578125
2012-07-27,485.1000061035156
2012-07-30,474.32000732421875
2012-07-31,495.8800048828125
2012-08-01,501.2699890136719
2012-08-02,490.489990234375
2012-08-03,474.32000732421875
2012-08-06,468.92999267578125
2012-08-07,474.32000732421875
2012-08-08,468.92999267578125
2012-08-09,468.92999267578125
2012-08-10,474.32000732421875
2012-08-13,468.92999267578125
2012-08-14,447.3699951171875
2012-08-15,441.9800109863281
2012-08-16,436.5899963378906
2012-08-17,415.0299987792969
2012-08-20,436.5899963378906
2012-08-21,409.6400146484375
2012-08-22,420.4200134277344
2012-08-23,431.20001220703125
2012-08-24,431.20001220703125
2012-08-27,452.760009765625
2012-08-28,458.1499938964844
2012-08-29,441.9800109863281
2012-08-30,458.1499938964844
2012-08-31,447.3699951171875
2012-09-04,441.9800109863281
2012-09-05,431.20001220703125
2012-09-06,431.20001220703125
2012-09-07,425.80999755859375
2012-09-10,415.0299987792969
2012-09-11,425.80999755859375
2012-09-12,409.6400146484375
2012-09-13,404.25
2012-09-14,404.25
2012-09-17,404.25
2012-09-18,398.8599853515625
2012-09-19,388.0799865722656
2012-09-20,393.4700012207031
2012-09-21,393.4700012207031
2012-09-24,393.4700012207031
2012-09-25,377.29998779296875
2012-09-26,393.4700012207031
2012-09-27,398.8599853515625
2012-09-28,398.8599853515625
2012-10-01,393.4700012207031
2012-10-02,393.4700012207031
2012-10-03,398.8599853515625
2012-10-04,377.29998779296875
2012-10-05,404.25
2012-10-08,420.4200134277344
2012-10-09,420.4200134277344
2012-10-10,431.20001220703125
2012-10-11,462.7699890136719
2012-10-12,473.54998779296875
2012-10-15,454.29998779296875
2012-10-16,462.0
2012-10-17,465.8500061035156
2012-10-18,469.70001220703125
2012-10-19,482.0199890136719
2012-10-22,485.1000061035156
2012-10-23,503.5799865722656
2012-10-24,511.2799987792969
2012-10-25,531.2999877929688
2012-10-26,527.4500122070312
2012-10-31,518.97998046875
2012-11-01,504.3500061035156
2012-11-02,500.5
2012-11-05,501.2699890136719
2012-11-06,501.2699890136719
2012-11-07,508.20001220703125
2012-11-08,500.5
2012-11-09,500.5
2012-11-12,500.5
2012-11-13,493.57000732421875
2012-11-14,500.5
2012-11-15,475.0899963378906
2012-11-16,455.07000732421875
2012-11-19,461.2300109863281
2012-11-20,461.2300109863281
2012-11-21,462.0
2012-11-23,464.30999755859375
2012-11-26,437.3599853515625
2012-11-27,465.0799865722656
2012-11-28,447.3699951171875
2012-11-29,475.8599853515625
2012-11-30,468.1600036621094
2012-12-03,469.70001220703125
2012-12-04,462.0
2012-12-05,469.70001220703125
2012-12-06,474.32000732421875
2012-12-07,466.6199951171875
2012-12-10,462.0
2012-12-11,464.30999755859375
2012-12-12,462.0
2012-12-13,462.0
2012-12-14,374.989990234375
2012-12-17,376.5299987792969
2012-12-18,381.1499938964844
2012-12-19,385.7699890136719
2012-12-20,381.1499938964844
2012-12-21,365.75
2012-12-24,381.9200134277344
2012-12-26,377.29998779296875
2012-12-27,398.8599853515625
2012-12-28,391.1600036621094
2012-12-31,388.8500061035156
2013-01-02,395.7799987792969
2013-01-03,405.0199890136719
2013-01-04,387.30999755859375
2013-01-07,391.1600036621094
2013-01-08,387.30999755859375
2013-01-09,391.92999267578125
2013-01-10,382.69000244140625
2013-01-11,391.1600036621094
2013-01-14,385.0
2013-01-15,378.07000732421875
2013-01-16,385.0
2013-01-17,385.0
2013-01-18,383.4599914550781
2013-01-22,388.8500061035156
2013-01-23,382.69000244140625
2013-01-24,382.69000244140625
2013-01-25,382.69000244140625
2013-01-28,384.2300109863281
2013-01-29,385.0
2013-01-30,381.1499938964844
2013-01-31,385.0
2013-02-01,388.8500061035156
2013-02-04,383.4599914550781
2013-02-05,384.2300109863281
2013-02-06,385.0
2013-02-07,387.30999755859375
2013-02-08,372.67999267578125
2013-02-11,379.6099853515625
2013-02-12,372.67999267578125
2013-02-13,376.5299987792969
2013-02-14,364.9800109863281
2013-02-15,366.5199890136719
2013-02-19,370.3699951171875
2013-02-20,358.82000732421875
2013-02-21,358.04998779296875
2013-02-22,350.3500061035156
2013-02-25,351.8900146484375
2013-02-26,346.5
2013-02-27,329.55999755859375
2013-02-28,326.4800109863281
2013-03-01,338.79998779296875
2013-03-04,323.3999938964844
2013-03-05,331.8699951171875
2013-03-06,358.04998779296875
2013-03-07,358.04998779296875
2013-03-08,357.2799987792969
2013-03-11,354.9700012207031
2013-03-12,361.1300048828125
2013-03-13,355.739990234375
2013-03-14,344.19000244140625
2013-03-15,338.0299987792969
2013-03-18,327.25
2013-03-19,327.25
2013-03-20,325.7099914550781
2013-03-21,324.94000244140625
2013-03-22,360.3599853515625
2013-03-25,381.1499938964844
2013-03-26,373.45001220703125
2013-03-27,377.29998779296875
2013-03-28,386.5400085449219
2013-04-01,378.07000732421875
2013-04-02,378.07000732421875
2013-04-03,363.44000244140625
2013-04-04,364.9800109863281
2013-04-05,389.6199951171875
2013-04-08,385.7699890136719
2013-04-09,384.2300109863281
2013-04-10,385.0
2013-04-11,385.7699890136719
2013-04-12,385.0
2013-04-15,380.3800048828125
2013-04-16,385.7699890136719
2013-04-17,373.45001220703125
2013-04-18,375.760009765625
2013-04-19,371.1400146484375
2013-04-22,385.0
2013-04-23,390.3900146484375
2013-04-24,388.8500061035156
2013-04-25,378.8399963378906
2013-04-26,381.9200134277344
2013-04-29,385.0
2013-04-30,383.4599914550781
2013-05-01,378.07000732421875
2013-05-02,383.4599914550781
2013-05-03,390.3900146484375
2013-05-06,383.4599914550781
2013-05-07,384.2300109863281
2013-05-08,383.4599914550781
2013-05-09,381.9200134277344
2013-05-10,381.9200134277344
2013-05-13,373.45001220703125
2013-05-14,383.4599914550781
2013-05-15,382.69000244140625
2013-05-16,381.1499938964844
2013-05-17,384.2300109863281
2013-05-20,381.1499938964844
2013-05-21,377.29998779296875
2013-05-22,374.989990234375
2013-05-23,380.3800048828125
2013-05-24,384.2300109863281
2013-05-28,383.4599914550781
2013-05-29,383.4599914550781
2013-05-30,388.0799865722656
2013-05-31,386.5400085449219
2013-06-03,387.30999755859375
2013-06-04,383.4599914550781
2013-06-05,378.8399963378906
2013-06-06,376.5299987792969
2013-06-07,372.67999267578125
2013-06-10,368.05999755859375
2013-06-11,361.1300048828125
2013-06-12,367.2900085449219
2013-06-13,368.8299865722656
2013-06-14,364.2099914550781
2013-06-17,358.04998779296875
2013-06-18,351.8900146484375
2013-06-19,352.6600036621094
2013-06-20,354.20001220703125
2013-06-21,365.75
2013-06-24,348.0400085449219
2013-06-25,347.2699890136719
2013-06-26,358.04998779296875
2013-06-27,351.1199951171875
2013-06-28,338.79998779296875
2013-07-01,357.2799987792969
2013-07-02,351.1199951171875
2013-07-03,355.739990234375
2013-07-05,356.510009765625
2013-07-08,363.44000244140625
2013-07-09,365.75
2013-07-10,368.8299865722656
2013-07-11,369.6000061035156
2013-07-12,369.6000061035156
2013-07-15,371.9100036621094
2013-07-16,376.5299987792969
2013-07-17,381.9200134277344
2013-07-18,381.9200134277344
2013-07-19,381.1499938964844
2013-07-22,381.9200134277344
2013-07-23,382.69000244140625
2013-07-24,381.1499938964844
2013-07-25,397.32000732421875
2013-07-26,416.57000732421875
2013-07-29,467.3900146484375
2013-07-30,492.0299987792969
2013-07-31,500.5
2013-08-01,468.92999267578125
2013-08-02,443.5199890136719
2013-08-05,465.0799865722656
2013-08-06,465.0799865722656
2013-08-07,463.5400085449219
2013-08-08,452.760009765625
2013-08-09,440.44000244140625
2013-08-12,454.29998779296875
2013-08-13,439.6700134277344
2013-08-14,455.8399963378906
2013-08-15,445.05999755859375
2013-08-16,451.2200012207031
2013-08-19,433.510009765625
2013-08-20,451.2200012207031
2013-08-21,458.1499938964844
2013-08-22,462.0
2013-08-23,480.4800109863281
2013-08-26,462.0
2013-08-27,460.4599914550781
2013-08-28,454.29998779296875
2013-08-29,454.29998779296875
2013-08-30,464.30999755859375
2013-09-03,476.6300048828125
2013-09-04,484.3299865722656
2013-09-05,481.25
2013-09-06,497.4200134277344
2013-09-09,485.8699951171875
2013-09-10,482.0199890136719
2013-09-11,481.25
2013-09-12,479.7099914550781
2013-09-13,472.010009765625
2013-09-16,461.2300109863281
2013-09-17,468.1600036621094
2013-09-18,462.0
2013-09-19,462.7699890136719
2013-09-20,461.2300109863281
2013-09-23,465.8500061035156
2013-09-24,464.30999755859375
2013-09-25,469.70001220703125
2013-09-26,462.7699890136719
2013-09-27,459.69000244140625
2013-09-30,429.6600036621094
2013-10-01,433.510009765625
2013-10-02,434.2799987792969
2013-10-03,418.8800048828125
2013-10-04,403.4800109863281
2013-10-07,382.69000244140625
2013-10-08,375.760009765625
2013-10-09,317.239990234375
2013-10-10,326.4800109863281
2013-10-11,361.1300048828125
2013-10-14,370.3699951171875
2013-10-15,385.0
2013-10-16,393.4700012207031
2013-10-17,393.4700012207031
2013-10-18,391.1600036621094
2013-10-21,382.69000244140625
2013-10-22,381.1499938964844
2013-10-23,384.2300109863281
2013-10-24,404.25
2013-10-25,392.70001220703125
2013-10-28,392.70001220703125
2013-10-29,392.70001220703125
2013-10-30,387.30999755859375
2013-10-31,390.3900146484375
2013-11-01,389.6199951171875
2013-11-04,385.7699890136719
2013-11-05,388.0799865722656
2013-11-06,398.0899963378906
2013-11-07,397.32000732421875
2013-11-08,398.0899963378906
2013-11-11,391.92999267578125
2013-11-12,399.6300048828125
2013-11-13,385.7699890136719
2013-11-14,390.3900146484375
2013-11-15,388.0799865722656
2013-11-18,386.5400085449219
2013-11-19,385.7699890136719
2013-11-20,376.5299987792969
2013-11-21,384.2300109863281
2013-11-22,378.8399963378906
2013-11-25,375.760009765625
2013-11-26,368.8299865722656
2013-11-27,353.42999267578125
2013-11-29,341.1099853515625
2013-12-02,341.8800048828125
2013-12-03,339.57000732421875
2013-12-04,338.79998779296875
2013-12-05,335.7200012207031
2013-12-06,334.95001220703125
2013-12-09,326.4800109863281
2013-12-10,322.6300048828125
2013-12-11,314.1600036621094
2013-12-12,328.0199890136719
2013-12-13,326.4800109863281
2013-12-16,327.25
2013-12-17,327.25
2013-12-18,320.32000732421875
2013-12-19,313.3900146484375
2013-12-20,324.1700134277344
2013-12-23,334.17999267578125
2013-12-24,348.80999755859375
2013-12-26,340.3399963378906
2013-12-27,338.79998779296875
2013-12-30,331.8699951171875
2013-12-31,328.0199890136719
2014-01-02,331.1000061035156
2014-01-03,331.8699951171875
2014-01-06,331.1000061035156
2014-01-07,335.7200012207031
2014-01-08,338.0299987792969
2014-01-09,340.3399963378906
2014-01-10,380.3800048828125
2014-01-13,393.4700012207031
2014-01-14,386.5400085449219
2014-01-15,374.989990234375
2014-01-16,377.29998779296875
2014-01-17,380.3800048828125
2014-01-21,388.0799865722656
2014-01-22,391.1600036621094
2014-01-23,388.0799865722656
2014-01-24,374.989990234375
2014-01-27,362.6700134277344
2014-01-28,366.5199890136719
2014-01-29,368.05999755859375
2014-01-30,367.2900085449219
2014-01-31,361.8999938964844
2014-02-03,344.19000244140625
2014-02-04,345.7300109863281
2014-02-05,341.1099853515625
2014-02-06,328.0199890136719
2014-02-07,342.6499938964844
2014-02-10,342.6499938964844
2014-02-11,344.9599914550781
2014-02-12,344.19000244140625
2014-02-13,344.19000244140625
2014-02-14,354.20001220703125
2014-02-18,360.3599853515625
2014-02-19,358.82000732421875
2014-02-20,357.2799987792969
2014-02-21,360.3599853515625
2014-02-24,359.5899963378906
2014-02-25,361.8999938964844
2014-02-26,364.2099914550781
2014-02-27,358.82000732421875
2014-02-28,357.2799987792969
2014-03-03,351.1199951171875
2014-03-04,352.6600036621094
2014-03-05,347.2699890136719
2014-03-06,371.1400146484375
2014-03-07,373.45001220703125
2014-03-10,358.82000732421875
2014-03-11,362.6700134277344
2014-03-12,368.05999755859375
2014-03-13,371.9100036621094
2014-03-14,383.4599914550781
2014-03-17,393.4700012207031
2014-03-18,393.4700012207031
2014-03-19,380.3800048828125
2014-03-20,372.67999267578125
2014-03-21,377.29998779296875
2014-03-24,374.989990234375
2014-03-25,371.9100036621094
2014-03-26,369.6000061035156
2014-03-27,372.67999267578125
2014-03-28,365.75
2014-03-31,365.75
2014-04-01,365.75
2014-04-02,366.5199890136719
2014-04-03,349.5799865722656
2014-04-04,331.8699951171875
2014-04-07,338.79998779296875
2014-04-08,358.04998779296875
2014-04-09,358.82000732421875
2014-04-10,351.8900146484375
2014-04-11,331.8699951171875
2014-04-14,325.7099914550781
2014-04-15,327.25
2014-04-16,351.8900146484375
2014-04-17,341.8800048828125
2014-04-21,345.7300109863281
2014-04-22,345.7300109863281
2014-04-23,345.7300109863281
2014-04-24,339.57000732421875
2014-04-25,329.55999755859375
2014-04-28,329.55999755859375
2014-04-29,328.0199890136719
2014-04-30,324.1700134277344
2014-05-01,324.94000244140625
2014-05-02,318.010009765625
2014-05-05,322.6300048828125
2014-05-06,318.7799987792969
2014-05-07,320.32000732421875
2014-05-08,317.239990234375
2014-05-09,321.8599853515625
2014-05-12,323.3999938964844
2014-05-13,321.0899963378906
2014-05-14,317.239990234375
2014-05-15,316.4700012207031
2014-05-16,315.70001220703125
2014-05-19,316.4700012207031
2014-05-20,301.07000732421875
2014-05-21,292.6000061035156
2014-05-22,297.989990234375
2014-05-23,299.5299987792969
2014-05-27,304.9200134277344
2014-05-28,300.29998779296875
2014-05-29,303.3800048828125
2014-05-30,300.29998779296875
2014-06-02,304.9200134277344
2014-06-03,304.1499938964844
2014-06-04,294.9100036621094
2014-06-05,291.05999755859375
2014-06-06,286.44000244140625
2014-06-09,301.07000732421875
2014-06-10,291.05999755859375
2014-06-11,293.3699951171875
2014-06-12,303.3800048828125
2014-06-13,299.5299987792969
2014-06-16,299.5299987792969
2014-06-17,306.4599914550781
2014-06-18,297.989990234375
2014-06-19,291.8299865722656
2014-06-20,290.2900085449219
2014-06-23,291.8299865722656
2014-06-24,297.989990234375
2014-06-25,293.3699951171875
2014-06-26,305.69000244140625
2014-06-27,308.0
2014-06-30,305.69000244140625
2014-07-01,310.30999755859375
2014-07-02,302.6099853515625
2014-07-03,305.69000244140625
2014-07-07,304.1499938964844
2014-07-08,297.2200012207031
2014-07-09,292.6000061035156
2014-07-10,277.9700012207031
2014-07-11,265.6499938964844
2014-07-14,268.7300109863281
2014-07-15,265.6499938964844
2014-07-16,257.95001220703125
2014-07-17,253.3300018310547
2014-07-18,254.10000610351562
2014-07-21,272.5799865722656
2014-07-22,278.739990234375
2014-07-23,285.6700134277344
2014-07-24,295.67999267578125
2014-07-25,287.2099914550781
2014-07-28,288.75
2014-07-29,304.9200134277344
2014-07-30,300.29998779296875
2014-07-31,302.6099853515625
2014-08-01,290.2900085449219
2014-08-04,297.989990234375
2014-08-05,301.07000732421875
2014-08-06,299.5299987792969
2014-08-07,285.6700134277344
2014-08-08,281.04998779296875
2014-08-11,281.82000732421875
2014-08-12,275.6600036621094
2014-08-13,266.4200134277344
2014-08-14,278.739990234375
2014-08-15,257.95001220703125
2014-08-18,254.10000610351562
2014-08-19,234.85000610351562
2014-08-20,235.6199951171875
2014-08-21,241.77999877929688
2014-08-22,247.94000244140625
2014-08-25,264.8800048828125
2014-08-26,261.79998779296875
2014-08-27,261.0299987792969
2014-08-28,261.79998779296875
2014-08-29,261.79998779296875
2014-09-02,261.0299987792969
2014-09-03,258.7200012207031
2014-09-04,258.7200012207031
2014-09-05,254.8699951171875
2014-09-08,259.489990234375
2014-09-09,263.3399963378906
2014-09-10,257.17999267578125
2014-09-11,251.7899932861328
2014-09-12,257.95001220703125
2014-09-15,271.80999755859375
2014-09-16,264.8800048828125
2014-09-17,268.7300109863281
2014-09-18,258.7200012207031
2014-09-19,246.39999389648438
2014-09-22,256.4100036621094
2014-09-23,254.10000610351562
2014-09-24,257.17999267578125
2014-09-25,261.79998779296875
2014-09-26,261.0299987792969
2014-09-29,270.2699890136719
2014-09-30,271.0400085449219
2014-10-01,269.5
2014-10-02,284.1300048828125
2014-10-03,273.3500061035156
2014-10-06,269.5
2014-10-07,251.7899932861328
2014-10-08,243.32000732421875
2014-10-09,236.38999938964844
2014-10-10,227.14999389648438
2014-10-13,232.5399932861328
2014-10-14,237.16000366210938
2014-10-15,234.0800018310547
2014-10-16,243.32000732421875
2014-10-17,236.38999938964844
2014-10-20,230.22999572753906
2014-10-21,238.6999969482422
2014-10-22,238.6999969482422
2014-10-23,231.77000427246094
2014-10-24,232.5399932861328
2014-10-27,232.5399932861328
2014-10-28,227.14999389648438
2014-10-29,224.07000732421875
2014-10-30,227.9199981689453
2014-10-31,224.07000732421875
2014-11-03,224.83999633789062
2014-11-04,224.07000732421875
2014-11-05,223.3000030517578
2014-11-06,227.14999389648438
2014-11-07,228.69000244140625
2014-11-10,223.3000030517578
2014-11-11,214.05999755859375
2014-11-12,203.27999877929688
2014-11-13,208.6699981689453
2014-11-14,206.36000061035156
2014-11-17,196.35000610351562
2014-11-18,205.58999633789062
2014-11-19,203.27999877929688
2014-11-20,200.1999969482422
2014-11-21,197.88999938964844
2014-11-24,207.89999389648438
2014-11-25,204.0500030517578
2014-11-26,197.88999938964844
2014-11-28,197.88999938964844
2014-12-01,192.5
2014-12-02,184.8000030517578
2014-12-03,184.8000030517578
2014-12-04,198.66000366210938
2014-12-05,215.60000610351562
2014-12-08,234.0800018310547
2014-12-09,231.0
2014-12-10,231.0
2014-12-11,215.60000610351562
2014-12-12,219.4499969482422
2014-12-15,215.60000610351562
2014-12-16,215.60000610351562
2014-12-17,223.3000030517578
2014-12-18,224.07000732421875
2014-12-19,242.5500030517578
2014-12-22,231.77000427246094
2014-12-23,217.91000366210938
2014-12-24,220.99000549316406
2014-12-26,209.44000244140625
2014-12-29,210.97999572753906
2014-12-30,206.36000061035156
2014-12-31,217.13999938964844
2015-01-02,219.4499969482422
2015-01-05,222.52999877929688
2015-01-06,222.52999877929688
2015-01-07,229.4600067138672
2015-01-08,231.0
2015-01-09,231.77000427246094
2015-01-12,236.38999938964844
2015-01-13,227.9199981689453
2015-01-14,232.5399932861328
2015-01-15,231.0
2015-01-16,232.5399932861328
2015-01-20,231.0
2015-01-21,224.83999633789062
2015-01-22,228.69000244140625
2015-01-23,227.9199981689453
2015-01-26,224.83999633789062
2015-01-27,226.3800048828125
2015-01-28,222.52999877929688
2015-01-29,219.4499969482422
2015-01-30,219.4499969482422
2015-02-02,212.52000427246094
2015-02-03,219.4499969482422
2015-02-04,213.2899932861328
2015-02-05,219.4499969482422
2015-02-06,218.67999267578125
2015-02-09,220.22000122070312
2015-02-10,220.99000549316406
2015-02-11,228.69000244140625
2015-02-12,229.4600067138672
2015-02-13,228.69000244140625
2015-02-17,232.5399932861328
2015-02-18,232.5399932861328
2015-02-19,232.5399932861328
2015-02-20,234.0800018310547
2015-02-23,229.4600067138672
2015-02-24,231.0
2015-02-25,230.22999572753906
2015-02-26,230.22999572753906
2015-02-27,225.61000061035156
2015-03-02,226.3800048828125
2015-03-03,227.14999389648438
2015-03-04,225.61000061035156
2015-03-05,224.83999633789062
2015-03-06,231.0
2015-03-09,234.85000610351562
2015-03-10,240.24000549316406
2015-03-11,233.30999755859375
2015-03-12,239.47000122070312
2015-03-13,253.3300018310547
2015-03-16,264.8800048828125
2015-03-17,281.04998779296875
2015-03-18,285.6700134277344
2015-03-19,282.5899963378906
2015-03-20,266.4200134277344
2015-03-23,257.95001220703125
2015-03-24,251.7899932861328
2015-03-25,194.0399932861328
2015-03-26,194.0399932861328
2015-03-27,190.9600067138672
2015-03-30,190.19000244140625
2015-03-31,190.19000244140625
2015-04-01,180.17999267578125
2015-04-02,176.3300018310547
2015-04-06,176.3300018310547
2015-04-07,177.10000610351562
2015-04-08,178.63999938964844
2015-04-09,177.8699951171875
2015-04-10,191.72999572753906
2015-04-13,185.57000732421875
2015-04-14,178.63999938964844
2015-04-15,172.47999572753906
2015-04-16,171.7100067138672
2015-04-17,174.02000427246094
2015-04-20,174.02000427246094
2015-04-21,174.02000427246094
2015-04-22,174.02000427246094
2015-04-23,172.47999572753906
2015-04-24,171.7100067138672
2015-04-27,171.7100067138672
2015-04-28,167.86000061035156
2015-04-29,165.5500030517578
2015-04-30,155.5399932861328
2015-05-01,158.6199951171875
2015-05-04,154.0
2015-05-05,157.85000610351562
2015-05-06,158.6199951171875
2015-05-07,156.30999755859375
2015-05-08,153.22999572753906
2015-05-11,148.61000061035156
2015-05-12,146.3000030517578
2015-05-13,141.67999267578125
2015-05-14,137.8300018310547
2015-05-15,140.91000366210938
2015-05-18,134.75
2015-05-19,131.6699981689453
2015-05-20,26.950000762939453
2015-05-21,23.100000381469727
2015-05-22,23.8700008392334
2015-05-26,23.100000381469727
2015-05-27,23.100000381469727
2015-05-28,22.329999923706055
2015-05-29,21.559999465942383
2015-06-01,21.559999465942383
2015-06-02,22.329999923706055
2015-06-03,22.329999923706055
2015-06-04,21.559999465942383
2015-06-05,22.329999923706055
2015-06-08,21.559999465942383
2015-06-09,22.329999923706055
2015-06-10,23.8700008392334
2015-06-11,23.100000381469727
2015-06-12,21.559999465942383
2015-06-15,21.559999465942383
2015-06-16,23.8700008392334
2015-06-17,21.559999465942383
2015-06-18,20.790000915527344
2015-06-19,20.020000457763672
2015-06-22,20.790000915527344
2015-06-23,22.329999923706055
2015-06-24,22.329999923706055
2015-06-25,21.559999465942383
2015-06-26,22.329999923706055
2015-06-29,20.020000457763672
2015-06-30,21.559999465942383
2015-07-01,21.559999465942383
2015-07-02,21.559999465942383
2015-07-06,20.020000457763672
2015-07-07,20.020000457763672
2015-07-08,19.25
2015-07-09,21.559999465942383
2015-07-10,21.559999465942383
2015-07-13,24.639999389648438
2015-07-14,26.18000030517578
2015-07-15,24.639999389648438
2015-07-16,22.329999923706055
2015-07-17,22.329999923706055
2015-07-20,20.020000457763672
2015-07-21,20.790000915527344
2015-07-22,20.790000915527344
2015-07-23,24.639999389648438
2015-07-24,23.100000381469727
2015-07-27,21.559999465942383
2015-07-28,21.559999465942383
2015-07-29,21.559999465942383
2015-07-30,20.790000915527344
2015-07-31,20.790000915527344
2015-08-03,20.020000457763672
2015-08-04,19.25
2015-08-05,20.020000457763672
2015-08-06,19.25
2015-08-07,20.020000457763672
2015-08-10,20.790000915527344
2015-08-11,20.020000457763672
2015-08-12,17.709999084472656
2015-08-13,18.479999542236328
2015-08-14,18.479999542236328
2015-08-17,17.709999084472656
2015-08-18,17.709999084472656
2015-08-19,17.709999084472656
2015-08-20,18.479999542236328
2015-08-21,16.940000534057617
2015-08-24,14.630000114440918
2015-08-25,16.170000076293945
2015-08-26,16.170000076293945
2015-08-27,16.170000076293945
2015-08-28,17.709999084472656
2015-08-31,17.709999084472656
2015-09-01,19.25
2015-09-02,18.479999542236328
2015-09-03,19.25
2015-09-04,20.020000457763672
2015-09-08,20.020000457763672
2015-09-09,18.479999542236328
2015-09-10,17.709999084472656
2015-09-11,17.709999084472656
2015-09-14,16.940000534057617
2015-09-15,16.940000534057617
2015-09-16,16.170000076293945
2015-09-17,16.170000076293945
2015-09-18,15.399999618530273
2015-09-21,16.170000076293945
2015-09-22,16.940000534057617
2015-09-23,17.709999084472656
2015-09-24,16.940000534057617
2015-09-25,14.630000114440918
2015-09-28,15.399999618530273
2015-09-29,14.630000114440918
2015-09-30,14.630000114440918
2015-10-01,15.399999618530273
2015-10-02,14.630000114440918
2015-10-05,15.399999618530273
2015-10-06,16.170000076293945
2015-10-07,16.170000076293945
2015-10-08,16.170000076293945
2015-10-09,16.940000534057617
2015-10-12,16.940000534057617
2015-10-13,16.940000534057617
2015-10-14,16.170000076293945
2015-10-15,17.709999084472656
2015-10-16,16.940000534057617
2015-10-19,16.940000534057617
2015-10-20,15.399999618530273
2015-10-21,16.170000076293945
2015-10-22,16.170000076293945
2015-10-23,16.170000076293945
2015-10-26,14.630000114440918
2015-10-27,13.859999656677246
2015-10-28,13.859999656677246
2015-10-29,14.630000114440918
2015-10-30,13.859999656677246
2015-11-02,14.630000114440918
2015-11-03,14.630000114440918
2015-11-04,14.630000114440918
2015-11-05,16.170000076293945
2015-11-06,16.170000076293945
2015-11-09,15.399999618530273
2015-11-10,18.479999542236328
2015-11-11,18.479999542236328
2015-11-12,16.940000534057617
2015-11-13,16.170000076293945
2015-11-16,14.630000114440918
2015-11-17,14.630000114440918
2015-11-18,13.859999656677246
2015-11-19,14.630000114440918
2015-11-20,15.399999618530273
2015-11-23,16.940000534057617
2015-11-24,17.709999084472656
2015-11-25,18.479999542236328
2015-11-27,19.25
2015-11-30,21.559999465942383
2015-12-01,21.559999465942383
2015-12-02,20.020000457763672
2015-12-03,20.790000915527344
2015-12-04,21.559999465942383
2015-12-07,20.020000457763672
2015-12-08,19.25
2015-12-09,18.479999542236328
2015-12-10,19.25
2015-12-11,17.709999084472656
2015-12-14,16.940000534057617
2015-12-15,16.170000076293945
2015-12-16,16.940000534057617
2015-12-17,16.940000534057617
2015-12-18,16.940000534057617
2015-12-21,16.940000534057617
2015-12-22,18.479999542236328
2015-12-23,18.479999542236328
2015-12-24,17.709999084472656
2015-12-28,16.170000076293945
2015-12-29,17.709999084472656
2015-12-30,18.479999542236328
2015-12-31,17.709999084472656
2016-01-04,16.940000534057617
2016-01-05,16.940000534057617
2016-01-06,16.940000534057617
2016-01-07,16.170000076293945
2016-01-08,15.399999618530273
2016-01-11,13.859999656677246
2016-01-12,13.859999656677246
2016-01-13,12.319999694824219
2016-01-14,12.319999694824219
2016-01-15,12.319999694824219
2016-01-19,12.319999694824219
2016-01-20,12.319999694824219
2016-01-21,13.09000015258789
2016-01-22,13.859999656677246
2016-01-25,11.550000190734863
2016-01-26,13.09000015258789
2016-01-27,13.859999656677246
2016-01-28,13.859999656677246
2016-01-29,15.399999618530273
2016-02-01,13.859999656677246
2016-02-02,12.319999694824219
2016-02-03,12.319999694824219
2016-02-04,13.859999656677246
2016-02-05,12.319999694824219
2016-02-08,12.319999694824219
2016-02-09,12.319999694824219
2016-02-10,12.319999694824219
2016-02-11,12.319999694824219
2016-02-12,12.319999694824219
2016-02-16,11.550000190734863
2016-02-17,13.09000015258789
2016-02-18,13.09000015258789
2016-02-19,14.630000114440918
2016-02-22,14.630000114440918
2016-02-23,15.399999618530273
2016-02-24,14.630000114440918
2016-02-25,14.630000114440918
2016-02-26,15.399999618530273
2016-02-29,13.859999656677246
2016-03-01,14.630000114440918
2016-03-02,14.630000114440918
2016-03-03,13.859999656677246
2016-03-04,13.859999656677246
2016-03-07,13.859999656677246
2016-03-08,14.630000114440918
2016-03-09,14.630000114440918
2016-03-10,13.859999656677246
2016-03-11,13.859999656677246
2016-03-14,13.859999656677246
2016-03-15,16.170000076293945
2016-03-16,15.399999618530273
2016-03-17,16.170000076293945
2016-03-18,16.170000076293945
2016-03-21,15.399999618530273
2016-03-22,14.630000114440918
2016-03-23,13.859999656677246
2016-03-24,14.630000114440918
2016-03-28,13.859999656677246
2016-03-29,13.09000015258789
2016-03-30,13.859999656677246
2016-03-31,14.630000114440918
2016-04-01,13.859999656677246
2016-04-04,14.630000114440918
2016-04-05,16.170000076293945
2016-04-06,15.399999618530273
2016-04-07,14.630000114440918
2016-04-08,14.630000114440918
2016-04-11,14.630000114440918
2016-04-12,14.630000114440918
2016-04-13,14.630000114440918
2016-04-14,19.25
2016-04-15,16.940000534057617
2016-04-18,16.940000534057617
2016-04-19,16.940000534057617
2016-04-20,17.709999084472656
2016-04-21,17.709999084472656
2016-04-22,20.020000457763672
2016-04-25,24.639999389648438
2016-04-26,26.18000030517578
2016-04-27,21.559999465942383
2016-04-28,18.479999542236328
2016-04-29,17.709999084472656
2016-05-02,16.940000534057617
2016-05-03,19.25
2016-05-04,17.709999084472656
2016-05-05,17.709999084472656
2016-05-06,16.940000534057617
2016-05-09,16.170000076293945
2016-05-10,16.170000076293945
2016-05-11,14.630000114440918
2016-05-12,13.859999656677246
2016-05-13,13.859999656677246
2016-05-16,13.09000015258789
2016-05-17,13.859999656677246
2016-05-18,13.09000015258789
2016-05-19,13.09000015258789
2016-05-20,12.319999694824219
2016-05-23,13.859999656677246
2016-05-24,14.630000114440918
2016-05-25,13.859999656677246
2016-05-26,13.09000015258789
2016-05-27,13.859999656677246
2016-05-31,13.09000015258789
2016-06-01,14.630000114440918
2016-06-02,15.399999618530273
2016-06-03,14.630000114440918
2016-06-06,13.859999656677246
2016-06-07,13.859999656677246
2016-06-08,14.630000114440918
2016-06-09,12.319999694824219
2016-06-10,12.319999694824219
2016-06-13,11.550000190734863
2016-06-14,11.824999809265137
2016-06-15,10.835000038146973
2016-06-16,10.835000038146973
2016-06-17,11.4399995803833
2016-06-20,16.44499969482422
2016-06-21,15.234999656677246
2016-06-22,13.475000381469727
2016-06-23,12.979999542236328
2016-06-24,11.989999771118164
2016-06-27,11.274999618530273
2016-06-28,11.274999618530273
2016-06-29,12.100000381469727
2016-06-30,11.989999771118164
2016-07-01,11.989999771118164
2016-07-05,11.329999923706055
2016-07-06,11.055000305175781
2016-07-07,10.0649995803833
2016-07-08,9.625
2016-07-11,9.404999732971191
2016-07-12,9.680000305175781
2016-07-13,9.954999923706055
2016-07-14,10.175000190734863
2016-07-15,10.449999809265137
2016-07-18,10.0649995803833
2016-07-19,9.845000267028809
2016-07-20,10.395000457763672
2016-07-21,10.505000114440918
2016-07-22,11.550000190734863
2016-07-25,10.5600004196167
2016-07-26,10.835000038146973
2016-07-27,11.4399995803833
2016-07-28,11.0
2016-07-29,10.725000381469727
2016-08-01,10.835000038146973
2016-08-02,10.614999771118164
2016-08-03,11.164999961853027
2016-08-04,11.220000267028809
2016-08-05,11.274999618530273
2016-08-08,11.0
2016-08-09,11.055000305175781
2016-08-10,10.229999542236328
2016-08-11,10.28499984741211
2016-08-12,10.28499984741211
2016-08-15,10.010000228881836
2016-08-16,9.460000038146973
2016-08-17,11.274999618530273
2016-08-18,12.869999885559082
2016-08-19,17.875
2016-08-22,17.489999771118164
2016-08-23,14.739999771118164
2016-08-24,15.5649995803833
2016-08-25,15.510000228881836
2016-08-26,15.125
2016-08-29,14.40999984741211
2016-08-30,13.970000267028809
2016-08-31,12.925000190734863
2016-09-01,13.03499984741211
2016-09-02,12.925000190734863
2016-09-06,12.760000228881836
2016-09-07,12.8149995803833
2016-09-08,13.585000038146973
2016-09-09,14.739999771118164
2016-09-12,14.904999732971191
2016-09-13,15.069999694824219
2016-09-14,15.069999694824219
2016-09-15,15.895000457763672
2016-09-16,17.21500015258789
2016-09-19,19.799999237060547
2016-09-20,18.3700008392334
2016-09-21,19.360000610351562
2016-09-22,19.799999237060547
2016-09-23,21.395000457763672
2016-09-26,21.065000534057617
2016-09-27,19.635000228881836
2016-09-28,19.139999389648438
2016-09-29,17.81999969482422
2016-09-30,18.040000915527344
2016-10-03,18.424999237060547
2016-10-04,18.479999542236328
2016-10-05,17.875
2016-10-06,15.949999809265137
2016-10-07,15.78499984741211
2016-10-10,16.829999923706055
2016-10-11,16.885000228881836
2016-10-12,15.510000228881836
2016-10-13,15.399999618530273
2016-10-14,14.1899995803833
2016-10-17,14.850000381469727
2016-10-18,16.114999771118164
2016-10-19,15.454999923706055
2016-10-20,15.289999961853027
2016-10-21,15.84000015258789
2016-10-24,16.940000534057617
2016-10-25,16.940000534057617
2016-10-26,16.774999618530273
2016-10-27,15.84000015258789
2016-10-28,15.675000190734863
2016-10-31,16.114999771118164
2016-11-01,15.5649995803833
2016-11-02,15.069999694824219
2016-11-03,14.739999771118164
2016-11-04,14.40999984741211
2016-11-07,15.399999618530273
2016-11-08,15.729999542236328
2016-11-09,15.5649995803833
2016-11-10,15.454999923706055
2016-11-11,15.345000267028809
2016-11-14,15.345000267028809
2016-11-15,15.345000267028809
2016-11-16,15.619999885559082
2016-11-17,14.904999732971191
2016-11-18,15.015000343322754
2016-11-21,15.125
2016-11-22,14.739999771118164
2016-11-23,14.1899995803833
2016-11-25,13.859999656677246
2016-11-28,12.8149995803833
2016-11-29,12.595000267028809
2016-11-30,13.640000343322754
2016-12-01,14.024999618530273
2016-12-02,14.244999885559082
2016-12-05,14.960000038146973
2016-12-06,14.739999771118164
2016-12-07,14.40999984741211
2016-12-08,13.75
2016-12-09,14.40999984741211
2016-12-12,13.914999961853027
2016-12-13,14.024999618530273
2016-12-14,12.704999923706055
2016-12-15,13.255000114440918
2016-12-16,13.03499984741211
2016-12-19,12.100000381469727
2016-12-20,12.265000343322754
2016-12-21,20.625
2016-12-22,16.940000534057617
2016-12-23,16.940000534057617
2016-12-27,16.829999923706055
2016-12-28,16.55500030517578
2016-12-29,16.114999771118164
2016-12-30,12.15999984741211
2017-01-03,17.25
2017-01-04,19.350000381469727
2017-01-05,19.399999618530273
2017-01-06,17.309999465942383
2017-01-09,15.609999656677246
2017-01-10,16.139999389648438
2017-01-11,17.719999313354492
2017-01-12,17.139999389648438
2017-01-13,16.5
2017-01-17,15.09000015258789
2017-01-18,15.640000343322754
2017-01-19,15.3100004196167
2017-01-20,14.720000267028809
2017-01-23,14.390000343322754
2017-01-24,14.430000305175781
2017-01-25,13.770000457763672
2017-01-26,13.5
2017-01-27,13.0600004196167
2017-01-30,13.140000343322754
2017-01-31,13.0
2017-02-01,13.0
2017-02-02,13.079999923706055
2017-02-03,13.199999809265137
2017-02-06,13.100000381469727
2017-02-07,13.020000457763672
2017-02-08,12.970000267028809
2017-02-09,12.470000267028809
2017-02-10,12.5
2017-02-13,12.0
2017-02-14,12.0
2017-02-15,11.8100004196167
2017-02-16,11.789999961853027
2017-02-17,11.0
2017-02-21,11.0
2017-02-22,10.4399995803833
2017-02-23,10.210000038146973
2017-02-24,10.050000190734863
2017-02-27,9.899999618530273
2017-02-28,10.0600004196167
2017-03-01,10.25
2017-03-02,10.25
2017-03-03,10.270000457763672
2017-03-06,10.279999732971191
2017-03-07,10.960000038146973
2017-03-08,10.300000190734863
2017-03-09,10.25
2017-03-10,11.180000305175781
2017-03-13,11.600000381469727
2017-03-14,11.25
2017-03-15,11.100000381469727
2017-03-16,11.0
2017-03-17,11.399999618530273
2017-03-20,11.09000015258789
2017-03-21,11.170000076293945
2017-03-22,11.050000190734863
2017-03-23,11.140000343322754
2017-03-24,11.050000190734863
2017-03-27,11.25
2017-03-28,11.170000076293945
2017-03-29,11.199999809265137
2017-03-30,11.1899995803833
2017-03-31,12.520000457763672
2017-04-03,13.3100004196167
2017-04-04,12.5600004196167
2017-04-05,12.550000190734863
2017-04-06,12.920000076293945
2017-04-07,13.470000267028809
2017-04-10,13.460000038146973
2017-04-11,13.300000190734863
2017-04-12,13.069999694824219
2017-04-13,12.270000457763672
2017-04-17,11.40999984741211
2017-04-18,11.449999809265137
2017-04-19,11.149999618530273
2017-04-20,10.819999694824219
2017-04-21,10.390000343322754
2017-04-24,10.220000267028809
2017-04-25,11.039999961853027
2017-04-26,9.359999656677246
2017-04-27,9.609999656677246
2017-04-28,9.199999809265137
2017-05-01,8.119999885559082
2017-05-02,6.5
2017-05-03,6.980000019073486
2017-05-04,6.03000020980835
2017-05-05,6.170000076293945
2017-05-08,5.420000076293945
2017-05-09,5.570000171661377
2017-05-10,5.5
2017-05-11,6.860000133514404
2017-05-12,6.260000228881836
2017-05-15,6.010000228881836
2017-05-16,6.059999942779541
2017-05-17,6.440000057220459
2017-05-18,6.21999979019165
2017-05-19,6.300000190734863
2017-05-22,6.289999961853027
2017-05-23,6.5
2017-05-24,6.78000020980835
2017-05-25,6.5
2017-05-26,6.539999961853027
2017-05-30,6.0
2017-05-31,6.760000228881836
2017-06-01,6.179999828338623
2017-06-02,6.699999809265137
2017-06-05,6.579999923706055
2017-06-06,6.639999866485596
2017-06-07,6.570000171661377
2017-06-08,6.460000038146973
2017-06-09,6.449999809265137
2017-06-12,6.849999904632568
2017-06-13,6.869999885559082
2017-06-14,6.510000228881836
2017-06-15,6.769999980926514
2017-06-16,6.760000228881836
2017-06-19,6.460000038146973
2017-06-20,7.360000133514404
2017-06-21,6.960000038146973
2017-06-22,7.110000133514404
2017-06-23,7.610000133514404
2017-06-26,7.400000095367432
2017-06-27,7.25
2017-06-28,7.590000152587891
2017-06-29,7.679999828338623
2017-06-30,7.889999866485596
2017-07-03,8.119999885559082
2017-07-05,7.860000133514404
2017-07-06,7.829999923706055
2017-07-07,7.369999885559082
2017-07-10,7.449999809265137
2017-07-11,7.75
2017-07-12,6.630000114440918
2017-07-13,6.489999771118164
2017-07-14,6.050000190734863
2017-07-17,6.440000057220459
2017-07-18,6.179999828338623
2017-07-19,5.769999980926514
2017-07-20,5.960000038146973
2017-07-21,6.199999809265137
2017-07-24,6.75
2017-07-25,6.949999809265137
2017-07-26,6.75
2017-07-27,6.599999904632568
2017-07-28,6.03000020980835
2017-07-31,6.420000076293945
2017-08-01,6.210000038146973
2017-08-02,5.960000038146973
2017-08-03,6.239999771118164
2017-08-04,6.079999923706055
2017-08-07,6.039999961853027
2017-08-08,6.010000228881836
2017-08-09,5.659999847412109
2017-08-10,4.199999809265137
2017-08-11,4.510000228881836
2017-08-14,3.990000009536743
2017-08-15,4.260000228881836
2017-08-16,4.5
2017-08-17,4.340000152587891
2017-08-18,4.289999961853027
2017-08-21,3.930000066757202
2017-08-22,3.7699999809265137
2017-08-23,4.119999885559082
2017-08-24,3.930000066757202
2017-08-25,3.890000104904175
2017-08-28,4.130000114440918
2017-08-29,4.309999942779541
2017-08-30,4.289999961853027
2017-08-31,4.139999866485596
2017-09-01,4.260000228881836
2017-09-05,4.300000190734863
2017-09-06,4.360000133514404
2017-09-07,4.420000076293945
2017-09-08,4.349999904632568
2017-09-11,3.9700000286102295
2017-09-12,3.819999933242798
2017-09-13,4.340000152587891
2017-09-14,4.340000152587891
2017-09-15,4.5
2017-09-18,4.489999771118164
2017-09-19,4.630000114440918
2017-09-20,4.550000190734863
2017-09-21,4.559999942779541
2017-09-22,4.590000152587891
2017-09-25,4.550000190734863
2017-09-26,4.599999904632568
2017-09-27,4.320000171661377
2017-09-28,4.570000171661377
2017-09-29,4.679999828338623
2017-10-02,5.010000228881836
2017-10-03,5.139999866485596
2017-10-04,5.480000019073486
2017-10-05,5.690000057220459
2017-10-06,5.46999979019165
2017-10-09,5.210000038146973
2017-10-10,5.269999980926514
2017-10-11,5.329999923706055
2017-10-12,5.340000152587891
2017-10-13,5.21999979019165
2017-10-16,4.940000057220459
2017-10-17,4.650000095367432
2017-10-18,4.28000020980835
2017-10-19,4.449999809265137
2017-10-20,4.440000057220459
2017-10-23,4.570000171661377
2017-10-24,4.440000057220459
2017-10-25,4.550000190734863
2017-10-26,4.28000020980835
2017-10-27,4.130000114440918
2017-10-30,4.090000152587891
2017-10-31,4.119999885559082
2017-11-01,4.340000152587891
2017-11-02,4.110000133514404
2017-11-03,4.25
2017-11-06,4.329999923706055
2017-11-07,4.210000038146973
2017-11-08,4.039999961853027
2017-11-09,3.9700000286102295
2017-11-10,4.260000228881836
2017-11-13,4.130000114440918
2017-11-14,4.170000076293945
2017-11-15,4.130000114440918
2017-11-16,4.090000152587891
2017-11-17,4.050000190734863
2017-11-20,4.079999923706055
2017-11-21,4.079999923706055
2017-11-22,4.079999923706055
2017-11-24,4.079999923706055
2017-11-27,4.070000171661377
2017-11-28,5.400000095367432
2017-11-29,4.699999809265137
2017-11-30,4.659999847412109
2017-12-01,4.510000228881836
2017-12-04,4.369999885559082
2017-12-05,4.070000171661377
2017-12-06,4.0
2017-12-07,4.369999885559082
2017-12-08,4.5
2017-12-11,4.210000038146973
2017-12-12,3.9800000190734863
2017-12-13,4.269999980926514
2017-12-14,4.110000133514404
2017-12-15,4.130000114440918
2017-12-18,4.199999809265137
2017-12-19,4.25
2017-12-20,4.599999904632568
2017-12-21,5.019999980926514
2017-12-22,5.099999904632568
2017-12-26,5.269999980926514
2017-12-27,5.46999979019165
2017-12-28,5.599999904632568
2017-12-29,5.599999904632568
2018-01-02,5.889999866485596
2018-01-03,5.820000171661377
2018-01-04,6.130000114440918
2018-01-05,6.0
2018-01-08,6.139999866485596
2018-01-09,6.090000152587891
2018-01-10,6.260000228881836
2018-01-11,6.449999809265137
2018-01-12,6.309999942779541
2018-01-16,6.309999942779541
2018-01-17,6.059999942779541
2018-01-18,6.079999923706055
2018-01-19,6.099999904632568
2018-01-22,6.079999923706055
2018-01-23,6.289999961853027
2018-01-24,6.21999979019165
2018-01-25,6.199999809265137
2018-01-26,6.050000190734863
2018-01-29,6.070000171661377
2018-01-30,6.139999866485596
2018-01-31,6.269999980926514
2018-02-01,6.300000190734863
2018-02-02,5.699999809265137
2018-02-05,5.599999904632568
2018-02-06,5.909999847412109
2018-02-07,6.059999942779541
2018-02-08,6.25
2018-02-09,6.309999942779541
2018-02-12,6.670000076293945
2018-02-13,6.579999923706055
2018-02-14,6.46999979019165
2018-02-15,6.429999828338623
2018-02-16,6.400000095367432
2018-02-20,6.460000038146973
2018-02-21,6.519999980926514
2018-02-22,6.519999980926514
2018-02-23,6.590000152587891
2018-02-26,6.940000057220459
2018-02-27,6.840000152587891
2018-02-28,6.579999923706055
2018-03-01,6.789999961853027
2018-03-02,6.440000057220459
2018-03-05,6.610000133514404
2018-03-06,6.599999904632568
2018-03-07,6.329999923706055
2018-03-08,6.300000190734863
2018-03-09,6.199999809265137
2018-03-12,6.389999866485596
2018-03-13,6.260000228881836
2018-03-14,6.099999904632568
2018-03-15,6.159999847412109
2018-03-16,6.139999866485596
2018-03-19,6.340000152587891
2018-03-20,6.230000019073486
2018-03-21,6.550000190734863
2018-03-22,6.340000152587891
2018-03-23,6.630000114440918
2018-03-26,6.760000228881836
2018-03-27,6.449999809265137
2018-03-28,6.309999942779541
2018-03-29,6.269999980926514
2018-04-02,6.019999980926514
2018-04-03,6.0
2018-04-04,6.0
2018-04-05,6.010000228881836
2018-04-06,6.0
2018-04-09,5.75
2018-04-10,5.909999847412109
2018-04-11,5.940000057220459
2018-04-12,5.849999904632568
2018-04-13,5.900000095367432
2018-04-16,5.869999885559082
2018-04-17,5.820000171661377
2018-04-18,5.900000095367432
2018-04-19,5.909999847412109
2018-04-20,5.849999904632568
2018-04-23,5.829999923706055
2018-04-24,5.789999961853027
2018-04-25,5.760000228881836
2018-04-26,5.800000190734863
2018-04-27,5.900000095367432
2018-04-30,5.75
2018-05-01,5.900000095367432
2018-05-02,5.769999980926514
2018-05-03,5.860000133514404
2018-05-04,5.739999771118164
2018-05-07,5.840000152587891
2018-05-08,5.46999979019165
2018-05-09,5.710000038146973
2018-05-10,5.889999866485596
2018-05-11,6.25
2018-05-14,6.349999904632568
2018-05-15,6.159999847412109
2018-05-16,6.289999961853027
2018-05-17,6.539999961853027
2018-05-18,6.539999961853027
2018-05-21,6.639999866485596
2018-05-22,6.75
2018-05-23,6.760000228881836
2018-05-24,6.760000228881836
2018-05-25,6.849999904632568
2018-05-29,6.900000095367432
2018-05-30,6.71999979019165
2018-05-31,6.849999904632568
2018-06-01,6.829999923706055
2018-06-04,6.75
2018-06-05,6.360000133514404
2018-06-06,6.199999809265137
2018-06-07,6.369999885559082
2018-06-08,6.21999979019165
2018-06-11,6.380000114440918
2018-06-12,6.400000095367432
2018-06-13,6.420000076293945
2018-06-14,6.409999847412109
2018-06-15,6.150000095367432
2018-06-18,5.760000228881836
2018-06-19,5.599999904632568
2018-06-20,6.619999885559082
2018-06-21,6.610000133514404
2018-06-22,6.5
2018-06-25,6.739999771118164
2018-06-26,7.050000190734863
2018-06-27,6.769999980926514
2018-06-28,6.71999979019165
2018-06-29,6.980000019073486
2018-07-02,6.880000114440918
2018-07-03,6.880000114440918
2018-07-05,7.369999885559082
2018-07-06,7.329999923706055
2018-07-09,8.229999542236328
2018-07-10,8.789999961853027
2018-07-11,8.979999542236328
2018-07-12,9.0600004196167
2018-07-13,8.970000267028809
2018-07-16,8.430000305175781
2018-07-17,8.029999732971191
2018-07-18,8.079999923706055
2018-07-19,8.100000381469727
2018-07-20,8.279999732971191
2018-07-23,8.319999694824219
2018-07-24,8.239999771118164
2018-07-25,8.220000267028809
2018-07-26,8.350000381469727
2018-07-27,8.239999771118164
2018-07-30,8.260000228881836
2018-07-31,9.109999656677246
2018-08-01,8.479999542236328
2018-08-02,8.399999618530273
2018-08-03,8.550000190734863
2018-08-06,8.40999984741211
2018-08-07,8.449999809265137
2018-08-08,8.420000076293945
2018-08-09,7.800000190734863
2018-08-10,7.75
2018-08-13,7.75
2018-08-14,7.539999961853027
2018-08-15,7.559999942779541
2018-08-16,7.650000095367432
2018-08-17,7.699999809265137
2018-08-20,7.630000114440918
2018-08-21,7.46999979019165
2018-08-22,7.550000190734863
2018-08-23,7.570000171661377
2018-08-24,7.550000190734863
2018-08-27,7.400000095367432
2018-08-28,7.460000038146973
2018-08-29,7.400000095367432
2018-08-30,7.03000020980835
2018-08-31,7.510000228881836
2018-09-04,7.610000133514404
2018-09-05,7.5
2018-09-06,7.559999942779541
2018-09-07,7.460000038146973
2018-09-10,7.5
2018-09-11,7.329999923706055
2018-09-12,7.380000114440918
2018-09-13,7.110000133514404
2018-09-14,7.239999771118164
2018-09-17,7.400000095367432
2018-09-18,7.400000095367432
2018-09-19,7.050000190734863
2018-09-20,7.150000095367432
2018-09-21,6.889999866485596
2018-09-24,6.940000057220459
2018-09-25,7.039999961853027
2018-09-26,7.179999828338623
2018-09-27,7.230000019073486
2018-09-28,7.170000076293945
2018-10-01,7.090000152587891
2018-10-02,7.050000190734863
2018-10-03,7.230000019073486
2018-10-04,6.75
2018-10-05,7.090000152587891
2018-10-08,6.920000076293945
2018-10-09,6.78000020980835
2018-10-10,6.5
2018-10-11,6.599999904632568
2018-10-12,6.449999809265137
2018-10-15,6.239999771118164
2018-10-16,6.300000190734863
2018-10-17,6.190000057220459
2018-10-18,6.25
2018-10-19,6.190000057220459
2018-10-22,6.210000038146973
2018-10-23,5.929999828338623
2018-10-24,5.900000095367432
2018-10-25,5.789999961853027
2018-10-26,5.849999904632568
2018-10-29,5.869999885559082
2018-10-30,5.900000095367432
2018-10-31,5.679999828338623
2018-11-01,5.699999809265137
2018-11-02,5.690000057220459
2018-11-05,5.809999942779541
2018-11-06,6.0
2018-11-07,6.110000133514404
2018-11-08,5.75
2018-11-09,3.950000047683716
2018-11-12,3.950000047683716
2018-11-13,3.200000047683716
2018-11-14,3.25
2018-11-15,3.3499999046325684
2018-11-16,3.509999990463257
2018-11-19,3.5799999237060547
2018-11-20,3.440000057220459
2018-11-21,3.890000104904175
2018-11-23,3.9800000190734863
2018-11-26,3.9600000381469727
2018-11-27,4.090000152587891
2018-11-28,4.090000152587891
2018-11-29,4.300000190734863
2018-11-30,4.460000038146973
2018-12-03,4.699999809265137
2018-12-04,4.619999885559082
2018-12-06,4.710000038146973
2018-12-07,4.010000228881836
2018-12-10,4.059999942779541
2018-12-11,4.050000190734863
2018-12-12,4.099999904632568
2018-12-13,4.050000190734863
2018-12-14,4.03000020980835
2018-12-17,3.569999933242798
2018-12-18,3.559999942779541
2018-12-19,3.5
2018-12-20,3.359999895095825
2018-12-21,3.25
2018-12-24,3.190000057220459
2018-12-26,3.359999895095825
2018-12-27,3.240000009536743
2018-12-28,3.430000066757202
2018-12-31,3.450000047683716
2019-01-02,3.6500000953674316
2019-01-03,3.640000104904175
2019-01-04,3.5799999237060547
2019-01-07,3.700000047683716
2019-01-08,3.619999885559082
2019-01-09,3.6700000762939453
2019-01-10,3.630000114440918
2019-01-11,3.119999885559082
2019-01-14,3.069999933242798
2019-01-15,3.0899999141693115
2019-01-16,3.25
2019-01-17,3.25
2019-01-18,3.380000114440918
2019-01-22,3.9000000953674316
2019-01-23,3.450000047683716
2019-01-24,3.450000047683716
2019-01-25,3.609999895095825
2019-01-28,3.609999895095825
2019-01-29,3.609999895095825
2019-01-30,3.549999952316284
2019-01-31,3.4700000286102295
2019-02-01,3.680000066757202
2019-02-04,3.9100000858306885
2019-02-05,3.630000114440918
2019-02-06,3.619999885559082
2019-02-07,3.559999942779541
2019-02-08,3.759999990463257
2019-02-11,3.450000047683716
2019-02-12,3.430000066757202
2019-02-13,3.5
2019-02-14,3.2899999618530273
2019-02-15,3.390000104904175
2019-02-19,3.359999895095825
2019-02-20,3.690000057220459
2019-02-21,3.509999990463257
2019-02-22,3.509999990463257
2019-02-25,3.5999999046325684
2019-02-26,3.4700000286102295
2019-02-27,3.450000047683716
2019-02-28,3.440000057220459
2019-03-01,3.559999942779541
2019-03-04,3.4800000190734863
2019-03-05,3.4200000762939453
2019-03-06,3.2899999618530273
2019-03-07,3.240000009536743
2019-03-08,3.2699999809265137
2019-03-11,3.3399999141693115
2019-03-12,3.200000047683716
2019-03-13,3.359999895095825
2019-03-14,3.309999942779541
2019-03-15,3.319999933242798
2019-03-18,3.319999933242798
2019-03-19,3.369999885559082
2019-03-20,3.619999885559082
2019-03-21,3.819999933242798
2019-03-22,4.0
2019-03-25,3.450000047683716
2019-03-26,3.619999885559082
2019-03-27,3.490000009536743
2019-03-28,3.640000104904175
2019-03-29,3.740000009536743
2019-04-01,3.450000047683716
2019-04-02,3.5199999809265137
2019-04-03,3.450000047683716
2019-04-04,3.359999895095825
2019-04-05,3.25
2019-04-08,3.440000057220459
2019-04-09,3.3399999141693115
2019-04-10,3.450000047683716
2019-04-11,3.4000000953674316
2019-04-12,3.3299999237060547
2019-04-15,3.5799999237060547
2019-04-16,3.509999990463257
2019-04-17,3.4000000953674316
2019-04-18,3.549999952316284
2019-04-22,3.4600000381469727
2019-04-23,3.5
2019-04-24,3.4700000286102295
2019-04-25,3.450000047683716
2019-04-26,3.3399999141693115
2019-04-29,3.490000009536743
2019-04-30,3.7300000190734863
2019-05-01,3.680000066757202
2019-05-02,3.819999933242798
2019-05-03,3.5399999618530273
2019-05-06,3.609999895095825
2019-05-07,3.490000009536743
2019-05-08,3.2899999618530273
2019-05-09,3.2699999809265137
2019-05-10,3.619999885559082
2019-05-13,3.5
2019-05-14,3.700000047683716
2019-05-15,3.9600000381469727
2019-05-16,3.7300000190734863
2019-05-17,3.740000009536743
2019-05-20,3.5999999046325684
2019-05-21,3.640000104904175
2019-05-22,3.5399999618530273
2019-05-23,3.5799999237060547
2019-05-24,3.5
2019-05-28,3.680000066757202
2019-05-29,3.640000104904175
2019-05-30,3.640000104904175
2019-05-31,3.319999933242798
2019-06-03,3.4200000762939453
2019-06-04,3.5799999237060547
2019-06-05,3.690000057220459
2019-06-06,3.6500000953674316
2019-06-07,3.549999952316284
2019-06-10,3.680000066757202
2019-06-11,3.799999952316284
2019-06-12,3.690000057220459
2019-06-13,3.75
2019-06-14,3.7799999713897705
2019-06-17,3.6600000858306885
2019-06-18,3.6700000762939453
2019-06-19,3.819999933242798
2019-06-20,3.819999933242798
2019-06-21,3.7799999713897705
2019-06-24,3.6600000858306885
2019-06-25,3.4200000762939453
2019-06-26,3.440000057220459
2019-06-27,3.4000000953674316
2019-06-28,3.25
2019-07-01,3.119999885559082
2019-07-02,3.069999933242798
2019-07-03,3.200000047683716
2019-07-05,3.1700000762939453
2019-07-08,3.180000066757202
2019-07-09,3.140000104904175
2019-07-10,3.0999999046325684
2019-07-11,3.2699999809265137
2019-07-12,3.0399999618530273
2019-07-15,3.0299999713897705
2019-07-16,3.1600000858306885
2019-07-17,3.0199999809265137
2019-07-18,3.0399999618530273
2019-07-19,3.0
2019-07-22,3.0
2019-07-23,2.819999933242798
2019-07-24,2.7899999618530273
2019-07-25,2.799999952316284
2019-07-26,2.890000104904175
2019-07-29,2.7899999618530273
2019-07-30,2.740000009536743
2019-07-31,2.7300000190734863
2019-08-01,2.799999952316284
2019-08-02,2.75
2019-08-05,2.630000114440918
2019-08-06,2.6700000762939453
2019-08-07,2.5199999809265137
2019-08-08,3.0
2019-08-09,3.259999990463257
2019-08-12,3.1600000858306885
2019-08-13,3.0999999046325684
2019-08-14,3.1500000953674316
2019-08-15,3.119999885559082
2019-08-16,3.2699999809265137
2019-08-19,3.0999999046325684
2019-08-20,3.319999933242798
2019-08-21,3.309999942779541
2019-08-22,3.5
2019-08-23,3.549999952316284
2019-08-26,3.4200000762939453
2019-08-27,3.380000114440918
2019-08-28,3.450000047683716
2019-08-29,3.3499999046325684
2019-08-30,3.440000057220459
2019-09-03,3.319999933242798
2019-09-04,3.4800000190734863
2019-09-05,3.390000104904175
2019-09-06,3.4000000953674316
2019-09-09,3.4100000858306885
2019-09-10,3.4000000953674316
2019-09-11,3.509999990463257
2019-09-12,3.5
2019-09-13,3.4000000953674316
2019-09-16,3.4800000190734863
2019-09-17,3.299999952316284
2019-09-18,3.299999952316284
2019-09-19,3.4200000762939453
2019-09-20,3.7899999618530273
2019-09-23,3.25
2019-09-24,3.309999942779541
2019-09-25,3.25
2019-09-26,3.2100000381469727
2019-09-27,3.2100000381469727
2019-09-30,3.2899999618530273
2019-10-01,3.4000000953674316
2019-10-02,3.0999999046325684
2019-10-03,3.009999990463257
2019-10-04,2.9800000190734863
2019-10-07,3.0899999141693115
2019-10-08,2.869999885559082
2019-10-09,2.75
2019-10-10,2.700000047683716
2019-10-11,2.75
2019-10-14,2.75
2019-10-15,2.9800000190734863
2019-10-16,2.859999895095825
2019-10-17,3.0899999141693115
2019-10-18,2.950000047683716
2019-10-21,2.930000066757202
2019-10-22,2.9600000381469727
2019-10-23,3.0899999141693115
2019-10-24,2.950000047683716
2019-10-25,2.930000066757202
2019-10-28,2.8499999046325684
2019-10-29,2.75
2019-10-30,2.890000104904175
2019-10-31,3.069999933242798
2019-11-01,3.0899999141693115
2019-11-04,2.990000009536743
2019-11-05,2.990000009536743
2019-11-06,2.990000009536743
2019-11-07,2.859999895095825
2019-11-08,2.9000000953674316
2019-11-11,2.819999933242798
2019-11-12,2.819999933242798
2019-11-13,2.799999952316284
2019-11-14,2.9800000190734863
2019-11-15,2.8499999046325684
2019-11-18,2.75
2019-11-19,2.9000000953674316
2019-11-20,3.0999999046325684
2019-11-21,2.9000000953674316
2019-11-22,2.809999942779541
2019-11-25,2.9000000953674316
2019-11-26,2.819999933242798
2019-11-27,2.799999952316284
2019-11-29,2.7899999618530273
2019-12-02,2.7899999618530273
2019-12-03,2.7799999713897705
2019-12-04,2.7100000381469727
2019-12-05,2.6500000953674316
2019-12-06,2.700000047683716
2019-12-09,2.7799999713897705
2019-12-10,2.9000000953674316
2019-12-11,3.0
2019-12-12,2.940000057220459
2019-12-13,2.880000114440918
2019-12-16,2.7699999809265137
2019-12-17,2.859999895095825
2019-12-18,2.880000114440918
2019-12-19,2.859999895095825
2019-12-20,2.859999895095825
2019-12-23,2.9100000858306885
2019-12-24,2.869999885559082
2019-12-26,2.8499999046325684
2019-12-27,2.859999895095825
2019-12-30,2.9000000953674316
2019-12-31,2.8499999046325684
2020-01-02,2.9200000762939453
2020-01-03,2.859999895095825
2020-01-06,2.9000000953674316
2020-01-07,2.799999952316284
2020-01-08,2.9100000858306885
2020-01-09,2.9000000953674316
2020-01-10,2.759999990463257
2020-01-13,2.9000000953674316
2020-01-14,2.880000114440918
2020-01-15,2.859999895095825
2020-01-16,2.890000104904175
2020-01-17,2.8499999046325684
2020-01-21,2.990000009536743
2020-01-22,3.0
2020-01-23,2.9000000953674316
2020-01-24,2.9000000953674316
2020-01-27,3.009999990463257
2020-01-28,3.049999952316284
2020-01-29,2.890000104904175
2020-01-30,2.9700000286102295
2020-01-31,3.009999990463257
2020-02-03,3.0
2020-02-04,3.180000066757202
2020-02-05,3.119999885559082
2020-02-06,3.140000104904175
2020-02-07,3.1500000953674316
2020-02-10,3.190000057220459
2020-02-11,3.049999952316284
2020-02-12,3.049999952316284
2020-02-13,3.059999942779541
2020-02-14,3.009999990463257
2020-02-18,2.930000066757202
2020-02-19,2.9200000762939453
2020-02-20,2.799999952316284
2020-02-21,2.700000047683716
2020-02-24,2.75
2020-02-25,2.559999942779541
2020-02-26,2.7200000286102295
2020-02-27,2.6500000953674316
2020-02-28,2.619999885559082
2020-03-02,2.5399999618530273
2020-03-03,2.5299999713897705
2020-03-04,2.609999895095825
2020-03-05,2.549999952316284
2020-03-06,2.5199999809265137
2020-03-09,2.3299999237060547
2020-03-10,2.1500000953674316
2020-03-11,2.1500000953674316
2020-03-12,1.659999966621399
2020-03-13,1.7599999904632568
2020-03-16,1.2699999809265137
2020-03-17,1.4900000095367432
2020-03-18,1.5499999523162842
2020-03-19,2.4000000953674316
2020-03-20,2.1500000953674316
2020-03-23,1.9900000095367432
2020-03-24,1.9199999570846558
2020-03-25,2.0199999809265137
2020-03-26,2.1700000762939453
2020-03-27,2.0399999618530273
2020-03-30,2.109999895095825
2020-03-31,1.9199999570846558
2020-04-01,1.75
2020-04-02,1.9299999475479126
2020-04-03,2.180000066757202
2020-04-06,2.5
2020-04-07,2.190000057220459
2020-04-08,2.299999952316284
2020-04-09,2.1700000762939453
2020-04-13,2.380000114440918
2020-04-14,2.2300000190734863
2020-04-15,2.430000066757202
2020-04-16,2.200000047683716
2020-04-17,2.240000009536743
2020-04-20,2.200000047683716
2020-04-21,1.9500000476837158
2020-04-22,2.059999942779541
2020-04-23,2.140000104904175
2020-04-24,2.069999933242798
2020-04-27,2.069999933242798
2020-04-28,1.9500000476837158
2020-04-29,2.3499999046325684
2020-04-30,2.309999942779541
2020-05-01,2.0999999046325684
2020-05-04,1.909999966621399
2020-05-05,1.7999999523162842
2020-05-06,1.809999942779541
2020-05-07,2.0799999237060547
2020-05-08,2.2300000190734863
2020-05-11,2.009999990463257
2020-05-12,2.0299999713897705
2020-05-13,2.0
2020-05-14,2.0299999713897705
2020-05-15,2.0899999141693115
2020-05-18,2.109999895095825
2020-05-19,2.240000009536743
2020-05-20,2.1600000858306885
2020-05-21,2.2300000190734863
2020-05-22,2.240000009536743
2020-05-26,2.059999942779541
2020-05-27,2.200000047683716
2020-05-28,1.909999966621399
2020-05-29,1.7999999523162842
2020-06-01,1.7899999618530273
2020-06-02,1.75
2020-06-03,1.6699999570846558
2020-06-04,1.7999999523162842
2020-06-05,1.7899999618530273
2020-06-08,1.8200000524520874
2020-06-09,1.7999999523162842
2020-06-10,1.940000057220459
2020-06-11,1.8899999856948853
2020-06-12,1.8700000047683716
2020-06-15,1.8899999856948853
2020-06-16,1.7599999904632568
2020-06-17,1.7300000190734863
2020-06-18,1.6799999475479126
2020-06-19,1.690000057220459
2020-06-22,1.6699999570846558
2020-06-23,1.690000057220459
2020-06-24,1.649999976158142
2020-06-25,1.649999976158142
2020-06-26,1.649999976158142
2020-06-29,1.649999976158142
2020-06-30,1.6399999856948853
2020-07-01,1.6200000047683716
2020-07-02,1.6699999570846558
2020-07-06,1.6799999475479126
2020-07-07,1.6299999952316284
2020-07-08,1.6200000047683716
2020-07-09,1.5
2020-07-10,1.5
2020-07-13,1.399999976158142
2020-07-14,1.3799999952316284
2020-07-15,1.4500000476837158
2020-07-16,1.4199999570846558
2020-07-17,1.409999966621399
2020-07-20,1.5700000524520874
2020-07-21,1.649999976158142
2020-07-22,1.75
2020-07-23,1.8799999952316284
2020-07-24,1.7899999618530273
2020-07-27,1.7400000095367432
2020-07-28,1.7100000381469727
2020-07-29,1.7100000381469727
2020-07-30,1.590000033378601
2020-07-31,1.5399999618530273
2020-08-03,1.6399999856948853
2020-08-04,1.6100000143051147
2020-08-05,1.6799999475479126
2020-08-06,1.6200000047683716
2020-08-07,1.5
2020-08-10,1.559999942779541
2020-08-11,1.590000033378601
2020-08-12,1.5099999904632568
2020-08-13,1.5
2020-08-14,1.440000057220459
2020-08-17,1.4299999475479126
2020-08-18,1.409999966621399
2020-08-19,1.4500000476837158
2020-08-20,1.399999976158142
2020-08-21,1.4299999475479126
2020-08-24,1.4299999475479126
2020-08-25,1.399999976158142
2020-08-26,1.4700000286102295
2020-08-27,1.5
2020-08-28,1.5
2020-08-31,1.409999966621399
2020-09-01,1.4600000381469727
2020-09-02,1.4800000190734863
2020-09-03,1.309999942779541
2020-09-04,1.3300000429153442
2020-09-08,1.2999999523162842
2020-09-09,1.2699999809265137
2020-09-10,1.2799999713897705
2020-09-11,1.5099999904632568
2020-09-14,1.4600000381469727
2020-09-15,1.399999976158142
2020-09-16,1.399999976158142
2020-09-17,1.3700000047683716
2020-09-18,1.4800000190734863
2020-09-21,1.399999976158142
2020-09-22,1.3899999856948853
2020-09-23,1.3899999856948853
2020-09-24,1.4299999475479126
2020-09-25,1.409999966621399
2020-09-28,1.3799999952316284
2020-09-29,1.6699999570846558
2020-09-30,1.690000057220459
2020-10-01,1.7400000095367432
2020-10-02,1.7200000286102295
2020-10-05,1.7000000476837158
2020-10-06,1.7200000286102295
2020-10-07,1.690000057220459
2020-10-08,1.7400000095367432
2020-10-09,1.659999966621399
2020-10-12,1.7000000476837158
2020-10-13,1.7799999713897705
2020-10-14,1.7100000381469727
2020-10-15,1.7100000381469727
2020-10-16,1.75
2020-10-19,1.7699999809265137
2020-10-20,1.6699999570846558
2020-10-21,1.7200000286102295
2020-10-22,1.7100000381469727
2020-10-23,1.7300000190734863
2020-10-26,1.690000057220459
2020-10-27,1.7300000190734863
2020-10-28,1.7899999618530273
2020-10-29,1.7799999713897705
2020-10-30,1.75
2020-11-02,1.8300000429153442
2020-11-03,1.7799999713897705
2020-11-04,1.7999999523162842
2020-11-05,1.850000023841858
2020-11-06,2.049999952316284
2020-11-09,2.0799999237060547
2020-11-10,2.119999885559082
2020-11-11,2.140000104904175
2020-11-12,2.2899999618530273
2020-11-13,2.1500000953674316
2020-11-16,2.299999952316284
2020-11-17,2.4200000762939453
2020-11-18,2.700000047683716
2020-11-19,2.680000066757202
2020-11-20,2.549999952316284
2020-11-23,2.6500000953674316
2020-11-24,2.809999942779541
2020-11-25,2.7899999618530273
2020-11-27,2.7799999713897705
2020-11-30,4.809999942779541
2020-12-01,4.400000095367432
2020-12-02,3.690000057220459
2020-12-03,3.9800000190734863
2020-12-04,3.740000009536743
2020-12-07,3.940000057220459
2020-12-08,3.950000047683716
2020-12-09,3.619999885559082
2020-12-10,3.7799999713897705
2020-12-11,4.039999961853027
2020-12-14,3.930000066757202
2020-12-15,3.859999895095825
2020-12-16,3.9700000286102295
2020-12-17,3.5999999046325684
2020-12-18,3.5
2020-12-21,3.5999999046325684
2020-12-22,3.4700000286102295
2020-12-23,3.5399999618530273
2020-12-24,3.5899999141693115
2020-12-28,3.5799999237060547
2020-12-29,3.430000066757202
2020-12-30,3.380000114440918
2020-12-31,3.4000000953674316
2021-01-04,3.630000114440918
2021-01-05,3.7200000286102295
2021-01-06,3.5399999618530273
2021-01-07,3.630000114440918
2021-01-08,3.6700000762939453
2021-01-11,3.569999933242798
2021-01-12,3.5999999046325684
2021-01-13,3.609999895095825
2021-01-14,3.7799999713897705
2021-01-15,3.9000000953674316
2021-01-19,3.930000066757202
2021-01-20,3.950000047683716
2021-01-21,4.0
2021-01-22,4.409999847412109
2021-01-25,3.9800000190734863
2021-01-26,4.710000038146973
2021-01-27,4.400000095367432
2021-01-28,4.360000133514404
2021-01-29,4.170000076293945
2021-02-01,4.199999809265137
2021-02-02,4.380000114440918
2021-02-03,4.360000133514404
2021-02-04,4.860000133514404
2021-02-05,4.789999961853027
2021-02-08,5.239999771118164
2021-02-09,5.989999771118164
2021-02-10,5.519999980926514
2021-02-11,5.320000171661377
2021-02-12,5.119999885559082
2021-02-16,5.46999979019165
2021-02-17,5.130000114440918
2021-02-18,4.929999828338623
2021-02-19,4.849999904632568
2021-02-22,4.75
2021-02-23,4.639999866485596
2021-02-24,4.75
2021-02-25,4.619999885559082
2021-02-26,4.690000057220459
2021-03-01,6.099999904632568
2021-03-02,6.309999942779541
2021-03-03,6.079999923706055
2021-03-04,5.559999942779541
2021-03-05,5.949999809265137
2021-03-08,5.760000228881836
2021-03-09,5.809999942779541
2021-03-10,5.949999809265137
2021-03-11,5.820000171661377
2021-03-12,6.119999885559082
2021-03-15,6.460000038146973
2021-03-16,6.400000095367432
2021-03-17,6.21999979019165
2021-03-18,5.71999979019165
2021-03-19,5.800000190734863
2021-03-22,5.650000095367432
2021-03-23,5.579999923706055
2021-03-24,5.289999961853027
2021-03-25,5.300000190734863
2021-03-26,5.489999771118164
2021-03-29,5.230000019073486
2021-03-30,5.409999847412109
2021-03-31,5.510000228881836
2021-04-01,5.5
2021-04-05,5.369999885559082
2021-04-06,5.460000038146973
2021-04-07,5.590000152587891
2021-04-08,5.599999904632568
2021-04-09,5.659999847412109
2021-04-12,5.5
2021-04-13,5.389999866485596
2021-04-14,5.519999980926514
2021-04-15,5.670000076293945
2021-04-16,5.630000114440918
2021-04-19,6.199999809265137
2021-04-20,5.71999979019165
2021-04-21,5.960000038146973
2021-04-22,5.789999961853027
2021-04-23,5.630000114440918
2021-04-26,5.710000038146973
2021-04-27,5.699999809265137
2021-04-28,5.619999885559082
2021-04-29,5.599999904632568
2021-04-30,5.590000152587891
2021-05-03,5.809999942779541
2021-05-04,5.880000114440918
2021-05-05,6.369999885559082
2021-05-06,6.159999847412109
2021-05-07,6.300000190734863
2021-05-10,6.5
2021-05-11,6.300000190734863
2021-05-12,6.480000019073486
2021-05-13,6.5
2021-05-14,6.860000133514404
