,CLIR
2012-04-25,4.199999809265137
2012-04-26,4.199999809265137
2012-04-27,4.28000020980835
2012-04-30,4.840000152587891
2012-05-01,5.199999809265137
2012-05-02,5.239999771118164
2012-05-03,6.0
2012-05-04,7.440000057220459
2012-05-07,9.390000343322754
2012-05-08,8.430000305175781
2012-05-09,7.460000038146973
2012-05-10,7.449999809265137
2012-05-11,7.860000133514404
2012-05-14,7.400000095367432
2012-05-15,7.460000038146973
2012-05-16,6.269999980926514
2012-05-17,5.75
2012-05-18,6.019999980926514
2012-05-21,6.0
2012-05-22,5.849999904632568
2012-05-23,5.519999980926514
2012-05-24,5.639999866485596
2012-05-25,5.440000057220459
2012-05-29,5.389999866485596
2012-05-30,5.449999809265137
2012-05-31,5.159999847412109
2012-06-01,4.940000057220459
2012-06-04,5.369999885559082
2012-06-05,5.539999961853027
2012-06-06,5.900000095367432
2012-06-07,6.170000076293945
2012-06-08,6.369999885559082
2012-06-11,6.389999866485596
2012-06-12,6.570000171661377
2012-06-13,6.460000038146973
2012-06-14,6.5
2012-06-15,5.889999866485596
2012-06-18,6.300000190734863
2012-06-19,6.579999923706055
2012-06-20,6.639999866485596
2012-06-21,6.190000057220459
2012-06-22,6.559999942779541
2012-06-25,6.570000171661377
2012-06-26,6.400000095367432
2012-06-27,6.369999885559082
2012-06-28,6.650000095367432
2012-06-29,6.78000020980835
2012-07-02,6.949999809265137
2012-07-03,6.889999866485596
2012-07-05,6.519999980926514
2012-07-06,6.239999771118164
2012-07-09,6.230000019073486
2012-07-10,5.860000133514404
2012-07-11,5.840000152587891
2012-07-12,6.0
2012-07-13,5.800000190734863
2012-07-16,5.71999979019165
2012-07-17,5.659999847412109
2012-07-18,5.690000057220459
2012-07-19,5.690000057220459
2012-07-20,5.650000095367432
2012-07-23,6.269999980926514
2012-07-24,6.730000019073486
2012-07-25,7.550000190734863
2012-07-26,7.239999771118164
2012-07-27,6.949999809265137
2012-07-30,7.059999942779541
2012-07-31,7.130000114440918
2012-08-01,7.25
2012-08-02,7.159999847412109
2012-08-03,7.340000152587891
2012-08-06,7.449999809265137
2012-08-07,7.099999904632568
2012-08-08,7.110000133514404
2012-08-09,7.150000095367432
2012-08-10,7.159999847412109
2012-08-13,7.349999904632568
2012-08-14,7.03000020980835
2012-08-15,7.0
2012-08-16,7.019999980926514
2012-08-17,7.0
2012-08-20,6.980000019073486
2012-08-21,6.78000020980835
2012-08-22,7.0
2012-08-23,6.869999885559082
2012-08-24,7.199999809265137
2012-08-27,7.159999847412109
2012-08-28,7.099999904632568
2012-08-29,7.400000095367432
2012-08-30,7.300000190734863
2012-08-31,7.150000095367432
2012-09-04,7.050000190734863
2012-09-05,7.150000095367432
2012-09-06,7.260000228881836
2012-09-07,7.420000076293945
2012-09-10,7.199999809265137
2012-09-11,7.130000114440918
2012-09-12,7.269999980926514
2012-09-13,6.940000057220459
2012-09-14,7.0
2012-09-17,7.150000095367432
2012-09-18,7.300000190734863
2012-09-19,7.190000057220459
2012-09-20,7.099999904632568
2012-09-21,6.559999942779541
2012-09-24,7.300000190734863
2012-09-25,7.0
2012-09-26,7.010000228881836
2012-09-27,7.25
2012-09-28,7.039999961853027
2012-10-01,6.900000095367432
2012-10-02,7.0
2012-10-03,7.340000152587891
2012-10-04,7.699999809265137
2012-10-05,7.900000095367432
2012-10-08,8.399999618530273
2012-10-09,7.949999809265137
2012-10-10,7.420000076293945
2012-10-11,7.400000095367432
2012-10-12,7.929999828338623
2012-10-15,7.650000095367432
2012-10-16,7.550000190734863
2012-10-17,7.130000114440918
2012-10-18,6.190000057220459
2012-10-19,5.699999809265137
2012-10-22,5.440000057220459
2012-10-23,5.130000114440918
2012-10-24,5.349999904632568
2012-10-25,5.420000076293945
2012-10-26,5.329999923706055
2012-10-31,5.099999904632568
2012-11-01,5.210000038146973
2012-11-02,5.159999847412109
2012-11-05,5.260000228881836
2012-11-06,5.210000038146973
2012-11-07,5.349999904632568
2012-11-08,5.300000190734863
2012-11-09,5.159999847412109
2012-11-12,5.429999828338623
2012-11-13,5.329999923706055
2012-11-14,5.329999923706055
2012-11-15,5.349999904632568
2012-11-16,5.199999809265137
2012-11-19,5.210000038146973
2012-11-20,5.25
2012-11-21,5.239999771118164
2012-11-23,5.199999809265137
2012-11-26,5.150000095367432
2012-11-27,5.21999979019165
2012-11-28,5.25
2012-11-29,5.150000095367432
2012-11-30,5.159999847412109
2012-12-03,5.150000095367432
2012-12-04,5.070000171661377
2012-12-05,4.360000133514404
2012-12-06,4.099999904632568
2012-12-07,4.769999980926514
2012-12-10,4.800000190734863
2012-12-11,4.820000171661377
2012-12-12,4.980000019073486
2012-12-13,5.039999961853027
2012-12-14,4.760000228881836
2012-12-17,4.599999904632568
2012-12-18,4.820000171661377
2012-12-19,4.739999771118164
2012-12-20,5.050000190734863
2012-12-21,5.019999980926514
2012-12-24,5.0
2012-12-26,5.019999980926514
2012-12-27,4.860000133514404
2012-12-28,4.71999979019165
2012-12-31,4.840000152587891
2013-01-02,5.0
2013-01-03,5.0
2013-01-04,4.820000171661377
2013-01-07,4.949999809265137
2013-01-08,4.949999809265137
2013-01-09,4.900000095367432
2013-01-10,4.940000057220459
2013-01-11,4.889999866485596
2013-01-14,4.929999828338623
2013-01-15,4.869999885559082
2013-01-16,4.96999979019165
2013-01-17,4.880000114440918
2013-01-18,4.949999809265137
2013-01-22,4.900000095367432
2013-01-23,4.869999885559082
2013-01-24,4.800000190734863
2013-01-25,4.71999979019165
2013-01-28,4.800000190734863
2013-01-29,4.78000020980835
2013-01-30,4.699999809265137
2013-01-31,4.699999809265137
2013-02-01,4.619999885559082
2013-02-04,4.300000190734863
2013-02-05,4.289999961853027
2013-02-06,4.340000152587891
2013-02-07,4.420000076293945
2013-02-08,4.349999904632568
2013-02-11,4.440000057220459
2013-02-12,4.550000190734863
2013-02-13,4.599999904632568
2013-02-14,5.0
2013-02-15,5.170000076293945
2013-02-19,5.050000190734863
2013-02-20,4.920000076293945
2013-02-21,5.150000095367432
2013-02-22,5.099999904632568
2013-02-25,5.090000152587891
2013-02-26,5.010000228881836
2013-02-27,5.039999961853027
2013-02-28,4.909999847412109
2013-03-01,5.099999904632568
2013-03-04,5.360000133514404
2013-03-05,5.110000133514404
2013-03-06,4.909999847412109
2013-03-07,5.0
2013-03-08,5.039999961853027
2013-03-11,5.789999961853027
2013-03-12,6.900000095367432
2013-03-13,7.130000114440918
2013-03-14,6.769999980926514
2013-03-15,6.340000152587891
2013-03-18,6.489999771118164
2013-03-19,6.5
2013-03-20,6.489999771118164
2013-03-21,6.789999961853027
2013-03-22,7.019999980926514
2013-03-25,6.949999809265137
2013-03-26,6.690000057220459
2013-03-27,6.769999980926514
2013-03-28,7.110000133514404
2013-04-01,6.900000095367432
2013-04-02,7.75
2013-04-03,7.920000076293945
2013-04-04,8.039999961853027
2013-04-05,7.670000076293945
2013-04-08,7.300000190734863
2013-04-09,6.929999828338623
2013-04-10,7.590000152587891
2013-04-11,7.710000038146973
2013-04-12,7.800000190734863
2013-04-15,7.619999885559082
2013-04-16,7.570000171661377
2013-04-17,7.570000171661377
2013-04-18,7.25
2013-04-19,7.329999923706055
2013-04-22,8.300000190734863
2013-04-23,8.119999885559082
2013-04-24,8.100000381469727
2013-04-25,7.849999904632568
2013-04-26,8.010000228881836
2013-04-29,9.34000015258789
2013-04-30,9.010000228881836
2013-05-01,9.180000305175781
2013-05-02,9.119999885559082
2013-05-03,8.8100004196167
2013-05-06,8.890000343322754
2013-05-07,10.359999656677246
2013-05-08,10.399999618530273
2013-05-09,10.779999732971191
2013-05-10,10.300000190734863
2013-05-13,10.300000190734863
2013-05-14,9.970000267028809
2013-05-15,9.699999809265137
2013-05-16,8.9399995803833
2013-05-17,9.260000228881836
2013-05-20,9.550000190734863
2013-05-21,9.140000343322754
2013-05-22,8.529999732971191
2013-05-23,8.75
2013-05-24,8.819999694824219
2013-05-28,8.479999542236328
2013-05-29,8.460000038146973
2013-05-30,8.369999885559082
2013-05-31,7.949999809265137
2013-06-03,7.150000095367432
2013-06-04,6.800000190734863
2013-06-05,6.869999885559082
2013-06-06,7.170000076293945
2013-06-07,6.96999979019165
2013-06-10,7.920000076293945
2013-06-11,7.989999771118164
2013-06-12,8.789999961853027
2013-06-13,8.859999656677246
2013-06-14,8.899999618530273
2013-06-17,8.65999984741211
2013-06-18,8.40999984741211
2013-06-19,8.399999618530273
2013-06-20,8.760000228881836
2013-06-21,8.550000190734863
2013-06-24,8.380000114440918
2013-06-25,8.4399995803833
2013-06-26,8.100000381469727
2013-06-27,7.900000095367432
2013-06-28,8.720000267028809
2013-07-01,9.199999809265137
2013-07-02,9.1899995803833
2013-07-03,9.329999923706055
2013-07-05,9.1899995803833
2013-07-08,9.100000381469727
2013-07-09,9.270000457763672
2013-07-10,9.039999961853027
2013-07-11,9.399999618530273
2013-07-12,9.670000076293945
2013-07-15,9.539999961853027
2013-07-16,9.260000228881836
2013-07-17,9.510000228881836
2013-07-18,9.210000038146973
2013-07-19,8.920000076293945
2013-07-22,8.800000190734863
2013-07-23,8.680000305175781
2013-07-24,8.600000381469727
2013-07-25,8.630000114440918
2013-07-26,8.619999885559082
2013-07-29,8.199999809265137
2013-07-30,7.96999979019165
2013-07-31,7.920000076293945
2013-08-01,7.389999866485596
2013-08-02,7.610000133514404
2013-08-05,8.140000343322754
2013-08-06,8.039999961853027
2013-08-07,7.900000095367432
2013-08-08,7.809999942779541
2013-08-09,7.130000114440918
2013-08-12,7.199999809265137
2013-08-13,7.400000095367432
2013-08-14,7.78000020980835
2013-08-15,8.260000228881836
2013-08-16,8.850000381469727
2013-08-19,8.609999656677246
2013-08-20,8.359999656677246
2013-08-21,8.319999694824219
2013-08-22,7.829999923706055
2013-08-23,8.010000228881836
2013-08-26,8.390000343322754
2013-08-27,8.319999694824219
2013-08-28,8.199999809265137
2013-08-29,8.109999656677246
2013-08-30,8.1899995803833
2013-09-03,7.929999828338623
2013-09-04,8.5
2013-09-05,8.779999732971191
2013-09-06,8.75
2013-09-09,8.84000015258789
2013-09-10,8.819999694824219
2013-09-11,8.609999656677246
2013-09-12,8.0
2013-09-13,8.079999923706055
2013-09-16,8.15999984741211
2013-09-17,8.170000076293945
2013-09-18,7.909999847412109
2013-09-19,7.940000057220459
2013-09-20,7.75
2013-09-23,7.800000190734863
2013-09-24,7.510000228881836
2013-09-25,7.400000095367432
2013-09-26,7.21999979019165
2013-09-27,6.949999809265137
2013-09-30,7.050000190734863
2013-10-01,7.230000019073486
2013-10-02,7.389999866485596
2013-10-03,7.230000019073486
2013-10-04,7.420000076293945
2013-10-07,7.429999828338623
2013-10-08,7.650000095367432
2013-10-09,7.679999828338623
2013-10-10,7.480000019073486
2013-10-11,7.420000076293945
2013-10-14,7.300000190734863
2013-10-15,6.849999904632568
2013-10-16,7.010000228881836
2013-10-17,7.150000095367432
2013-10-18,7.210000038146973
2013-10-21,7.210000038146973
2013-10-22,7.380000114440918
2013-10-23,7.639999866485596
2013-10-24,7.800000190734863
2013-10-25,8.039999961853027
2013-10-28,8.010000228881836
2013-10-29,8.029999732971191
2013-10-30,7.869999885559082
2013-10-31,7.510000228881836
2013-11-01,7.400000095367432
2013-11-04,7.400000095367432
2013-11-05,7.329999923706055
2013-11-06,7.289999961853027
2013-11-07,7.079999923706055
2013-11-08,7.050000190734863
2013-11-11,7.239999771118164
2013-11-12,7.059999942779541
2013-11-13,7.239999771118164
2013-11-14,6.920000076293945
2013-11-15,6.739999771118164
2013-11-18,6.75
2013-11-19,6.519999980926514
2013-11-20,6.110000133514404
2013-11-21,6.730000019073486
2013-11-22,6.659999847412109
2013-11-25,6.650000095367432
2013-11-26,6.489999771118164
2013-11-27,6.0
2013-11-29,6.039999961853027
2013-12-02,5.920000076293945
2013-12-03,5.989999771118164
2013-12-04,6.25
2013-12-05,6.489999771118164
2013-12-06,6.329999923706055
2013-12-09,6.300000190734863
2013-12-10,7.389999866485596
2013-12-11,7.800000190734863
2013-12-12,7.949999809265137
2013-12-13,8.050000190734863
2013-12-16,8.479999542236328
2013-12-17,8.819999694824219
2013-12-18,9.149999618530273
2013-12-19,9.729999542236328
2013-12-20,9.890000343322754
2013-12-23,10.880000114440918
2013-12-24,10.75
2013-12-26,10.949999809265137
2013-12-27,11.140000343322754
2013-12-30,11.430000305175781
2013-12-31,11.449999809265137
2014-01-02,10.579999923706055
2014-01-03,9.880000114440918
2014-01-06,9.75
2014-01-07,10.0
2014-01-08,9.829999923706055
2014-01-09,9.960000038146973
2014-01-10,10.760000228881836
2014-01-13,10.789999961853027
2014-01-14,11.0
2014-01-15,11.75
2014-01-16,11.65999984741211
2014-01-17,11.029999732971191
2014-01-21,10.430000305175781
2014-01-22,10.0600004196167
2014-01-23,11.3100004196167
2014-01-24,10.619999885559082
2014-01-27,10.09000015258789
2014-01-28,10.359999656677246
2014-01-29,10.0600004196167
2014-01-30,10.130000114440918
2014-01-31,10.390000343322754
2014-02-03,10.579999923706055
2014-02-04,10.819999694824219
2014-02-05,10.350000381469727
2014-02-06,10.279999732971191
2014-02-07,10.260000228881836
2014-02-10,10.170000076293945
2014-02-11,10.0
2014-02-12,9.819999694824219
2014-02-13,9.899999618530273
2014-02-14,10.010000228881836
2014-02-18,9.729999542236328
2014-02-19,9.489999771118164
2014-02-20,8.579999923706055
2014-02-21,9.020000457763672
2014-02-24,9.210000038146973
2014-02-25,9.130000114440918
2014-02-26,9.039999961853027
2014-02-27,8.770000457763672
2014-02-28,9.350000381469727
2014-03-03,9.25
2014-03-04,9.329999923706055
2014-03-05,10.199999809265137
2014-03-06,10.510000228881836
2014-03-07,10.229999542236328
2014-03-10,10.229999542236328
2014-03-11,10.199999809265137
2014-03-12,10.75
2014-03-13,11.199999809265137
2014-03-14,11.220000267028809
2014-03-17,11.0
2014-03-18,10.850000381469727
2014-03-19,11.229999542236328
2014-03-20,10.989999771118164
2014-03-21,10.8100004196167
2014-03-24,9.9399995803833
2014-03-25,9.960000038146973
2014-03-26,9.630000114440918
2014-03-27,9.770000457763672
2014-03-28,10.5
2014-03-31,10.90999984741211
2014-04-01,10.899999618530273
2014-04-02,10.609999656677246
2014-04-03,10.770000457763672
2014-04-04,10.279999732971191
2014-04-07,9.970000267028809
2014-04-08,10.59000015258789
2014-04-09,10.729999542236328
2014-04-10,10.359999656677246
2014-04-11,9.970000267028809
2014-04-14,10.109999656677246
2014-04-15,9.890000343322754
2014-04-16,10.270000457763672
2014-04-17,10.40999984741211
2014-04-21,10.180000305175781
2014-04-22,10.239999771118164
2014-04-23,10.100000381469727
2014-04-24,9.890000343322754
2014-04-25,9.979999542236328
2014-04-28,9.510000228881836
2014-04-29,9.380000114440918
2014-04-30,9.239999771118164
2014-05-01,9.430000305175781
2014-05-02,9.300000190734863
2014-05-05,9.210000038146973
2014-05-06,9.100000381469727
2014-05-07,7.989999771118164
2014-05-08,8.15999984741211
2014-05-09,8.420000076293945
2014-05-12,8.0600004196167
2014-05-13,7.800000190734863
2014-05-14,7.769999980926514
2014-05-15,7.650000095367432
2014-05-16,8.020000457763672
2014-05-19,8.039999961853027
2014-05-20,8.229999542236328
2014-05-21,8.5
2014-05-22,8.899999618530273
2014-05-23,8.789999961853027
2014-05-27,8.8100004196167
2014-05-28,9.170000076293945
2014-05-29,9.199999809265137
2014-05-30,8.930000305175781
2014-06-02,8.34000015258789
2014-06-03,8.359999656677246
2014-06-04,8.520000457763672
2014-06-05,9.15999984741211
2014-06-06,9.109999656677246
2014-06-09,9.180000305175781
2014-06-10,8.800000190734863
2014-06-11,8.720000267028809
2014-06-12,8.890000343322754
2014-06-13,8.970000267028809
2014-06-16,8.890000343322754
2014-06-17,8.949999809265137
2014-06-18,9.100000381469727
2014-06-19,9.9399995803833
2014-06-20,9.899999618530273
2014-06-23,9.699999809265137
2014-06-24,9.579999923706055
2014-06-25,9.319999694824219
2014-06-26,9.380000114440918
2014-06-27,9.300000190734863
2014-06-30,9.180000305175781
2014-07-01,8.850000381469727
2014-07-02,9.109999656677246
2014-07-03,8.930000305175781
2014-07-07,8.460000038146973
2014-07-08,8.300000190734863
2014-07-09,8.0600004196167
2014-07-10,7.5
2014-07-11,8.199999809265137
2014-07-14,8.989999771118164
2014-07-15,8.609999656677246
2014-07-16,8.449999809265137
2014-07-17,8.239999771118164
2014-07-18,7.920000076293945
2014-07-21,8.5
2014-07-22,8.420000076293945
2014-07-23,8.239999771118164
2014-07-24,8.210000038146973
2014-07-25,8.119999885559082
2014-07-28,7.920000076293945
2014-07-29,7.949999809265137
2014-07-30,8.220000267028809
2014-07-31,8.149999618530273
2014-08-01,7.889999866485596
2014-08-04,6.980000019073486
2014-08-05,6.920000076293945
2014-08-06,6.710000038146973
2014-08-07,6.710000038146973
2014-08-08,7.369999885559082
2014-08-11,7.460000038146973
2014-08-12,7.559999942779541
2014-08-13,7.679999828338623
2014-08-14,7.840000152587891
2014-08-15,7.869999885559082
2014-08-18,7.869999885559082
2014-08-19,8.789999961853027
2014-08-20,8.649999618530273
2014-08-21,8.670000076293945
2014-08-22,8.319999694824219
2014-08-25,8.34000015258789
2014-08-26,8.149999618530273
2014-08-27,7.440000057220459
2014-08-28,7.519999980926514
2014-08-29,7.849999904632568
2014-09-02,7.579999923706055
2014-09-03,7.53000020980835
2014-09-04,7.440000057220459
2014-09-05,7.369999885559082
2014-09-08,6.820000171661377
2014-09-09,6.880000114440918
2014-09-10,7.039999961853027
2014-09-11,7.070000171661377
2014-09-12,6.949999809265137
2014-09-15,6.690000057220459
2014-09-16,6.690000057220459
2014-09-17,6.75
2014-09-18,6.630000114440918
2014-09-19,6.599999904632568
2014-09-22,6.53000020980835
2014-09-23,6.110000133514404
2014-09-24,6.25
2014-09-25,6.480000019073486
2014-09-26,7.010000228881836
2014-09-29,7.230000019073486
2014-09-30,6.679999828338623
2014-10-01,6.599999904632568
2014-10-02,6.360000133514404
2014-10-03,6.309999942779541
2014-10-06,5.900000095367432
2014-10-07,5.980000019073486
2014-10-08,6.440000057220459
2014-10-09,6.139999866485596
2014-10-10,6.110000133514404
2014-10-13,5.690000057220459
2014-10-14,5.980000019073486
2014-10-15,5.78000020980835
2014-10-16,6.110000133514404
2014-10-17,6.650000095367432
2014-10-20,6.570000171661377
2014-10-21,6.639999866485596
2014-10-22,6.480000019073486
2014-10-23,6.360000133514404
2014-10-24,6.179999828338623
2014-10-27,5.900000095367432
2014-10-28,6.239999771118164
2014-10-29,5.989999771118164
2014-10-30,6.28000020980835
2014-10-31,6.059999942779541
2014-11-03,6.03000020980835
2014-11-04,6.150000095367432
2014-11-05,6.119999885559082
2014-11-06,5.900000095367432
2014-11-07,5.449999809265137
2014-11-10,5.449999809265137
2014-11-11,5.269999980926514
2014-11-12,5.849999904632568
2014-11-13,5.610000133514404
2014-11-14,6.010000228881836
2014-11-17,6.139999866485596
2014-11-18,6.579999923706055
2014-11-19,6.980000019073486
2014-11-20,6.840000152587891
2014-11-21,6.829999923706055
2014-11-24,7.78000020980835
2014-11-25,7.860000133514404
2014-11-26,7.940000057220459
2014-11-28,7.849999904632568
2014-12-01,7.420000076293945
2014-12-02,7.679999828338623
2014-12-03,7.769999980926514
2014-12-04,8.130000114440918
2014-12-05,7.840000152587891
2014-12-08,7.699999809265137
2014-12-09,7.989999771118164
2014-12-10,7.440000057220459
2014-12-11,8.0
2014-12-12,7.670000076293945
2014-12-15,7.610000133514404
2014-12-16,6.809999942779541
2014-12-17,7.340000152587891
2014-12-18,7.46999979019165
2014-12-19,7.409999847412109
2014-12-22,7.199999809265137
2014-12-23,7.480000019073486
2014-12-24,7.630000114440918
2014-12-26,7.289999961853027
2014-12-29,7.21999979019165
2014-12-30,6.989999771118164
2014-12-31,7.329999923706055
2015-01-02,7.239999771118164
2015-01-05,7.269999980926514
2015-01-06,6.860000133514404
2015-01-07,6.699999809265137
2015-01-08,6.659999847412109
2015-01-09,6.090000152587891
2015-01-12,5.829999923706055
2015-01-13,6.0
2015-01-14,6.199999809265137
2015-01-15,6.03000020980835
2015-01-16,6.070000171661377
2015-01-20,5.829999923706055
2015-01-21,5.579999923706055
2015-01-22,6.170000076293945
2015-01-23,6.190000057220459
2015-01-26,5.840000152587891
2015-01-27,5.960000038146973
2015-01-28,5.880000114440918
2015-01-29,6.380000114440918
2015-01-30,5.789999961853027
2015-02-02,5.78000020980835
2015-02-03,5.96999979019165
2015-02-04,6.110000133514404
2015-02-05,6.329999923706055
2015-02-06,6.539999961853027
2015-02-09,6.849999904632568
2015-02-10,7.28000020980835
2015-02-11,7.619999885559082
2015-02-12,7.340000152587891
2015-02-13,7.260000228881836
2015-02-17,7.090000152587891
2015-02-18,6.849999904632568
2015-02-19,6.610000133514404
2015-02-20,6.789999961853027
2015-02-23,6.550000190734863
2015-02-24,6.650000095367432
2015-02-25,6.909999847412109
2015-02-26,7.03000020980835
2015-02-27,6.710000038146973
2015-03-02,6.179999828338623
2015-03-03,6.090000152587891
2015-03-04,6.139999866485596
2015-03-05,6.340000152587891
2015-03-06,6.329999923706055
2015-03-09,6.380000114440918
2015-03-10,6.119999885559082
2015-03-11,5.949999809265137
2015-03-12,5.869999885559082
2015-03-13,6.010000228881836
2015-03-16,5.739999771118164
2015-03-17,5.71999979019165
2015-03-18,5.789999961853027
2015-03-19,5.769999980926514
2015-03-20,5.510000228881836
2015-03-23,5.190000057220459
2015-03-24,5.25
2015-03-25,4.96999979019165
2015-03-26,5.369999885559082
2015-03-27,5.460000038146973
2015-03-30,5.21999979019165
2015-03-31,5.289999961853027
2015-04-01,5.210000038146973
2015-04-02,5.840000152587891
2015-04-06,5.519999980926514
2015-04-07,5.28000020980835
2015-04-08,5.239999771118164
2015-04-09,5.090000152587891
2015-04-10,5.110000133514404
2015-04-13,5.199999809265137
2015-04-14,5.260000228881836
2015-04-15,5.650000095367432
2015-04-16,5.760000228881836
2015-04-17,5.739999771118164
2015-04-20,5.900000095367432
2015-04-21,5.610000133514404
2015-04-22,5.690000057220459
2015-04-23,5.559999942779541
2015-04-24,5.539999961853027
2015-04-27,5.289999961853027
2015-04-28,5.190000057220459
2015-04-29,5.449999809265137
2015-04-30,5.03000020980835
2015-05-01,5.070000171661377
2015-05-04,4.980000019073486
2015-05-05,4.96999979019165
2015-05-06,4.960000038146973
2015-05-07,4.900000095367432
2015-05-08,4.949999809265137
2015-05-11,4.739999771118164
2015-05-12,5.079999923706055
2015-05-13,5.639999866485596
2015-05-14,5.699999809265137
2015-05-15,5.769999980926514
2015-05-18,5.449999809265137
2015-05-19,5.230000019073486
2015-05-20,5.150000095367432
2015-05-21,5.289999961853027
2015-05-22,5.53000020980835
2015-05-26,5.349999904632568
2015-05-27,5.289999961853027
2015-05-28,5.260000228881836
2015-05-29,5.230000019073486
2015-06-01,5.429999828338623
2015-06-02,5.53000020980835
2015-06-03,5.519999980926514
2015-06-04,5.380000114440918
2015-06-05,5.409999847412109
2015-06-08,5.579999923706055
2015-06-09,5.699999809265137
2015-06-10,5.449999809265137
2015-06-11,5.380000114440918
2015-06-12,5.420000076293945
2015-06-15,5.400000095367432
2015-06-16,5.409999847412109
2015-06-17,5.449999809265137
2015-06-18,5.360000133514404
2015-06-19,5.320000171661377
2015-06-22,5.599999904632568
2015-06-23,5.599999904632568
2015-06-24,5.440000057220459
2015-06-25,5.440000057220459
2015-06-26,5.650000095367432
2015-06-29,5.360000133514404
2015-06-30,5.409999847412109
2015-07-01,5.21999979019165
2015-07-02,5.150000095367432
2015-07-06,4.920000076293945
2015-07-07,5.079999923706055
2015-07-08,4.940000057220459
2015-07-09,4.900000095367432
2015-07-10,4.949999809265137
2015-07-13,4.989999771118164
2015-07-14,4.789999961853027
2015-07-15,4.710000038146973
2015-07-16,4.650000095367432
2015-07-17,4.440000057220459
2015-07-20,4.420000076293945
2015-07-21,4.25
2015-07-22,4.369999885559082
2015-07-23,4.059999942779541
2015-07-24,3.859999895095825
2015-07-27,3.5399999618530273
2015-07-28,3.809999942779541
2015-07-29,3.950000047683716
2015-07-30,3.930000066757202
2015-07-31,3.9200000762939453
2015-08-03,3.9600000381469727
2015-08-04,3.6700000762939453
2015-08-05,3.559999942779541
2015-08-06,3.440000057220459
2015-08-07,3.7899999618530273
2015-08-10,3.880000114440918
2015-08-11,4.119999885559082
2015-08-12,4.869999885559082
2015-08-13,5.260000228881836
2015-08-14,5.300000190734863
2015-08-17,5.380000114440918
2015-08-18,5.329999923706055
2015-08-19,5.380000114440918
2015-08-20,5.099999904632568
2015-08-21,5.070000171661377
2015-08-24,4.550000190734863
2015-08-25,4.679999828338623
2015-08-26,4.630000114440918
2015-08-27,4.53000020980835
2015-08-28,4.670000076293945
2015-08-31,4.960000038146973
2015-09-01,4.800000190734863
2015-09-02,5.010000228881836
2015-09-03,5.039999961853027
2015-09-04,5.050000190734863
2015-09-08,5.199999809265137
2015-09-09,5.730000019073486
2015-09-10,6.400000095367432
2015-09-11,6.289999961853027
2015-09-14,6.960000038146973
2015-09-15,6.53000020980835
2015-09-16,5.940000057220459
2015-09-17,5.920000076293945
2015-09-18,6.25
2015-09-21,6.989999771118164
2015-09-22,7.190000057220459
2015-09-23,7.230000019073486
2015-09-24,7.110000133514404
2015-09-25,6.289999961853027
2015-09-28,5.559999942779541
2015-09-29,5.360000133514404
2015-09-30,6.190000057220459
2015-10-01,5.769999980926514
2015-10-02,5.78000020980835
2015-10-05,5.519999980926514
2015-10-06,5.789999961853027
2015-10-07,5.849999904632568
2015-10-08,6.090000152587891
2015-10-09,6.409999847412109
2015-10-12,6.21999979019165
2015-10-13,6.329999923706055
2015-10-14,6.329999923706055
2015-10-15,6.25
2015-10-16,6.260000228881836
2015-10-19,5.920000076293945
2015-10-20,6.03000020980835
2015-10-21,6.03000020980835
2015-10-22,6.050000190734863
2015-10-23,5.820000171661377
2015-10-26,5.699999809265137
2015-10-27,5.340000152587891
2015-10-28,5.380000114440918
2015-10-29,5.5
2015-10-30,5.619999885559082
2015-11-02,5.96999979019165
2015-11-03,5.679999828338623
2015-11-04,6.010000228881836
2015-11-05,5.929999828338623
2015-11-06,5.579999923706055
2015-11-09,5.440000057220459
2015-11-10,5.300000190734863
2015-11-11,5.090000152587891
2015-11-12,4.849999904632568
2015-11-13,4.730000019073486
2015-11-16,4.860000133514404
2015-11-17,4.630000114440918
2015-11-18,4.550000190734863
2015-11-19,4.730000019073486
2015-11-20,5.050000190734863
2015-11-23,4.690000057220459
2015-11-24,4.670000076293945
2015-11-25,4.909999847412109
2015-11-27,4.739999771118164
2015-11-30,5.0
2015-12-01,5.070000171661377
2015-12-02,5.079999923706055
2015-12-03,5.0
2015-12-04,5.0
2015-12-07,4.849999904632568
2015-12-08,4.909999847412109
2015-12-09,4.860000133514404
2015-12-10,4.900000095367432
2015-12-11,4.800000190734863
2015-12-14,4.659999847412109
2015-12-15,4.440000057220459
2015-12-16,4.519999980926514
2015-12-17,4.650000095367432
2015-12-18,4.650000095367432
2015-12-21,5.170000076293945
2015-12-22,4.989999771118164
2015-12-23,5.010000228881836
2015-12-24,4.949999809265137
2015-12-28,4.989999771118164
2015-12-29,5.0
2015-12-30,4.860000133514404
2015-12-31,4.849999904632568
2016-01-04,4.900000095367432
2016-01-05,4.75
2016-01-06,4.460000038146973
2016-01-07,4.519999980926514
2016-01-08,4.400000095367432
2016-01-11,3.9100000858306885
2016-01-12,3.880000114440918
2016-01-13,3.3299999237060547
2016-01-14,3.390000104904175
2016-01-15,3.2799999713897705
2016-01-19,3.4700000286102295
2016-01-20,3.2799999713897705
2016-01-21,3.569999933242798
2016-01-22,3.4600000381469727
2016-01-25,3.299999952316284
2016-01-26,3.319999933242798
2016-01-27,3.109999895095825
2016-01-28,3.0899999141693115
2016-01-29,3.880000114440918
2016-02-01,3.630000114440918
2016-02-02,3.569999933242798
2016-02-03,3.299999952316284
2016-02-04,3.390000104904175
2016-02-05,3.190000057220459
2016-02-08,2.9800000190734863
2016-02-09,3.069999933242798
2016-02-10,3.069999933242798
2016-02-11,3.0999999046325684
2016-02-12,3.5299999713897705
2016-02-16,3.640000104904175
2016-02-17,3.619999885559082
2016-02-18,3.5399999618530273
2016-02-19,3.609999895095825
2016-02-22,3.549999952316284
2016-02-23,3.549999952316284
2016-02-24,3.609999895095825
2016-02-25,3.7100000381469727
2016-02-26,3.990000009536743
2016-02-29,4.130000114440918
2016-03-01,4.0
2016-03-02,3.9800000190734863
2016-03-03,4.019999980926514
2016-03-04,3.369999885559082
2016-03-07,3.4700000286102295
2016-03-08,3.319999933242798
2016-03-09,3.4000000953674316
2016-03-10,3.5
2016-03-11,3.799999952316284
2016-03-14,3.940000057220459
2016-03-15,3.9600000381469727
2016-03-16,3.8499999046325684
2016-03-17,3.8399999141693115
2016-03-18,3.930000066757202
2016-03-21,3.9600000381469727
2016-03-22,3.9600000381469727
2016-03-23,3.9700000286102295
2016-03-24,3.940000057220459
2016-03-28,3.890000104904175
2016-03-29,3.9000000953674316
2016-03-30,4.010000228881836
2016-03-31,3.990000009536743
2016-04-01,4.03000020980835
2016-04-04,3.75
2016-04-05,3.930000066757202
2016-04-06,3.8399999141693115
2016-04-07,3.809999942779541
2016-04-08,3.8499999046325684
2016-04-11,3.9800000190734863
2016-04-12,3.9200000762939453
2016-04-13,3.9100000858306885
2016-04-14,4.0
2016-04-15,3.950000047683716
2016-04-18,4.0
2016-04-19,4.079999923706055
2016-04-20,4.289999961853027
2016-04-21,4.21999979019165
2016-04-22,4.210000038146973
2016-04-25,4.349999904632568
2016-04-26,4.53000020980835
2016-04-27,4.429999828338623
2016-04-28,4.550000190734863
2016-04-29,4.710000038146973
2016-05-02,4.550000190734863
2016-05-03,4.510000228881836
2016-05-04,4.449999809265137
2016-05-05,4.429999828338623
2016-05-06,4.389999866485596
2016-05-09,4.289999961853027
2016-05-10,4.320000171661377
2016-05-11,4.260000228881836
2016-05-12,4.5
2016-05-13,4.329999923706055
2016-05-16,4.269999980926514
2016-05-17,4.25
2016-05-18,3.9600000381469727
2016-05-19,3.9700000286102295
2016-05-20,4.010000228881836
2016-05-23,4.039999961853027
2016-05-24,3.9800000190734863
2016-05-25,3.990000009536743
2016-05-26,3.990000009536743
2016-05-27,3.930000066757202
2016-05-31,4.039999961853027
2016-06-01,4.449999809265137
2016-06-02,4.340000152587891
2016-06-03,4.380000114440918
2016-06-06,4.409999847412109
2016-06-07,4.380000114440918
2016-06-08,4.820000171661377
2016-06-09,4.880000114440918
2016-06-10,4.96999979019165
2016-06-13,4.730000019073486
2016-06-14,5.28000020980835
2016-06-15,5.059999942779541
2016-06-16,5.039999961853027
2016-06-17,5.039999961853027
2016-06-20,5.110000133514404
2016-06-21,4.860000133514404
2016-06-22,5.0
2016-06-23,5.03000020980835
2016-06-24,5.059999942779541
2016-06-27,5.099999904632568
2016-06-28,5.190000057220459
2016-06-29,5.019999980926514
2016-06-30,5.010000228881836
2016-07-01,4.940000057220459
2016-07-05,4.610000133514404
2016-07-06,4.659999847412109
2016-07-07,4.579999923706055
2016-07-08,4.610000133514404
2016-07-11,4.730000019073486
2016-07-12,4.579999923706055
2016-07-13,4.550000190734863
2016-07-14,4.5
2016-07-15,4.46999979019165
2016-07-18,4.420000076293945
2016-07-19,4.400000095367432
2016-07-20,4.449999809265137
2016-07-21,4.349999904632568
2016-07-22,4.289999961853027
2016-07-25,4.25
2016-07-26,4.159999847412109
2016-07-27,4.230000019073486
2016-07-28,4.260000228881836
2016-07-29,4.25
2016-08-01,4.139999866485596
2016-08-02,4.210000038146973
2016-08-03,4.289999961853027
2016-08-04,4.849999904632568
2016-08-05,5.139999866485596
2016-08-08,5.070000171661377
2016-08-09,5.019999980926514
2016-08-10,4.679999828338623
2016-08-11,5.010000228881836
2016-08-12,4.860000133514404
2016-08-15,4.880000114440918
2016-08-16,4.590000152587891
2016-08-17,4.460000038146973
2016-08-18,4.389999866485596
2016-08-19,4.340000152587891
2016-08-22,4.630000114440918
2016-08-23,4.840000152587891
2016-08-24,5.039999961853027
2016-08-25,4.840000152587891
2016-08-26,4.679999828338623
2016-08-29,4.789999961853027
2016-08-30,4.820000171661377
2016-08-31,5.070000171661377
2016-09-01,5.369999885559082
2016-09-02,5.449999809265137
2016-09-06,5.590000152587891
2016-09-07,5.650000095367432
2016-09-08,5.579999923706055
2016-09-09,5.440000057220459
2016-09-12,5.550000190734863
2016-09-13,5.329999923706055
2016-09-14,5.429999828338623
2016-09-15,5.550000190734863
2016-09-16,5.78000020980835
2016-09-19,5.769999980926514
2016-09-20,5.699999809265137
2016-09-21,6.0
2016-09-22,6.090000152587891
2016-09-23,5.989999771118164
2016-09-26,5.880000114440918
2016-09-27,5.869999885559082
2016-09-28,5.960000038146973
2016-09-29,6.019999980926514
2016-09-30,6.0
2016-10-03,5.920000076293945
2016-10-04,5.96999979019165
2016-10-05,6.079999923706055
2016-10-06,6.050000190734863
2016-10-07,6.019999980926514
2016-10-10,5.929999828338623
2016-10-11,5.869999885559082
2016-10-12,5.71999979019165
2016-10-13,5.590000152587891
2016-10-14,5.5
2016-10-17,5.300000190734863
2016-10-18,5.599999904632568
2016-10-19,5.550000190734863
2016-10-20,5.550000190734863
2016-10-21,5.400000095367432
2016-10-24,5.75
2016-10-25,5.449999809265137
2016-10-26,5.25
2016-10-27,5.400000095367432
2016-10-28,5.300000190734863
2016-10-31,5.25
2016-11-01,5.150000095367432
2016-11-02,4.849999904632568
2016-11-03,4.699999809265137
2016-11-04,4.449999809265137
2016-11-07,4.449999809265137
2016-11-08,4.550000190734863
2016-11-09,4.099999904632568
2016-11-10,4.199999809265137
2016-11-11,4.199999809265137
2016-11-14,4.400000095367432
2016-11-15,4.349999904632568
2016-11-16,4.400000095367432
2016-11-17,4.400000095367432
2016-11-18,4.449999809265137
2016-11-21,4.300000190734863
2016-11-22,4.199999809265137
2016-11-23,4.25
2016-11-25,4.099999904632568
2016-11-28,4.050000190734863
2016-11-29,4.0
2016-11-30,4.0
2016-12-01,4.050000190734863
2016-12-02,4.0
2016-12-05,3.9000000953674316
2016-12-06,3.8499999046325684
2016-12-07,4.0
2016-12-08,3.950000047683716
2016-12-09,3.950000047683716
2016-12-12,3.9000000953674316
2016-12-13,3.680000066757202
2016-12-14,3.700000047683716
2016-12-15,3.6500000953674316
2016-12-16,3.9000000953674316
2016-12-19,3.9000000953674316
2016-12-20,4.0
2016-12-21,3.9000000953674316
2016-12-22,4.0
2016-12-23,3.950000047683716
2016-12-27,3.8499999046325684
2016-12-28,3.700000047683716
2016-12-29,3.549999952316284
2016-12-30,3.4000000953674316
2017-01-03,3.4000000953674316
2017-01-04,3.200000047683716
2017-01-05,3.450000047683716
2017-01-06,3.5
2017-01-09,3.4000000953674316
2017-01-10,3.450000047683716
2017-01-11,3.3499999046325684
2017-01-12,3.450000047683716
2017-01-13,3.6500000953674316
2017-01-17,3.5
2017-01-18,3.450000047683716
2017-01-19,3.450000047683716
2017-01-20,3.3499999046325684
2017-01-23,3.200000047683716
2017-01-24,3.25
2017-01-25,3.3499999046325684
2017-01-26,3.25
2017-01-27,3.1500000953674316
2017-01-30,3.0999999046325684
2017-01-31,3.049999952316284
2017-02-01,3.0999999046325684
2017-02-02,3.1500000953674316
2017-02-03,3.0999999046325684
2017-02-06,3.1500000953674316
2017-02-07,3.3499999046325684
2017-02-08,3.5
2017-02-09,3.549999952316284
2017-02-10,3.5999999046325684
2017-02-13,3.5999999046325684
2017-02-14,3.8399999141693115
2017-02-15,3.9000000953674316
2017-02-16,4.25
2017-02-17,4.400000095367432
2017-02-21,4.550000190734863
2017-02-22,4.349999904632568
2017-02-23,4.099999904632568
2017-02-24,3.9000000953674316
2017-02-27,4.0
2017-02-28,3.9000000953674316
2017-03-01,3.950000047683716
2017-03-02,3.799999952316284
2017-03-03,3.700000047683716
2017-03-06,3.7300000190734863
2017-03-07,3.6500000953674316
2017-03-08,3.5999999046325684
2017-03-09,3.700000047683716
2017-03-10,3.700000047683716
2017-03-13,3.700000047683716
2017-03-14,3.5999999046325684
2017-03-15,3.5999999046325684
2017-03-16,3.549999952316284
2017-03-17,3.549999952316284
2017-03-20,3.75
2017-03-21,3.75
2017-03-22,3.9000000953674316
2017-03-23,3.9000000953674316
2017-03-24,3.75
2017-03-27,3.799999952316284
2017-03-28,3.6500000953674316
2017-03-29,3.6500000953674316
2017-03-30,3.8499999046325684
2017-03-31,3.9000000953674316
2017-04-03,3.6500000953674316
2017-04-04,3.6500000953674316
2017-04-05,3.6500000953674316
2017-04-06,3.700000047683716
2017-04-07,3.700000047683716
2017-04-10,3.5999999046325684
2017-04-11,3.6500000953674316
2017-04-12,3.700000047683716
2017-04-13,3.680000066757202
2017-04-17,3.549999952316284
2017-04-18,3.549999952316284
2017-04-19,3.700000047683716
2017-04-20,3.5999999046325684
2017-04-21,3.5999999046325684
2017-04-24,3.5999999046325684
2017-04-25,3.549999952316284
2017-04-26,3.5
2017-04-27,3.5
2017-04-28,3.450000047683716
2017-05-01,3.450000047683716
2017-05-02,3.4800000190734863
2017-05-03,3.450000047683716
2017-05-04,3.299999952316284
2017-05-05,3.549999952316284
2017-05-08,3.4000000953674316
2017-05-09,3.5
2017-05-10,3.5999999046325684
2017-05-11,3.549999952316284
2017-05-12,3.5999999046325684
2017-05-15,3.700000047683716
2017-05-16,3.9000000953674316
2017-05-17,3.799999952316284
2017-05-18,4.099999904632568
2017-05-19,4.25
2017-05-22,4.0
2017-05-23,3.950000047683716
2017-05-24,4.0
2017-05-25,3.799999952316284
2017-05-26,3.75
2017-05-30,3.75
2017-05-31,3.6500000953674316
2017-06-01,3.700000047683716
2017-06-02,3.5999999046325684
2017-06-05,3.549999952316284
2017-06-06,3.5999999046325684
2017-06-07,3.549999952316284
2017-06-08,3.630000114440918
2017-06-09,3.5999999046325684
2017-06-12,3.680000066757202
2017-06-13,3.700000047683716
2017-06-14,3.75
2017-06-15,3.9100000858306885
2017-06-16,3.75
2017-06-19,3.8499999046325684
2017-06-20,3.75
2017-06-21,3.700000047683716
2017-06-22,3.5999999046325684
2017-06-23,3.799999952316284
2017-06-26,3.6500000953674316
2017-06-27,3.75
2017-06-28,3.700000047683716
2017-06-29,3.6500000953674316
2017-06-30,3.799999952316284
2017-07-03,3.8499999046325684
2017-07-05,3.700000047683716
2017-07-06,3.6500000953674316
2017-07-07,3.5999999046325684
2017-07-10,3.680000066757202
2017-07-11,3.5999999046325684
2017-07-12,3.700000047683716
2017-07-13,3.5999999046325684
2017-07-14,4.0
2017-07-17,3.700000047683716
2017-07-18,3.75
2017-07-19,3.700000047683716
2017-07-20,3.700000047683716
2017-07-21,3.630000114440918
2017-07-24,3.549999952316284
2017-07-25,3.5
2017-07-26,3.450000047683716
2017-07-27,3.4000000953674316
2017-07-28,3.4000000953674316
2017-07-31,3.3499999046325684
2017-08-01,3.4000000953674316
2017-08-02,3.200000047683716
2017-08-03,3.5
2017-08-04,3.5999999046325684
2017-08-07,3.4000000953674316
2017-08-08,3.3499999046325684
2017-08-09,3.25
2017-08-10,3.1500000953674316
2017-08-11,3.4000000953674316
2017-08-14,3.4000000953674316
2017-08-15,3.0999999046325684
2017-08-16,3.3299999237060547
2017-08-17,3.25
2017-08-18,3.0999999046325684
2017-08-21,2.9000000953674316
2017-08-22,2.9000000953674316
2017-08-23,3.0
2017-08-24,3.1500000953674316
2017-08-25,3.0
2017-08-28,3.0
2017-08-29,3.049999952316284
2017-08-30,3.049999952316284
2017-08-31,3.049999952316284
2017-09-01,3.1500000953674316
2017-09-05,3.1500000953674316
2017-09-06,3.200000047683716
2017-09-07,3.1500000953674316
2017-09-08,3.1500000953674316
2017-09-11,3.049999952316284
2017-09-12,3.200000047683716
2017-09-13,3.200000047683716
2017-09-14,3.25
2017-09-15,3.0999999046325684
2017-09-18,2.9000000953674316
2017-09-19,3.25
2017-09-20,3.240000009536743
2017-09-21,3.1500000953674316
2017-09-22,3.0999999046325684
2017-09-25,3.049999952316284
2017-09-26,3.0
2017-09-27,3.299999952316284
2017-09-28,3.450000047683716
2017-09-29,3.549999952316284
2017-10-02,3.450000047683716
2017-10-03,3.4000000953674316
2017-10-04,3.5
2017-10-05,3.4800000190734863
2017-10-06,3.549999952316284
2017-10-09,3.299999952316284
2017-10-10,3.25
2017-10-11,3.200000047683716
2017-10-12,3.1500000953674316
2017-10-13,3.299999952316284
2017-10-16,3.200000047683716
2017-10-17,3.200000047683716
2017-10-18,3.1500000953674316
2017-10-19,3.0999999046325684
2017-10-20,3.0999999046325684
2017-10-23,3.0
2017-10-24,3.25
2017-10-25,3.049999952316284
2017-10-26,3.180000066757202
2017-10-27,3.200000047683716
2017-10-30,3.299999952316284
2017-10-31,3.200000047683716
2017-11-01,3.1500000953674316
2017-11-02,3.0999999046325684
2017-11-03,3.049999952316284
2017-11-06,3.0999999046325684
2017-11-07,3.1500000953674316
2017-11-08,3.450000047683716
2017-11-09,3.450000047683716
2017-11-10,2.9000000953674316
2017-11-13,3.0
2017-11-14,2.8499999046325684
2017-11-15,2.6500000953674316
2017-11-16,2.930000066757202
2017-11-17,2.799999952316284
2017-11-20,2.950000047683716
2017-11-21,2.9000000953674316
2017-11-22,2.799999952316284
2017-11-24,2.799999952316284
2017-11-27,2.680000066757202
2017-11-28,2.6500000953674316
2017-11-29,2.299999952316284
2017-11-30,2.2799999713897705
2017-12-01,2.0799999237060547
2017-12-04,2.0799999237060547
2017-12-05,2.5
2017-12-06,3.3499999046325684
2017-12-07,3.6500000953674316
2017-12-08,3.5
2017-12-11,3.549999952316284
2017-12-12,3.700000047683716
2017-12-13,3.75
2017-12-14,4.0
2017-12-15,4.300000190734863
2017-12-18,4.199999809265137
2017-12-19,4.449999809265137
2017-12-20,4.449999809265137
2017-12-21,4.349999904632568
2017-12-22,4.099999904632568
2017-12-26,3.799999952316284
2017-12-27,3.9000000953674316
2017-12-28,3.8499999046325684
2017-12-29,3.5999999046325684
2018-01-02,3.5
2018-01-03,3.3499999046325684
2018-01-04,3.200000047683716
2018-01-05,3.049999952316284
2018-01-08,2.950000047683716
2018-01-09,2.9000000953674316
2018-01-10,3.0999999046325684
2018-01-11,2.8499999046325684
2018-01-12,2.5
2018-01-16,2.5
2018-01-17,2.299999952316284
2018-01-18,2.5
2018-01-19,2.5
2018-01-22,2.3499999046325684
2018-01-23,2.2799999713897705
2018-01-24,2.25
2018-01-25,2.299999952316284
2018-01-26,2.5999999046325684
2018-01-29,2.5
2018-01-30,2.3499999046325684
2018-01-31,2.1500000953674316
2018-02-01,2.1500000953674316
2018-02-02,2.200000047683716
2018-02-05,2.0999999046325684
2018-02-06,2.1500000953674316
2018-02-07,2.25
2018-02-08,2.200000047683716
2018-02-09,2.4000000953674316
2018-02-12,2.380000114440918
2018-02-13,2.6500000953674316
2018-02-14,2.799999952316284
2018-02-15,2.799999952316284
2018-02-16,2.7300000190734863
2018-02-20,2.6500000953674316
2018-02-21,2.549999952316284
2018-02-22,2.3499999046325684
2018-02-23,2.4800000190734863
2018-02-26,2.450000047683716
2018-02-27,2.3299999237060547
2018-02-28,2.25
2018-03-01,2.25
2018-03-02,2.3299999237060547
2018-03-05,2.299999952316284
2018-03-06,2.3299999237060547
2018-03-07,2.3299999237060547
2018-03-08,2.450000047683716
2018-03-09,2.299999952316284
2018-03-12,2.299999952316284
2018-03-13,2.299999952316284
2018-03-14,2.299999952316284
2018-03-15,2.3499999046325684
2018-03-16,2.3499999046325684
2018-03-19,2.2899999618530273
2018-03-20,2.299999952316284
2018-03-21,2.2300000190734863
2018-03-22,2.200000047683716
2018-03-23,2.049999952316284
2018-03-26,2.049999952316284
2018-03-27,2.0
2018-03-28,1.9299999475479126
2018-03-29,2.0299999713897705
2018-04-02,2.0
2018-04-03,2.0
2018-04-04,2.0999999046325684
2018-04-05,2.1500000953674316
2018-04-06,2.049999952316284
2018-04-09,2.0
2018-04-10,2.0
2018-04-11,2.0
2018-04-12,1.899999976158142
2018-04-13,2.0
2018-04-16,1.9800000190734863
2018-04-17,1.9500000476837158
2018-04-18,1.899999976158142
2018-04-19,1.9500000476837158
2018-04-20,1.850000023841858
2018-04-23,1.75
2018-04-24,1.75
2018-04-25,1.7999999523162842
2018-04-26,1.75
2018-04-27,1.8300000429153442
2018-04-30,1.7999999523162842
2018-05-01,1.8300000429153442
2018-05-02,1.8300000429153442
2018-05-03,1.850000023841858
2018-05-04,1.7999999523162842
2018-05-07,1.75
2018-05-08,1.75
2018-05-09,1.75
2018-05-10,1.7999999523162842
2018-05-11,1.9299999475479126
2018-05-14,2.0
2018-05-15,1.9800000190734863
2018-05-16,1.9500000476837158
2018-05-17,1.9800000190734863
2018-05-18,2.049999952316284
2018-05-21,1.9500000476837158
2018-05-22,1.9500000476837158
2018-05-23,2.0
2018-05-24,1.9500000476837158
2018-05-25,1.9500000476837158
2018-05-29,2.0999999046325684
2018-05-30,2.0
2018-05-31,2.0
2018-06-01,2.0799999237060547
2018-06-04,2.049999952316284
2018-06-05,2.049999952316284
2018-06-06,2.049999952316284
2018-06-07,2.049999952316284
2018-06-08,2.0799999237060547
2018-06-11,2.049999952316284
2018-06-12,2.0999999046325684
2018-06-13,2.049999952316284
2018-06-14,2.0999999046325684
2018-06-15,2.130000114440918
2018-06-18,2.0
2018-06-19,1.899999976158142
2018-06-20,1.899999976158142
2018-06-21,1.850000023841858
2018-06-22,1.850000023841858
2018-06-25,1.75
2018-06-26,1.7799999713897705
2018-06-27,1.7999999523162842
2018-06-28,2.0
2018-06-29,2.0
2018-07-02,2.0
2018-07-03,1.899999976158142
2018-07-05,2.0
2018-07-06,1.9800000190734863
2018-07-09,1.9500000476837158
2018-07-10,1.9500000476837158
2018-07-11,1.9800000190734863
2018-07-12,2.0
2018-07-13,1.9800000190734863
2018-07-16,1.9500000476837158
2018-07-17,2.0
2018-07-18,2.0
2018-07-19,1.9500000476837158
2018-07-20,1.9800000190734863
2018-07-23,1.9800000190734863
2018-07-24,1.9500000476837158
2018-07-25,1.9800000190734863
2018-07-26,2.0299999713897705
2018-07-27,1.9500000476837158
2018-07-30,1.9800000190734863
2018-07-31,1.899999976158142
2018-08-01,1.8799999952316284
2018-08-02,1.899999976158142
2018-08-03,1.850000023841858
2018-08-06,1.9299999475479126
2018-08-07,1.9500000476837158
2018-08-08,1.899999976158142
2018-08-09,1.899999976158142
2018-08-10,1.9299999475479126
2018-08-13,1.899999976158142
2018-08-14,2.0
2018-08-15,2.1500000953674316
2018-08-16,2.0999999046325684
2018-08-17,2.1500000953674316
2018-08-20,2.0999999046325684
2018-08-21,2.0999999046325684
2018-08-22,2.1500000953674316
2018-08-23,2.0999999046325684
2018-08-24,2.0999999046325684
2018-08-27,2.0999999046325684
2018-08-28,2.0999999046325684
2018-08-29,2.1500000953674316
2018-08-30,2.1700000762939453
2018-08-31,2.049999952316284
2018-09-04,2.0999999046325684
2018-09-05,2.0
2018-09-06,1.9500000476837158
2018-09-07,1.9500000476837158
2018-09-10,1.899999976158142
2018-09-11,1.9299999475479126
2018-09-12,1.8799999952316284
2018-09-13,1.7999999523162842
2018-09-14,1.7999999523162842
2018-09-17,1.600000023841858
2018-09-18,1.7999999523162842
2018-09-19,1.75
2018-09-20,1.75
2018-09-21,1.7000000476837158
2018-09-24,1.7000000476837158
2018-09-25,1.7000000476837158
2018-09-26,1.649999976158142
2018-09-27,1.6799999475479126
2018-09-28,1.600000023841858
2018-10-01,1.600000023841858
2018-10-02,1.659999966621399
2018-10-03,1.600000023841858
2018-10-04,1.649999976158142
2018-10-05,1.600000023841858
2018-10-08,1.5299999713897705
2018-10-09,1.4500000476837158
2018-10-10,1.440000057220459
2018-10-11,1.4700000286102295
2018-10-12,1.5299999713897705
2018-10-15,1.4500000476837158
2018-10-16,1.5
2018-10-17,1.5099999904632568
2018-10-18,1.4800000190734863
2018-10-19,1.4700000286102295
2018-10-22,1.5199999809265137
2018-10-23,1.4500000476837158
2018-10-24,1.4900000095367432
2018-10-25,1.4299999475479126
2018-10-26,1.3799999952316284
2018-10-29,1.4199999570846558
2018-10-30,1.440000057220459
2018-10-31,1.440000057220459
2018-11-01,1.409999966621399
2018-11-02,1.3700000047683716
2018-11-05,1.3600000143051147
2018-11-06,1.409999966621399
2018-11-07,1.350000023841858
2018-11-08,1.4500000476837158
2018-11-09,1.5800000429153442
2018-11-12,1.4500000476837158
2018-11-13,1.5800000429153442
2018-11-14,1.649999976158142
2018-11-15,1.7200000286102295
2018-11-16,1.690000057220459
2018-11-19,1.75
2018-11-20,1.649999976158142
2018-11-21,1.75
2018-11-23,1.6799999475479126
2018-11-26,1.649999976158142
2018-11-27,1.7300000190734863
2018-11-28,1.6799999475479126
2018-11-29,1.690000057220459
2018-11-30,1.559999942779541
2018-12-03,1.4500000476837158
2018-12-04,1.4700000286102295
2018-12-06,1.3300000429153442
2018-12-07,1.399999976158142
2018-12-10,1.25
2018-12-11,1.159999966621399
2018-12-12,1.1799999475479126
2018-12-13,1.1200000047683716
2018-12-14,1.159999966621399
2018-12-17,1.149999976158142
2018-12-18,1.1299999952316284
2018-12-19,1.1399999856948853
2018-12-20,1.059999942779541
2018-12-21,1.0099999904632568
2018-12-24,1.149999976158142
2018-12-26,1.0700000524520874
2018-12-27,0.8799999952316284
2018-12-28,1.0700000524520874
2018-12-31,1.0199999809265137
2019-01-02,1.0
2019-01-03,1.059999942779541
2019-01-04,1.190000057220459
2019-01-07,1.2699999809265137
2019-01-08,1.159999966621399
2019-01-09,1.2000000476837158
2019-01-10,1.2000000476837158
2019-01-11,1.25
2019-01-14,1.2300000190734863
2019-01-15,1.1699999570846558
2019-01-16,1.25
2019-01-17,1.1799999475479126
2019-01-18,1.2000000476837158
2019-01-22,1.190000057220459
2019-01-23,1.159999966621399
2019-01-24,1.159999966621399
2019-01-25,1.149999976158142
2019-01-28,1.090000033378601
2019-01-29,1.159999966621399
2019-01-30,1.2100000381469727
2019-01-31,1.2699999809265137
2019-02-01,1.2200000286102295
2019-02-04,1.2200000286102295
2019-02-05,1.2599999904632568
2019-02-06,1.2100000381469727
2019-02-07,1.2400000095367432
2019-02-08,1.1399999856948853
2019-02-11,1.149999976158142
2019-02-12,1.059999942779541
2019-02-13,1.2200000286102295
2019-02-14,1.2000000476837158
2019-02-15,1.25
2019-02-19,1.1799999475479126
2019-02-20,1.149999976158142
2019-02-21,1.2200000286102295
2019-02-22,1.159999966621399
2019-02-25,1.190000057220459
2019-02-26,1.149999976158142
2019-02-27,1.0499999523162842
2019-02-28,1.059999942779541
2019-03-01,1.0800000429153442
2019-03-04,1.0700000524520874
2019-03-05,1.0099999904632568
2019-03-06,0.949999988079071
2019-03-07,0.9399999976158142
2019-03-08,0.9399999976158142
2019-03-11,0.8999999761581421
2019-03-12,0.9200000166893005
2019-03-13,0.9900000095367432
2019-03-14,0.9200000166893005
2019-03-15,0.9300000071525574
2019-03-18,0.9300000071525574
2019-03-19,0.9399999976158142
2019-03-20,0.9399999976158142
2019-03-21,0.9200000166893005
2019-03-22,0.9399999976158142
2019-03-25,0.9399999976158142
2019-03-26,0.9300000071525574
2019-03-27,0.9300000071525574
2019-03-28,0.8700000047683716
2019-03-29,0.8999999761581421
2019-04-01,0.8500000238418579
2019-04-02,0.9100000262260437
2019-04-03,0.8999999761581421
2019-04-04,0.9100000262260437
2019-04-05,0.949999988079071
2019-04-08,0.949999988079071
2019-04-09,0.8799999952316284
2019-04-10,0.8799999952316284
2019-04-11,0.8799999952316284
2019-04-12,0.8600000143051147
2019-04-15,0.8700000047683716
2019-04-16,0.8600000143051147
2019-04-17,0.8500000238418579
2019-04-18,0.8700000047683716
2019-04-22,0.8799999952316284
2019-04-23,0.8799999952316284
2019-04-24,0.800000011920929
2019-04-25,0.8299999833106995
2019-04-26,0.8100000023841858
2019-04-29,0.8299999833106995
2019-04-30,0.8399999737739563
2019-05-01,0.8700000047683716
2019-05-02,0.7900000214576721
2019-05-03,0.800000011920929
2019-05-06,0.7699999809265137
2019-05-07,0.7599999904632568
2019-05-08,0.7699999809265137
2019-05-09,0.800000011920929
2019-05-10,0.8700000047683716
2019-05-13,1.0700000524520874
2019-05-14,1.0700000524520874
2019-05-15,0.9100000262260437
2019-05-16,1.0
2019-05-17,1.0399999618530273
2019-05-20,1.0099999904632568
2019-05-21,0.949999988079071
2019-05-22,0.8999999761581421
2019-05-23,0.949999988079071
2019-05-24,0.9300000071525574
2019-05-28,0.949999988079071
2019-05-29,0.8999999761581421
2019-05-30,0.8999999761581421
2019-05-31,0.8999999761581421
2019-06-03,0.9100000262260437
2019-06-04,0.8899999856948853
2019-06-05,0.8899999856948853
2019-06-06,0.8799999952316284
2019-06-07,0.8799999952316284
2019-06-10,0.8899999856948853
2019-06-11,0.8899999856948853
2019-06-12,0.9100000262260437
2019-06-13,0.9200000166893005
2019-06-14,1.0199999809265137
2019-06-17,1.0099999904632568
2019-06-18,1.059999942779541
2019-06-19,1.0800000429153442
2019-06-20,1.090000033378601
2019-06-21,1.090000033378601
2019-06-24,1.0399999618530273
2019-06-25,1.090000033378601
2019-06-26,1.0199999809265137
2019-06-27,1.0499999523162842
2019-06-28,1.149999976158142
2019-07-01,1.2000000476837158
2019-07-02,1.2100000381469727
2019-07-03,1.2400000095367432
2019-07-05,1.2300000190734863
2019-07-08,1.2899999618530273
2019-07-09,1.4199999570846558
2019-07-10,1.4600000381469727
2019-07-11,1.3899999856948853
2019-07-12,1.340000033378601
2019-07-15,1.350000023841858
2019-07-16,1.309999942779541
2019-07-17,1.3300000429153442
2019-07-18,1.309999942779541
2019-07-19,1.25
2019-07-22,1.100000023841858
2019-07-23,1.25
2019-07-24,1.2699999809265137
2019-07-25,1.2200000286102295
2019-07-26,1.2400000095367432
2019-07-29,1.2400000095367432
2019-07-30,1.25
2019-07-31,1.25
2019-08-01,1.2300000190734863
2019-08-02,1.25
2019-08-05,1.1200000047683716
2019-08-06,1.2200000286102295
2019-08-07,1.25
2019-08-08,1.2100000381469727
2019-08-09,1.1799999475479126
2019-08-12,1.2000000476837158
2019-08-13,1.1699999570846558
2019-08-14,1.1399999856948853
2019-08-15,1.1799999475479126
2019-08-16,1.1399999856948853
2019-08-19,1.0800000429153442
2019-08-20,1.0800000429153442
2019-08-21,1.100000023841858
2019-08-22,1.1399999856948853
2019-08-23,1.340000033378601
2019-08-26,1.3799999952316284
2019-08-27,1.2200000286102295
2019-08-28,1.3200000524520874
2019-08-29,1.2899999618530273
2019-08-30,1.350000023841858
2019-09-03,1.3700000047683716
2019-09-04,1.340000033378601
2019-09-05,1.25
2019-09-06,1.2000000476837158
2019-09-09,1.2100000381469727
2019-09-10,1.1799999475479126
2019-09-11,1.25
2019-09-12,1.2300000190734863
2019-09-13,1.2200000286102295
2019-09-16,1.2699999809265137
2019-09-17,1.2100000381469727
2019-09-18,1.2100000381469727
2019-09-19,1.25
2019-09-20,1.2100000381469727
2019-09-23,1.2400000095367432
2019-09-24,1.2400000095367432
2019-09-25,1.2300000190734863
2019-09-26,1.2400000095367432
2019-09-27,1.149999976158142
2019-09-30,1.2300000190734863
2019-10-01,1.2100000381469727
2019-10-02,1.1200000047683716
2019-10-03,1.1200000047683716
2019-10-04,1.1200000047683716
2019-10-07,1.090000033378601
2019-10-08,1.1299999952316284
2019-10-09,1.0800000429153442
2019-10-10,1.100000023841858
2019-10-11,1.100000023841858
2019-10-14,1.1699999570846558
2019-10-15,1.1200000047683716
2019-10-16,1.059999942779541
2019-10-17,1.0499999523162842
2019-10-18,1.2699999809265137
2019-10-21,1.1200000047683716
2019-10-22,1.159999966621399
2019-10-23,1.0700000524520874
2019-10-24,1.090000033378601
2019-10-25,1.100000023841858
2019-10-28,1.0299999713897705
2019-10-29,1.0099999904632568
2019-10-30,1.0299999713897705
2019-10-31,0.9300000071525574
2019-11-01,1.0
2019-11-04,1.0299999713897705
2019-11-05,1.0
2019-11-06,1.0
2019-11-07,1.0
2019-11-08,1.0499999523162842
2019-11-11,1.0499999523162842
2019-11-12,1.0499999523162842
2019-11-13,0.9399999976158142
2019-11-14,0.9800000190734863
2019-11-15,1.0099999904632568
2019-11-18,0.9800000190734863
2019-11-19,0.949999988079071
2019-11-20,0.8999999761581421
2019-11-21,0.9399999976158142
2019-11-22,0.9300000071525574
2019-11-25,0.9200000166893005
2019-11-26,0.9300000071525574
2019-11-27,1.0099999904632568
2019-11-29,1.0299999713897705
2019-12-02,0.9900000095367432
2019-12-03,0.9100000262260437
2019-12-04,0.8799999952316284
2019-12-05,0.8899999856948853
2019-12-06,0.9100000262260437
2019-12-09,0.8700000047683716
2019-12-10,0.8899999856948853
2019-12-11,0.8799999952316284
2019-12-12,0.8100000023841858
2019-12-13,0.7799999713897705
2019-12-16,0.7799999713897705
2019-12-17,0.7599999904632568
2019-12-18,0.7300000190734863
2019-12-19,0.7300000190734863
2019-12-20,0.7799999713897705
2019-12-23,0.8399999737739563
2019-12-24,0.8299999833106995
2019-12-26,0.75
2019-12-27,0.7699999809265137
2019-12-30,0.7900000214576721
2019-12-31,0.7599999904632568
2020-01-02,0.8299999833106995
2020-01-03,0.8100000023841858
2020-01-06,0.8100000023841858
2020-01-07,0.8500000238418579
2020-01-08,0.8600000143051147
2020-01-09,0.8899999856948853
2020-01-10,0.9300000071525574
2020-01-13,0.9900000095367432
2020-01-14,1.0099999904632568
2020-01-15,0.949999988079071
2020-01-16,1.0
2020-01-17,1.0
2020-01-21,1.0099999904632568
2020-01-22,1.090000033378601
2020-01-23,1.0299999713897705
2020-01-24,1.0299999713897705
2020-01-27,0.9900000095367432
2020-01-28,1.0299999713897705
2020-01-29,0.9599999785423279
2020-01-30,1.0199999809265137
2020-01-31,1.0
2020-02-03,0.9399999976158142
2020-02-04,0.9900000095367432
2020-02-05,1.0
2020-02-06,0.949999988079071
2020-02-07,1.0099999904632568
2020-02-10,0.9700000286102295
2020-02-11,0.9599999785423279
2020-02-12,0.9399999976158142
2020-02-13,0.8399999737739563
2020-02-14,0.8199999928474426
2020-02-18,0.7699999809265137
2020-02-19,0.7799999713897705
2020-02-20,0.8500000238418579
2020-02-21,0.8399999737739563
2020-02-24,0.8199999928474426
2020-02-25,0.75
2020-02-26,0.800000011920929
2020-02-27,0.7099999785423279
2020-02-28,0.6800000071525574
2020-03-02,0.7300000190734863
2020-03-03,0.7799999713897705
2020-03-04,0.800000011920929
2020-03-05,0.7799999713897705
2020-03-06,0.7799999713897705
2020-03-09,0.699999988079071
2020-03-10,0.7099999785423279
2020-03-11,0.7200000286102295
2020-03-12,0.6899999976158142
2020-03-13,0.6499999761581421
2020-03-16,0.5299999713897705
2020-03-17,0.49000000953674316
2020-03-18,0.4099999964237213
2020-03-19,0.41999998688697815
2020-03-20,0.38999998569488525
2020-03-23,0.4000000059604645
2020-03-24,0.4000000059604645
2020-03-25,0.8100000023841858
2020-03-26,0.7900000214576721
2020-03-27,0.7099999785423279
2020-03-30,0.6399999856948853
2020-03-31,0.7200000286102295
2020-04-01,0.7200000286102295
2020-04-02,0.6899999976158142
2020-04-03,0.5600000023841858
2020-04-06,0.5299999713897705
2020-04-07,0.6499999761581421
2020-04-08,0.6899999976158142
2020-04-09,0.75
2020-04-13,0.7799999713897705
2020-04-14,0.7900000214576721
2020-04-15,0.8700000047683716
2020-04-16,0.9100000262260437
2020-04-17,0.8600000143051147
2020-04-20,0.8500000238418579
2020-04-21,0.7900000214576721
2020-04-22,0.800000011920929
2020-04-23,0.800000011920929
2020-04-24,0.7599999904632568
2020-04-27,0.7699999809265137
2020-04-28,0.9200000166893005
2020-04-29,0.9700000286102295
2020-04-30,0.8999999761581421
2020-05-01,0.8399999737739563
2020-05-04,0.7799999713897705
2020-05-05,0.7599999904632568
2020-05-06,0.699999988079071
2020-05-07,0.699999988079071
2020-05-08,0.6299999952316284
2020-05-11,0.5899999737739563
2020-05-12,0.550000011920929
2020-05-13,0.5699999928474426
2020-05-14,0.6000000238418579
2020-05-15,0.550000011920929
2020-05-18,0.5400000214576721
2020-05-19,0.49000000953674316
2020-05-20,0.6399999856948853
2020-05-21,0.6200000047683716
2020-05-22,0.5699999928474426
2020-05-26,0.5099999904632568
2020-05-27,0.5
2020-05-28,0.550000011920929
2020-05-29,0.5199999809265137
2020-06-01,0.5600000023841858
2020-06-02,0.5600000023841858
2020-06-03,0.6800000071525574
2020-06-04,0.7099999785423279
2020-06-05,0.7400000095367432
2020-06-08,0.8500000238418579
2020-06-09,0.8199999928474426
2020-06-10,0.8100000023841858
2020-06-11,0.7900000214576721
2020-06-12,0.8500000238418579
2020-06-15,0.7900000214576721
2020-06-16,2.369999885559082
2020-06-17,2.549999952316284
2020-06-18,2.2200000286102295
2020-06-19,2.2300000190734863
2020-06-22,2.0399999618530273
2020-06-23,1.8899999856948853
2020-06-24,1.8899999856948853
2020-06-25,1.9500000476837158
2020-06-26,1.9800000190734863
2020-06-29,2.009999990463257
2020-06-30,2.0799999237060547
2020-07-01,2.200000047683716
2020-07-02,2.359999895095825
2020-07-06,2.319999933242798
2020-07-07,2.140000104904175
2020-07-08,2.190000057220459
2020-07-09,2.1500000953674316
2020-07-10,2.0799999237060547
2020-07-13,2.1700000762939453
2020-07-14,2.109999895095825
2020-07-15,2.0899999141693115
2020-07-16,2.109999895095825
2020-07-17,2.25
2020-07-20,2.25
2020-07-21,2.4200000762939453
2020-07-22,2.4700000286102295
2020-07-23,2.25
2020-07-24,2.1600000858306885
2020-07-27,2.119999885559082
2020-07-28,2.0999999046325684
2020-07-29,2.140000104904175
2020-07-30,2.180000066757202
2020-07-31,2.259999990463257
2020-08-03,2.450000047683716
2020-08-04,2.869999885559082
2020-08-05,2.7100000381469727
2020-08-06,2.5899999141693115
2020-08-07,2.2799999713897705
2020-08-10,2.4600000381469727
2020-08-11,2.369999885559082
2020-08-12,2.2899999618530273
2020-08-13,2.4600000381469727
2020-08-14,2.3499999046325684
2020-08-17,2.359999895095825
2020-08-18,2.299999952316284
2020-08-19,2.319999933242798
2020-08-20,2.450000047683716
2020-08-21,2.2799999713897705
2020-08-24,2.2200000286102295
2020-08-25,2.2899999618530273
2020-08-26,2.3499999046325684
2020-08-27,2.299999952316284
2020-08-28,2.2899999618530273
2020-08-31,2.2899999618530273
2020-09-01,2.2300000190734863
2020-09-02,2.2699999809265137
2020-09-03,2.299999952316284
2020-09-04,2.200000047683716
2020-09-08,2.1700000762939453
2020-09-09,2.2699999809265137
2020-09-10,2.180000066757202
2020-09-11,2.2699999809265137
2020-09-14,2.309999942779541
2020-09-15,2.509999990463257
2020-09-16,2.4600000381469727
2020-09-17,2.4600000381469727
2020-09-18,2.430000066757202
2020-09-21,2.25
2020-09-22,2.25
2020-09-23,2.2699999809265137
2020-09-24,2.2100000381469727
2020-09-25,2.190000057220459
2020-09-28,2.2200000286102295
2020-09-29,2.25
2020-09-30,2.259999990463257
2020-10-01,2.5
2020-10-02,2.4800000190734863
2020-10-05,2.450000047683716
2020-10-06,2.450000047683716
2020-10-07,2.609999895095825
2020-10-08,2.5899999141693115
2020-10-09,2.869999885559082
2020-10-12,2.6500000953674316
2020-10-13,2.7200000286102295
2020-10-14,2.5399999618530273
2020-10-15,2.490000009536743
2020-10-16,2.509999990463257
2020-10-19,2.430000066757202
2020-10-20,2.380000114440918
2020-10-21,2.440000057220459
2020-10-22,2.4800000190734863
2020-10-23,2.569999933242798
2020-10-26,2.5199999809265137
2020-10-27,2.5
2020-10-28,2.369999885559082
2020-10-29,2.3399999141693115
2020-10-30,2.240000009536743
2020-11-02,2.2300000190734863
2020-11-03,2.3499999046325684
2020-11-04,2.369999885559082
2020-11-05,2.3299999237060547
2020-11-06,2.319999933242798
2020-11-09,2.319999933242798
2020-11-10,2.299999952316284
2020-11-11,2.3299999237060547
2020-11-12,2.380000114440918
2020-11-13,2.3399999141693115
2020-11-16,2.3399999141693115
2020-11-17,2.380000114440918
2020-11-18,2.3299999237060547
2020-11-19,2.380000114440918
2020-11-20,2.319999933242798
2020-11-23,2.309999942779541
2020-11-24,2.680000066757202
2020-11-25,2.559999942779541
2020-11-27,2.619999885559082
2020-11-30,2.559999942779541
2020-12-01,2.5399999618530273
2020-12-02,2.5799999237060547
2020-12-03,2.809999942779541
2020-12-04,2.75
2020-12-07,2.690000057220459
2020-12-08,2.819999933242798
2020-12-09,2.6500000953674316
2020-12-10,2.75
2020-12-11,2.740000009536743
2020-12-14,2.619999885559082
2020-12-15,2.740000009536743
2020-12-16,2.9000000953674316
2020-12-17,2.990000009536743
2020-12-18,2.8499999046325684
2020-12-21,3.1500000953674316
2020-12-22,3.1700000762939453
2020-12-23,3.2799999713897705
2020-12-24,3.3499999046325684
2020-12-28,3.1600000858306885
2020-12-29,3.2100000381469727
2020-12-30,2.9600000381469727
2020-12-31,2.930000066757202
2021-01-04,2.880000114440918
2021-01-05,2.940000057220459
2021-01-06,2.990000009536743
2021-01-07,3.1700000762939453
2021-01-08,3.369999885559082
2021-01-11,3.859999895095825
2021-01-12,3.8499999046325684
2021-01-13,3.9100000858306885
2021-01-14,3.9100000858306885
2021-01-15,3.930000066757202
2021-01-19,3.930000066757202
2021-01-20,3.8499999046325684
2021-01-21,3.940000057220459
2021-01-22,3.9700000286102295
2021-01-25,3.9200000762939453
2021-01-26,3.8299999237060547
2021-01-27,3.9600000381469727
2021-01-28,4.019999980926514
2021-01-29,3.990000009536743
2021-02-01,3.990000009536743
2021-02-02,3.950000047683716
2021-02-03,4.519999980926514
2021-02-04,4.309999942779541
2021-02-05,4.420000076293945
2021-02-08,4.53000020980835
2021-02-09,4.5
2021-02-10,4.440000057220459
2021-02-11,4.079999923706055
2021-02-12,4.329999923706055
2021-02-16,4.599999904632568
2021-02-17,4.619999885559082
2021-02-18,4.670000076293945
2021-02-19,5.03000020980835
2021-02-22,4.269999980926514
2021-02-23,4.329999923706055
2021-02-24,4.869999885559082
2021-02-25,4.739999771118164
2021-02-26,4.730000019073486
2021-03-01,4.789999961853027
2021-03-02,4.809999942779541
2021-03-03,4.610000133514404
2021-03-04,4.199999809265137
2021-03-05,4.460000038146973
2021-03-08,4.400000095367432
2021-03-09,4.590000152587891
2021-03-10,4.570000171661377
2021-03-11,4.679999828338623
2021-03-12,5.03000020980835
2021-03-15,4.860000133514404
2021-03-16,4.78000020980835
2021-03-17,4.849999904632568
2021-03-18,4.570000171661377
2021-03-19,4.809999942779541
2021-03-22,5.320000171661377
2021-03-23,4.699999809265137
2021-03-24,4.96999979019165
2021-03-25,5.099999904632568
2021-03-26,5.28000020980835
2021-03-29,5.389999866485596
2021-03-30,5.599999904632568
2021-03-31,5.679999828338623
2021-04-01,5.800000190734863
2021-04-05,5.690000057220459
2021-04-06,5.440000057220459
2021-04-07,5.050000190734863
2021-04-08,5.21999979019165
2021-04-09,5.010000228881836
2021-04-12,4.579999923706055
2021-04-13,4.429999828338623
2021-04-14,4.400000095367432
2021-04-15,4.659999847412109
2021-04-16,5.130000114440918
2021-04-19,4.579999923706055
2021-04-20,4.420000076293945
2021-04-21,4.289999961853027
2021-04-22,4.150000095367432
2021-04-23,4.369999885559082
2021-04-26,4.369999885559082
2021-04-27,4.300000190734863
2021-04-28,5.0
2021-04-29,4.78000020980835
2021-04-30,4.78000020980835
2021-05-03,4.639999866485596
2021-05-04,4.329999923706055
2021-05-05,4.480000019073486
2021-05-06,4.21999979019165
2021-05-07,4.420000076293945
2021-05-10,4.150000095367432
2021-05-11,4.360000133514404
2021-05-12,4.110000133514404
2021-05-13,3.990000009536743
2021-05-14,4.170000076293945
