,ECHO
2009-10-02,14.0600004196167
2009-10-05,14.0
2009-10-06,14.0
2009-10-07,13.510000228881836
2009-10-08,12.979999542236328
2009-10-09,12.869999885559082
2009-10-12,12.380000114440918
2009-10-13,12.100000381469727
2009-10-14,12.050000190734863
2009-10-15,12.270000457763672
2009-10-16,12.5
2009-10-19,12.609999656677246
2009-10-20,12.619999885559082
2009-10-21,12.680000305175781
2009-10-22,12.880000114440918
2009-10-23,12.869999885559082
2009-10-26,12.829999923706055
2009-10-27,12.960000038146973
2009-10-28,12.899999618530273
2009-10-29,13.119999885559082
2009-10-30,13.050000190734863
2009-11-02,13.239999771118164
2009-11-03,13.649999618530273
2009-11-04,14.180000305175781
2009-11-05,14.270000457763672
2009-11-06,14.0600004196167
2009-11-09,14.359999656677246
2009-11-10,14.279999732971191
2009-11-11,15.180000305175781
2009-11-12,14.600000381469727
2009-11-13,14.460000038146973
2009-11-16,13.449999809265137
2009-11-17,13.210000038146973
2009-11-18,12.529999732971191
2009-11-19,12.680000305175781
2009-11-20,12.760000228881836
2009-11-23,13.069999694824219
2009-11-24,12.800000190734863
2009-11-25,12.800000190734863
2009-11-27,12.6899995803833
2009-11-30,12.680000305175781
2009-12-01,12.989999771118164
2009-12-02,12.890000343322754
2009-12-03,13.130000114440918
2009-12-04,13.949999809265137
2009-12-07,13.770000457763672
2009-12-08,13.380000114440918
2009-12-09,13.399999618530273
2009-12-10,13.210000038146973
2009-12-11,13.3100004196167
2009-12-14,12.9399995803833
2009-12-15,13.109999656677246
2009-12-16,12.350000381469727
2009-12-17,12.079999923706055
2009-12-18,12.399999618530273
2009-12-21,12.850000381469727
2009-12-22,12.510000228881836
2009-12-23,12.5600004196167
2009-12-24,12.579999923706055
2009-12-28,12.489999771118164
2009-12-29,12.4399995803833
2009-12-30,12.649999618530273
2009-12-31,12.6899995803833
2010-01-04,12.390000343322754
2010-01-05,12.319999694824219
2010-01-06,12.930000305175781
2010-01-07,13.65999984741211
2010-01-08,13.600000381469727
2010-01-11,13.460000038146973
2010-01-12,13.300000190734863
2010-01-13,13.3100004196167
2010-01-14,13.300000190734863
2010-01-15,13.199999809265137
2010-01-19,13.100000381469727
2010-01-20,13.050000190734863
2010-01-21,12.850000381469727
2010-01-22,12.529999732971191
2010-01-25,12.609999656677246
2010-01-26,12.369999885559082
2010-01-27,12.510000228881836
2010-01-28,12.239999771118164
2010-01-29,12.069999694824219
2010-02-01,12.100000381469727
2010-02-02,11.899999618530273
2010-02-03,11.279999732971191
2010-02-04,10.789999961853027
2010-02-05,10.550000190734863
2010-02-08,10.670000076293945
2010-02-09,10.619999885559082
2010-02-10,10.3100004196167
2010-02-11,10.65999984741211
2010-02-12,10.489999771118164
2010-02-16,10.489999771118164
2010-02-17,10.539999961853027
2010-02-18,10.899999618530273
2010-02-19,11.359999656677246
2010-02-22,11.40999984741211
2010-02-23,11.020000457763672
2010-02-24,10.989999771118164
2010-02-25,11.149999618530273
2010-02-26,11.3100004196167
2010-03-01,11.8100004196167
2010-03-02,12.350000381469727
2010-03-03,12.510000228881836
2010-03-04,12.520000457763672
2010-03-05,12.760000228881836
2010-03-08,12.529999732971191
2010-03-09,12.65999984741211
2010-03-10,12.789999961853027
2010-03-11,12.869999885559082
2010-03-12,12.859999656677246
2010-03-15,12.6899995803833
2010-03-16,12.8100004196167
2010-03-17,12.869999885559082
2010-03-18,12.800000190734863
2010-03-19,12.859999656677246
2010-03-22,12.989999771118164
2010-03-23,13.1899995803833
2010-03-24,13.260000228881836
2010-03-25,13.100000381469727
2010-03-26,13.010000228881836
2010-03-29,13.25
2010-03-30,13.399999618530273
2010-03-31,12.90999984741211
2010-04-01,12.75
2010-04-05,13.0
2010-04-06,13.220000267028809
2010-04-07,13.050000190734863
2010-04-08,13.239999771118164
2010-04-09,13.319999694824219
2010-04-12,13.4399995803833
2010-04-13,13.65999984741211
2010-04-14,13.550000190734863
2010-04-15,13.569999694824219
2010-04-16,13.350000381469727
2010-04-19,12.949999809265137
2010-04-20,13.050000190734863
2010-04-21,13.100000381469727
2010-04-22,13.149999618530273
2010-04-23,13.699999809265137
2010-04-26,13.6899995803833
2010-04-27,13.460000038146973
2010-04-28,13.369999885559082
2010-04-29,13.539999961853027
2010-04-30,13.489999771118164
2010-05-03,13.600000381469727
2010-05-04,13.539999961853027
2010-05-05,13.420000076293945
2010-05-06,13.050000190734863
2010-05-07,13.180000305175781
2010-05-10,13.59000015258789
2010-05-11,13.510000228881836
2010-05-12,13.279999732971191
2010-05-13,13.279999732971191
2010-05-14,13.069999694824219
2010-05-17,13.3100004196167
2010-05-18,13.279999732971191
2010-05-19,13.5600004196167
2010-05-20,13.15999984741211
2010-05-21,13.180000305175781
2010-05-24,12.90999984741211
2010-05-25,13.0
2010-05-26,13.0
2010-05-27,13.279999732971191
2010-05-28,13.119999885559082
2010-06-01,13.020000457763672
2010-06-02,13.319999694824219
2010-06-03,13.359999656677246
2010-06-04,13.050000190734863
2010-06-07,12.850000381469727
2010-06-08,12.289999961853027
2010-06-09,12.180000305175781
2010-06-10,11.979999542236328
2010-06-11,11.960000038146973
2010-06-14,12.380000114440918
2010-06-15,12.789999961853027
2010-06-16,12.949999809265137
2010-06-17,13.020000457763672
2010-06-18,13.100000381469727
2010-06-21,13.329999923706055
2010-06-22,13.25
2010-06-23,13.029999732971191
2010-06-24,12.859999656677246
2010-06-25,13.3100004196167
2010-06-28,13.270000457763672
2010-06-29,12.529999732971191
2010-06-30,12.210000038146973
2010-07-01,12.649999618530273
2010-07-02,12.649999618530273
2010-07-06,12.84000015258789
2010-07-07,13.279999732971191
2010-07-08,13.430000305175781
2010-07-09,13.300000190734863
2010-07-12,13.130000114440918
2010-07-13,13.449999809265137
2010-07-14,13.4399995803833
2010-07-15,12.6899995803833
2010-07-16,12.329999923706055
2010-07-19,11.949999809265137
2010-07-20,11.819999694824219
2010-07-21,11.279999732971191
2010-07-22,11.529999732971191
2010-07-23,11.75
2010-07-26,11.680000305175781
2010-07-27,11.369999885559082
2010-07-28,11.75
2010-07-29,11.609999656677246
2010-07-30,11.960000038146973
2010-08-02,11.829999923706055
2010-08-03,11.84000015258789
2010-08-04,12.859999656677246
2010-08-05,13.0
2010-08-06,13.0
2010-08-09,13.140000343322754
2010-08-10,13.1899995803833
2010-08-11,12.819999694824219
2010-08-12,12.75
2010-08-13,12.65999984741211
2010-08-16,12.4399995803833
2010-08-17,12.619999885559082
2010-08-18,12.510000228881836
2010-08-19,11.930000305175781
2010-08-20,12.279999732971191
2010-08-23,12.130000114440918
2010-08-24,12.1899995803833
2010-08-25,12.260000228881836
2010-08-26,12.65999984741211
2010-08-27,13.0600004196167
2010-08-30,12.550000190734863
2010-08-31,12.489999771118164
2010-09-01,12.630000114440918
2010-09-02,12.430000305175781
2010-09-03,12.819999694824219
2010-09-07,12.380000114440918
2010-09-08,12.880000114440918
2010-09-09,13.010000228881836
2010-09-10,12.869999885559082
2010-09-13,12.90999984741211
2010-09-14,12.779999732971191
2010-09-15,12.800000190734863
2010-09-16,12.34000015258789
2010-09-17,12.609999656677246
2010-09-20,12.859999656677246
2010-09-21,12.579999923706055
2010-09-22,12.170000076293945
2010-09-23,11.869999885559082
2010-09-24,12.25
2010-09-27,12.75
2010-09-28,12.65999984741211
2010-09-29,12.970000267028809
2010-09-30,12.770000457763672
2010-10-01,12.989999771118164
2010-10-04,12.760000228881836
2010-10-05,12.75
2010-10-06,12.010000228881836
2010-10-07,12.229999542236328
2010-10-08,12.6899995803833
2010-10-11,12.65999984741211
2010-10-12,12.720000267028809
2010-10-13,13.3100004196167
2010-10-14,13.710000038146973
2010-10-15,14.010000228881836
2010-10-18,14.079999923706055
2010-10-19,14.09000015258789
2010-10-20,14.449999809265137
2010-10-21,14.529999732971191
2010-10-22,14.739999771118164
2010-10-25,15.8100004196167
2010-10-26,15.170000076293945
2010-10-27,14.329999923706055
2010-10-28,14.270000457763672
2010-10-29,14.199999809265137
2010-11-01,14.130000114440918
2010-11-02,14.109999656677246
2010-11-03,14.760000228881836
2010-11-04,12.0
2010-11-05,11.899999618530273
2010-11-08,11.260000228881836
2010-11-09,10.800000190734863
2010-11-10,10.600000381469727
2010-11-11,10.039999961853027
2010-11-12,10.210000038146973
2010-11-15,10.510000228881836
2010-11-16,10.149999618530273
2010-11-17,10.460000038146973
2010-11-18,10.479999542236328
2010-11-19,10.470000267028809
2010-11-22,10.520000457763672
2010-11-23,10.859999656677246
2010-11-24,11.34000015258789
2010-11-26,11.100000381469727
2010-11-29,11.4399995803833
2010-11-30,11.449999809265137
2010-12-01,11.430000305175781
2010-12-02,11.5
2010-12-03,11.369999885559082
2010-12-06,11.350000381469727
2010-12-07,11.630000114440918
2010-12-08,11.640000343322754
2010-12-09,11.90999984741211
2010-12-10,12.0
2010-12-13,11.90999984741211
2010-12-14,12.039999961853027
2010-12-15,11.859999656677246
2010-12-16,12.029999732971191
2010-12-17,11.670000076293945
2010-12-20,11.010000228881836
2010-12-21,11.289999961853027
2010-12-22,11.670000076293945
2010-12-23,11.59000015258789
2010-12-27,11.420000076293945
2010-12-28,11.359999656677246
2010-12-29,11.630000114440918
2010-12-30,11.8100004196167
2010-12-31,12.039999961853027
2011-01-03,11.920000076293945
2011-01-04,11.930000305175781
2011-01-05,12.029999732971191
2011-01-06,12.210000038146973
2011-01-07,12.010000228881836
2011-01-10,11.779999732971191
2011-01-11,12.079999923706055
2011-01-12,12.0600004196167
2011-01-13,12.34000015258789
2011-01-14,12.380000114440918
2011-01-18,12.739999771118164
2011-01-19,12.510000228881836
2011-01-20,11.869999885559082
2011-01-21,11.90999984741211
2011-01-24,11.890000343322754
2011-01-25,12.020000457763672
2011-01-26,12.25
2011-01-27,12.140000343322754
2011-01-28,11.510000228881836
2011-01-31,11.619999885559082
2011-02-01,11.9399995803833
2011-02-02,12.239999771118164
2011-02-03,12.09000015258789
2011-02-04,12.140000343322754
2011-02-07,12.539999961853027
2011-02-08,12.5
2011-02-09,12.369999885559082
2011-02-10,12.40999984741211
2011-02-11,12.850000381469727
2011-02-14,12.609999656677246
2011-02-15,12.720000267028809
2011-02-16,13.380000114440918
2011-02-17,13.489999771118164
2011-02-18,13.350000381469727
2011-02-22,13.300000190734863
2011-02-23,13.229999542236328
2011-02-24,12.0
2011-02-25,11.949999809265137
2011-02-28,11.819999694824219
2011-03-01,11.75
2011-03-02,12.1899995803833
2011-03-03,12.5
2011-03-04,12.489999771118164
2011-03-07,12.260000228881836
2011-03-08,12.479999542236328
2011-03-09,12.5
2011-03-10,12.350000381469727
2011-03-11,12.479999542236328
2011-03-14,12.289999961853027
2011-03-15,12.25
2011-03-16,12.210000038146973
2011-03-17,12.279999732971191
2011-03-18,12.430000305175781
2011-03-21,12.539999961853027
2011-03-22,12.520000457763672
2011-03-23,12.539999961853027
2011-03-24,12.40999984741211
2011-03-25,12.25
2011-03-28,12.430000305175781
2011-03-29,12.470000267028809
2011-03-30,12.649999618530273
2011-03-31,13.130000114440918
2011-04-01,13.170000076293945
2011-04-04,13.210000038146973
2011-04-05,13.220000267028809
2011-04-06,13.4399995803833
2011-04-07,13.279999732971191
2011-04-08,13.380000114440918
2011-04-11,13.329999923706055
2011-04-12,13.390000343322754
2011-04-13,13.489999771118164
2011-04-14,13.460000038146973
2011-04-15,13.710000038146973
2011-04-18,13.699999809265137
2011-04-19,13.510000228881836
2011-04-20,13.470000267028809
2011-04-21,13.630000114440918
2011-04-25,13.600000381469727
2011-04-26,13.829999923706055
2011-04-27,13.84000015258789
2011-04-28,13.899999618530273
2011-04-29,13.90999984741211
2011-05-02,13.800000190734863
2011-05-03,13.630000114440918
2011-05-04,13.84000015258789
2011-05-05,14.789999961853027
2011-05-06,14.390000343322754
2011-05-09,14.420000076293945
2011-05-10,14.970000267028809
2011-05-11,14.869999885559082
2011-05-12,14.949999809265137
2011-05-13,14.930000305175781
2011-05-16,14.920000076293945
2011-05-17,14.489999771118164
2011-05-18,14.489999771118164
2011-05-19,14.470000267028809
2011-05-20,14.520000457763672
2011-05-23,14.600000381469727
2011-05-24,14.300000190734863
2011-05-25,14.489999771118164
2011-05-26,14.600000381469727
2011-05-27,14.670000076293945
2011-05-31,14.899999618530273
2011-06-01,15.020000457763672
2011-06-02,14.729999542236328
2011-06-03,14.800000190734863
2011-06-06,14.260000228881836
2011-06-07,14.550000190734863
2011-06-08,14.300000190734863
2011-06-09,14.479999542236328
2011-06-10,14.170000076293945
2011-06-13,14.210000038146973
2011-06-14,14.520000457763672
2011-06-15,14.479999542236328
2011-06-16,15.0
2011-06-17,15.270000457763672
2011-06-20,16.139999389648438
2011-06-21,16.8700008392334
2011-06-22,16.90999984741211
2011-06-23,16.690000534057617
2011-06-24,16.670000076293945
2011-06-27,16.75
2011-06-28,16.719999313354492
2011-06-29,17.760000228881836
2011-06-30,17.75
2011-07-01,17.889999389648438
2011-07-05,18.06999969482422
2011-07-06,17.979999542236328
2011-07-07,17.719999313354492
2011-07-08,17.010000228881836
2011-07-11,16.969999313354492
2011-07-12,16.770000457763672
2011-07-13,17.1299991607666
2011-07-14,17.219999313354492
2011-07-15,17.030000686645508
2011-07-18,16.270000457763672
2011-07-19,15.850000381469727
2011-07-20,15.359999656677246
2011-07-21,15.59000015258789
2011-07-22,15.609999656677246
2011-07-25,15.899999618530273
2011-07-26,15.59000015258789
2011-07-27,14.75
2011-07-28,15.220000267028809
2011-07-29,14.970000267028809
2011-08-01,15.020000457763672
2011-08-02,14.399999618530273
2011-08-03,14.8100004196167
2011-08-04,13.760000228881836
2011-08-05,13.640000343322754
2011-08-08,12.470000267028809
2011-08-09,13.859999656677246
2011-08-10,13.239999771118164
2011-08-11,13.4399995803833
2011-08-12,13.90999984741211
2011-08-15,14.390000343322754
2011-08-16,13.869999885559082
2011-08-17,13.699999809265137
2011-08-18,12.789999961853027
2011-08-19,12.300000190734863
2011-08-22,12.420000076293945
2011-08-23,13.470000267028809
2011-08-24,13.670000076293945
2011-08-25,13.369999885559082
2011-08-26,13.300000190734863
2011-08-29,14.15999984741211
2011-08-30,13.8100004196167
2011-08-31,14.0
2011-09-01,13.520000457763672
2011-09-02,13.239999771118164
2011-09-06,12.880000114440918
2011-09-07,13.029999732971191
2011-09-08,12.859999656677246
2011-09-09,12.489999771118164
2011-09-12,13.130000114440918
2011-09-13,13.34000015258789
2011-09-14,13.550000190734863
2011-09-15,13.390000343322754
2011-09-16,13.5
2011-09-19,13.300000190734863
2011-09-20,13.25
2011-09-21,13.180000305175781
2011-09-22,12.800000190734863
2011-09-23,13.180000305175781
2011-09-26,13.09000015258789
2011-09-27,13.119999885559082
2011-09-28,12.75
2011-09-29,13.3100004196167
2011-09-30,13.300000190734863
2011-10-03,12.010000228881836
2011-10-04,12.710000038146973
2011-10-05,12.970000267028809
2011-10-06,13.619999885559082
2011-10-07,13.010000228881836
2011-10-10,13.170000076293945
2011-10-11,13.140000343322754
2011-10-12,13.640000343322754
2011-10-13,14.050000190734863
2011-10-14,14.5600004196167
2011-10-17,13.729999542236328
2011-10-18,14.15999984741211
2011-10-19,13.949999809265137
2011-10-20,14.180000305175781
2011-10-21,14.720000267028809
2011-10-24,14.800000190734863
2011-10-25,14.529999732971191
2011-10-26,14.479999542236328
2011-10-27,15.210000038146973
2011-10-28,15.300000190734863
2011-10-31,15.4399995803833
2011-11-01,15.680000305175781
2011-11-02,15.850000381469727
2011-11-03,15.989999771118164
2011-11-04,15.670000076293945
2011-11-07,15.729999542236328
2011-11-08,15.960000038146973
2011-11-09,15.380000114440918
2011-11-10,15.539999961853027
2011-11-11,15.930000305175781
2011-11-14,15.989999771118164
2011-11-15,16.15999984741211
2011-11-16,15.890000343322754
2011-11-17,15.970000267028809
2011-11-18,15.770000457763672
2011-11-21,15.739999771118164
2011-11-22,15.6899995803833
2011-11-23,15.5
2011-11-25,15.1899995803833
2011-11-28,15.649999618530273
2011-11-29,15.1899995803833
2011-11-30,15.720000267028809
2011-12-01,15.420000076293945
2011-12-02,15.739999771118164
2011-12-05,16.34000015258789
2011-12-06,16.649999618530273
2011-12-07,16.6299991607666
2011-12-08,16.200000762939453
2011-12-09,16.489999771118164
2011-12-12,16.65999984741211
2011-12-13,16.760000228881836
2011-12-14,16.84000015258789
2011-12-15,16.899999618530273
2011-12-16,16.950000762939453
2011-12-19,16.239999771118164
2011-12-20,16.799999237060547
2011-12-21,16.799999237060547
2011-12-22,16.75
2011-12-23,16.790000915527344
2011-12-27,16.68000030517578
2011-12-28,16.030000686645508
2011-12-29,16.18000030517578
2011-12-30,16.149999618530273
2012-01-03,16.34000015258789
2012-01-04,15.899999618530273
2012-01-05,15.760000228881836
2012-01-06,16.059999465942383
2012-01-09,15.760000228881836
2012-01-10,15.890000343322754
2012-01-11,16.3700008392334
2012-01-12,16.649999618530273
2012-01-13,16.489999771118164
2012-01-17,16.350000381469727
2012-01-18,16.950000762939453
2012-01-19,16.899999618530273
2012-01-20,17.309999465942383
2012-01-23,17.329999923706055
2012-01-24,17.389999389648438
2012-01-25,17.31999969482422
2012-01-26,17.25
2012-01-27,17.209999084472656
2012-01-30,16.850000381469727
2012-01-31,16.75
2012-02-01,16.780000686645508
2012-02-02,16.770000457763672
2012-02-03,17.280000686645508
2012-02-06,17.31999969482422
2012-02-07,17.59000015258789
2012-02-08,17.829999923706055
2012-02-09,17.600000381469727
2012-02-10,17.600000381469727
2012-02-13,17.760000228881836
2012-02-14,17.860000610351562
2012-02-15,18.549999237060547
2012-02-16,19.020000457763672
2012-02-17,18.860000610351562
2012-02-21,18.65999984741211
2012-02-22,18.5
2012-02-23,18.780000686645508
2012-02-24,18.770000457763672
2012-02-27,18.700000762939453
2012-02-28,19.06999969482422
2012-02-29,18.600000381469727
2012-03-01,18.600000381469727
2012-03-02,18.719999313354492
2012-03-05,18.049999237060547
2012-03-06,18.200000762939453
2012-03-07,17.899999618530273
2012-03-08,18.010000228881836
2012-03-09,18.15999984741211
2012-03-12,17.950000762939453
2012-03-13,17.920000076293945
2012-03-14,17.790000915527344
2012-03-15,18.40999984741211
2012-03-16,18.270000457763672
2012-03-19,18.219999313354492
2012-03-20,17.309999465942383
2012-03-21,17.290000915527344
2012-03-22,16.84000015258789
2012-03-23,17.030000686645508
2012-03-26,16.950000762939453
2012-03-27,16.739999771118164
2012-03-28,16.1299991607666
2012-03-29,16.170000076293945
2012-03-30,16.100000381469727
2012-04-02,16.510000228881836
2012-04-03,16.479999542236328
2012-04-04,16.239999771118164
2012-04-05,16.31999969482422
2012-04-09,16.360000610351562
2012-04-10,16.350000381469727
2012-04-11,16.299999237060547
2012-04-12,16.420000076293945
2012-04-13,16.170000076293945
2012-04-16,16.219999313354492
2012-04-17,16.3799991607666
2012-04-18,16.579999923706055
2012-04-19,16.469999313354492
2012-04-20,16.68000030517578
2012-04-23,16.690000534057617
2012-04-24,16.6200008392334
2012-04-25,16.950000762939453
2012-04-26,16.850000381469727
2012-04-27,17.200000762939453
2012-04-30,17.030000686645508
2012-05-01,17.190000534057617
2012-05-02,17.079999923706055
2012-05-03,17.1200008392334
2012-05-04,17.059999465942383
2012-05-07,17.030000686645508
2012-05-08,17.020000457763672
2012-05-09,16.959999084472656
2012-05-10,17.139999389648438
2012-05-11,17.34000015258789
2012-05-14,17.200000762939453
2012-05-15,17.790000915527344
2012-05-16,17.760000228881836
2012-05-17,17.75
2012-05-18,16.90999984741211
2012-05-21,17.309999465942383
2012-05-22,16.93000030517578
2012-05-23,16.770000457763672
2012-05-24,16.81999969482422
2012-05-25,17.010000228881836
2012-05-29,17.010000228881836
2012-05-30,17.020000457763672
2012-05-31,17.010000228881836
2012-06-01,16.760000228881836
2012-06-04,16.899999618530273
2012-06-05,16.8799991607666
2012-06-06,17.6200008392334
2012-06-07,17.84000015258789
2012-06-08,17.739999771118164
2012-06-11,18.06999969482422
2012-06-12,17.950000762939453
2012-06-13,18.110000610351562
2012-06-14,17.889999389648438
2012-06-15,18.010000228881836
2012-06-18,18.09000015258789
2012-06-19,18.530000686645508
2012-06-20,18.510000228881836
2012-06-21,18.450000762939453
2012-06-22,18.950000762939453
2012-06-25,18.860000610351562
2012-06-26,18.6200008392334
2012-06-27,18.579999923706055
2012-06-28,18.65999984741211
2012-06-29,19.059999465942383
2012-07-02,19.450000762939453
2012-07-03,18.399999618530273
2012-07-05,18.56999969482422
2012-07-06,18.56999969482422
2012-07-09,18.889999389648438
2012-07-10,19.0
2012-07-11,19.020000457763672
2012-07-12,18.989999771118164
2012-07-13,19.290000915527344
2012-07-16,19.43000030517578
2012-07-17,18.969999313354492
2012-07-18,19.079999923706055
2012-07-19,18.8700008392334
2012-07-20,17.290000915527344
2012-07-23,17.239999771118164
2012-07-24,16.950000762939453
2012-07-25,16.959999084472656
2012-07-26,17.170000076293945
2012-07-27,17.920000076293945
2012-07-30,17.81999969482422
2012-07-31,18.040000915527344
2012-08-01,17.84000015258789
2012-08-02,18.139999389648438
2012-08-03,18.719999313354492
2012-08-06,18.639999389648438
2012-08-07,18.600000381469727
2012-08-08,18.540000915527344
2012-08-09,18.31999969482422
2012-08-10,18.43000030517578
2012-08-13,18.440000534057617
2012-08-14,18.75
2012-08-15,18.850000381469727
2012-08-16,18.75
2012-08-17,18.8700008392334
2012-08-20,19.030000686645508
2012-08-21,19.479999542236328
2012-08-22,19.3700008392334
2012-08-23,19.190000534057617
2012-08-24,19.190000534057617
2012-08-27,19.290000915527344
2012-08-28,18.280000686645508
2012-08-29,18.309999465942383
2012-08-30,17.969999313354492
2012-08-31,17.709999084472656
2012-09-04,17.950000762939453
2012-09-05,18.450000762939453
2012-09-06,18.59000015258789
2012-09-07,18.100000381469727
2012-09-10,17.770000457763672
2012-09-11,17.6299991607666
2012-09-12,17.829999923706055
2012-09-13,17.860000610351562
2012-09-14,17.540000915527344
2012-09-17,17.770000457763672
2012-09-18,17.770000457763672
2012-09-19,17.610000610351562
2012-09-20,17.440000534057617
2012-09-21,17.5
2012-09-24,17.3700008392334
2012-09-25,17.280000686645508
2012-09-26,16.809999465942383
2012-09-27,17.280000686645508
2012-09-28,17.149999618530273
2012-10-01,17.649999618530273
2012-10-02,17.860000610351562
2012-10-03,17.770000457763672
2012-10-04,17.770000457763672
2012-10-05,17.65999984741211
2012-10-08,17.549999237060547
2012-10-09,17.200000762939453
2012-10-10,17.049999237060547
2012-10-11,16.959999084472656
2012-10-12,17.1299991607666
2012-10-15,17.149999618530273
2012-10-16,17.309999465942383
2012-10-17,17.709999084472656
2012-10-18,17.860000610351562
2012-10-19,17.549999237060547
2012-10-22,17.530000686645508
2012-10-23,17.860000610351562
2012-10-24,17.149999618530273
2012-10-25,17.06999969482422
2012-10-26,16.600000381469727
2012-10-31,16.809999465942383
2012-11-01,16.940000534057617
2012-11-02,16.670000076293945
2012-11-05,16.809999465942383
2012-11-06,16.90999984741211
2012-11-07,16.649999618530273
2012-11-08,16.1299991607666
2012-11-09,16.15999984741211
2012-11-12,16.110000610351562
2012-11-13,15.779999732971191
2012-11-14,15.75
2012-11-15,15.970000267028809
2012-11-16,16.3700008392334
2012-11-19,16.969999313354492
2012-11-20,17.40999984741211
2012-11-21,17.799999237060547
2012-11-23,17.770000457763672
2012-11-26,18.200000762939453
2012-11-27,18.219999313354492
2012-11-28,17.649999618530273
2012-11-29,17.8700008392334
2012-11-30,17.56999969482422
2012-12-03,17.389999389648438
2012-12-04,17.299999237060547
2012-12-05,17.43000030517578
2012-12-06,17.329999923706055
2012-12-07,17.670000076293945
2012-12-10,17.530000686645508
2012-12-11,17.360000610351562
2012-12-12,17.280000686645508
2012-12-13,17.239999771118164
2012-12-14,17.260000228881836
2012-12-17,17.219999313354492
2012-12-18,17.3700008392334
2012-12-19,17.219999313354492
2012-12-20,17.190000534057617
2012-12-21,17.440000534057617
2012-12-24,17.31999969482422
2012-12-26,17.280000686645508
2012-12-27,17.479999542236328
2012-12-28,17.920000076293945
2012-12-31,17.969999313354492
2013-01-02,18.790000915527344
2013-01-03,18.59000015258789
2013-01-04,18.450000762939453
2013-01-07,18.290000915527344
2013-01-08,18.56999969482422
2013-01-09,19.06999969482422
2013-01-10,19.049999237060547
2013-01-11,19.049999237060547
2013-01-14,19.5
2013-01-15,19.639999389648438
2013-01-16,18.31999969482422
2013-01-17,18.459999084472656
2013-01-18,18.469999313354492
2013-01-22,18.489999771118164
2013-01-23,18.690000534057617
2013-01-24,18.729999542236328
2013-01-25,18.780000686645508
2013-01-28,19.100000381469727
2013-01-29,19.100000381469727
2013-01-30,18.5
2013-01-31,18.56999969482422
2013-02-01,18.75
2013-02-04,18.18000030517578
2013-02-05,18.770000457763672
2013-02-06,18.040000915527344
2013-02-07,18.479999542236328
2013-02-08,18.280000686645508
2013-02-11,18.510000228881836
2013-02-12,18.479999542236328
2013-02-13,18.459999084472656
2013-02-14,18.459999084472656
2013-02-15,18.389999389648438
2013-02-19,18.979999542236328
2013-02-20,19.440000534057617
2013-02-21,18.5
2013-02-22,18.829999923706055
2013-02-25,18.459999084472656
2013-02-26,18.43000030517578
2013-02-27,18.290000915527344
2013-02-28,18.649999618530273
2013-03-01,18.979999542236328
2013-03-04,18.959999084472656
2013-03-05,19.56999969482422
2013-03-06,19.729999542236328
2013-03-07,19.469999313354492
2013-03-08,19.510000228881836
2013-03-11,19.31999969482422
2013-03-12,19.389999389648438
2013-03-13,19.68000030517578
2013-03-14,19.979999542236328
2013-03-15,19.81999969482422
2013-03-18,19.969999313354492
2013-03-19,20.270000457763672
2013-03-20,20.780000686645508
2013-03-21,20.610000610351562
2013-03-22,21.309999465942383
2013-03-25,21.690000534057617
2013-03-26,21.440000534057617
2013-03-27,21.899999618530273
2013-03-28,22.1200008392334
2013-04-01,21.440000534057617
2013-04-02,21.399999618530273
2013-04-03,21.139999389648438
2013-04-04,20.700000762939453
2013-04-05,21.059999465942383
2013-04-08,20.549999237060547
2013-04-09,20.81999969482422
2013-04-10,21.270000457763672
2013-04-11,21.299999237060547
2013-04-12,21.510000228881836
2013-04-15,20.770000457763672
2013-04-16,20.770000457763672
2013-04-17,20.5
2013-04-18,20.540000915527344
2013-04-19,20.829999923706055
2013-04-22,20.239999771118164
2013-04-23,20.6299991607666
2013-04-24,20.34000015258789
2013-04-25,19.079999923706055
2013-04-26,17.940000534057617
2013-04-29,17.559999465942383
2013-04-30,17.350000381469727
2013-05-01,17.760000228881836
2013-05-02,17.790000915527344
2013-05-03,17.979999542236328
2013-05-06,17.969999313354492
2013-05-07,18.0
2013-05-08,18.010000228881836
2013-05-09,18.190000534057617
2013-05-10,18.239999771118164
2013-05-13,18.40999984741211
2013-05-14,18.81999969482422
2013-05-15,19.299999237060547
2013-05-16,18.690000534057617
2013-05-17,18.6299991607666
2013-05-20,18.479999542236328
2013-05-21,18.170000076293945
2013-05-22,18.219999313354492
2013-05-23,18.100000381469727
2013-05-24,18.239999771118164
2013-05-28,18.209999084472656
2013-05-29,18.0
2013-05-30,18.030000686645508
2013-05-31,17.8700008392334
2013-06-03,17.690000534057617
2013-06-04,17.079999923706055
2013-06-05,17.200000762939453
2013-06-06,17.530000686645508
2013-06-07,17.530000686645508
2013-06-10,17.709999084472656
2013-06-11,17.700000762939453
2013-06-12,17.889999389648438
2013-06-13,18.3799991607666
2013-06-14,18.579999923706055
2013-06-17,18.540000915527344
2013-06-18,18.399999618530273
2013-06-19,18.399999618530273
2013-06-20,18.219999313354492
2013-06-21,18.6299991607666
2013-06-24,18.639999389648438
2013-06-25,18.90999984741211
2013-06-26,18.8799991607666
2013-06-27,19.209999084472656
2013-06-28,19.489999771118164
2013-07-01,18.899999618530273
2013-07-02,18.8799991607666
2013-07-03,18.950000762939453
2013-07-05,19.25
2013-07-08,19.329999923706055
2013-07-09,19.59000015258789
2013-07-10,19.739999771118164
2013-07-11,20.309999465942383
2013-07-12,20.31999969482422
2013-07-15,20.15999984741211
2013-07-16,19.799999237060547
2013-07-17,19.729999542236328
2013-07-18,19.59000015258789
2013-07-19,19.889999389648438
2013-07-22,20.010000228881836
2013-07-23,19.959999084472656
2013-07-24,19.81999969482422
2013-07-25,19.75
2013-07-26,21.229999542236328
2013-07-29,21.389999389648438
2013-07-30,21.850000381469727
2013-07-31,21.770000457763672
2013-08-01,22.469999313354492
2013-08-02,22.170000076293945
2013-08-05,22.059999465942383
2013-08-06,22.170000076293945
2013-08-07,22.0
2013-08-08,21.989999771118164
2013-08-09,22.049999237060547
2013-08-12,21.989999771118164
2013-08-13,22.139999389648438
2013-08-14,21.989999771118164
2013-08-15,21.8700008392334
2013-08-16,21.780000686645508
2013-08-19,21.850000381469727
2013-08-20,21.84000015258789
2013-08-21,21.43000030517578
2013-08-22,21.81999969482422
2013-08-23,21.489999771118164
2013-08-26,21.84000015258789
2013-08-27,21.649999618530273
2013-08-28,21.790000915527344
2013-08-29,21.979999542236328
2013-08-30,21.649999618530273
2013-09-03,21.639999389648438
2013-09-04,21.329999923706055
2013-09-05,21.170000076293945
2013-09-06,21.139999389648438
2013-09-09,21.06999969482422
2013-09-10,21.100000381469727
2013-09-11,21.459999084472656
2013-09-12,21.43000030517578
2013-09-13,21.6200008392334
2013-09-16,21.34000015258789
2013-09-17,21.739999771118164
2013-09-18,21.549999237060547
2013-09-19,21.5
2013-09-20,21.5
2013-09-23,21.579999923706055
2013-09-24,21.540000915527344
2013-09-25,21.280000686645508
2013-09-26,21.190000534057617
2013-09-27,21.0
2013-09-30,20.940000534057617
2013-10-01,20.8799991607666
2013-10-02,20.6200008392334
2013-10-03,20.270000457763672
2013-10-04,20.25
2013-10-07,20.270000457763672
2013-10-08,20.209999084472656
2013-10-09,20.219999313354492
2013-10-10,19.75
2013-10-11,20.0
2013-10-14,20.049999237060547
2013-10-15,19.8700008392334
2013-10-16,19.940000534057617
2013-10-17,19.899999618530273
2013-10-18,20.25
2013-10-21,20.479999542236328
2013-10-22,21.0
2013-10-23,21.739999771118164
2013-10-24,21.0
2013-10-25,19.110000610351562
2013-10-28,19.6200008392334
2013-10-29,19.1299991607666
2013-10-30,18.510000228881836
2013-10-31,18.40999984741211
2013-11-01,18.510000228881836
2013-11-04,18.8700008392334
2013-11-05,19.149999618530273
2013-11-06,19.3799991607666
2013-11-07,19.219999313354492
2013-11-08,19.239999771118164
2013-11-11,19.110000610351562
2013-11-12,19.479999542236328
2013-11-13,20.010000228881836
2013-11-14,20.110000610351562
2013-11-15,20.399999618530273
2013-11-18,20.530000686645508
2013-11-19,20.440000534057617
2013-11-20,20.040000915527344
2013-11-21,20.020000457763672
2013-11-22,20.25
2013-11-25,20.170000076293945
2013-11-26,20.239999771118164
2013-11-27,20.459999084472656
2013-11-29,20.579999923706055
2013-12-02,20.010000228881836
2013-12-03,20.020000457763672
2013-12-04,20.0
2013-12-05,20.059999465942383
2013-12-06,20.280000686645508
2013-12-09,20.200000762939453
2013-12-10,20.0
2013-12-11,20.040000915527344
2013-12-12,20.030000686645508
2013-12-13,20.0
2013-12-16,20.18000030517578
2013-12-17,20.049999237060547
2013-12-18,20.239999771118164
2013-12-19,20.100000381469727
2013-12-20,20.229999542236328
2013-12-23,20.25
2013-12-24,21.010000228881836
2013-12-26,21.25
2013-12-27,21.549999237060547
2013-12-30,21.559999465942383
2013-12-31,21.479999542236328
2014-01-02,20.5
2014-01-03,20.649999618530273
2014-01-06,20.649999618530273
2014-01-07,20.75
2014-01-08,20.860000610351562
2014-01-09,20.989999771118164
2014-01-10,20.649999618530273
2014-01-13,20.790000915527344
2014-01-14,21.010000228881836
2014-01-15,21.1299991607666
2014-01-16,21.010000228881836
2014-01-17,21.25
2014-01-21,21.18000030517578
2014-01-22,21.690000534057617
2014-01-23,21.450000762939453
2014-01-24,20.75
2014-01-27,20.639999389648438
2014-01-28,20.829999923706055
2014-01-29,20.389999389648438
2014-01-30,20.350000381469727
2014-01-31,20.290000915527344
2014-02-03,19.40999984741211
2014-02-04,18.8700008392334
2014-02-05,18.600000381469727
2014-02-06,18.209999084472656
2014-02-07,17.229999542236328
2014-02-10,17.110000610351562
2014-02-11,16.59000015258789
2014-02-12,16.350000381469727
2014-02-13,16.829999923706055
2014-02-14,16.540000915527344
2014-02-18,16.600000381469727
2014-02-19,16.6299991607666
2014-02-20,16.809999465942383
2014-02-21,16.690000534057617
2014-02-24,16.559999465942383
2014-02-25,16.1299991607666
2014-02-26,16.15999984741211
2014-02-27,15.979999542236328
2014-02-28,15.920000076293945
2014-03-03,16.100000381469727
2014-03-04,16.15999984741211
2014-03-05,16.5
2014-03-06,16.81999969482422
2014-03-07,16.8799991607666
2014-03-10,17.079999923706055
2014-03-11,17.040000915527344
2014-03-12,17.389999389648438
2014-03-13,17.260000228881836
2014-03-14,17.100000381469727
2014-03-17,17.25
2014-03-18,17.260000228881836
2014-03-19,17.299999237060547
2014-03-20,17.5
2014-03-21,17.5
2014-03-24,17.399999618530273
2014-03-25,17.40999984741211
2014-03-26,17.110000610351562
2014-03-27,17.15999984741211
2014-03-28,17.170000076293945
2014-03-31,18.31999969482422
2014-04-01,18.209999084472656
2014-04-02,18.329999923706055
2014-04-03,18.399999618530273
2014-04-04,17.81999969482422
2014-04-07,17.360000610351562
2014-04-08,17.290000915527344
2014-04-09,17.649999618530273
2014-04-10,17.209999084472656
2014-04-11,16.899999618530273
2014-04-14,16.90999984741211
2014-04-15,16.709999084472656
2014-04-16,16.899999618530273
2014-04-17,17.219999313354492
2014-04-21,17.3799991607666
2014-04-22,18.15999984741211
2014-04-23,18.229999542236328
2014-04-24,18.06999969482422
2014-04-25,19.65999984741211
2014-04-28,19.43000030517578
2014-04-29,19.399999618530273
2014-04-30,19.559999465942383
2014-05-01,19.0
2014-05-02,18.579999923706055
2014-05-05,18.540000915527344
2014-05-06,18.030000686645508
2014-05-07,17.8799991607666
2014-05-08,17.639999389648438
2014-05-09,18.0
2014-05-12,18.510000228881836
2014-05-13,18.18000030517578
2014-05-14,17.90999984741211
2014-05-15,18.06999969482422
2014-05-16,18.489999771118164
2014-05-19,18.75
2014-05-20,18.360000610351562
2014-05-21,18.25
2014-05-22,18.34000015258789
2014-05-23,18.43000030517578
2014-05-27,18.56999969482422
2014-05-28,18.829999923706055
2014-05-29,18.799999237060547
2014-05-30,18.559999465942383
2014-06-02,18.389999389648438
2014-06-03,18.079999923706055
2014-06-04,18.489999771118164
2014-06-05,19.299999237060547
2014-06-06,19.700000762939453
2014-06-09,19.100000381469727
2014-06-10,19.100000381469727
2014-06-11,18.670000076293945
2014-06-12,18.420000076293945
2014-06-13,18.1299991607666
2014-06-16,18.280000686645508
2014-06-17,18.100000381469727
2014-06-18,18.34000015258789
2014-06-19,18.200000762939453
2014-06-20,18.8700008392334
2014-06-23,18.920000076293945
2014-06-24,18.860000610351562
2014-06-25,19.049999237060547
2014-06-26,18.8799991607666
2014-06-27,18.920000076293945
2014-06-30,19.170000076293945
2014-07-01,19.420000076293945
2014-07-02,18.989999771118164
2014-07-03,19.31999969482422
2014-07-07,19.489999771118164
2014-07-08,19.729999542236328
2014-07-09,19.549999237060547
2014-07-10,19.65999984741211
2014-07-11,19.90999984741211
2014-07-14,20.18000030517578
2014-07-15,19.899999618530273
2014-07-16,19.989999771118164
2014-07-17,19.860000610351562
2014-07-18,20.3799991607666
2014-07-21,20.489999771118164
2014-07-22,20.56999969482422
2014-07-23,20.389999389648438
2014-07-24,20.309999465942383
2014-07-25,21.8799991607666
2014-07-28,21.899999618530273
2014-07-29,21.790000915527344
2014-07-30,22.059999465942383
2014-07-31,22.010000228881836
2014-08-01,21.979999542236328
2014-08-04,22.0
2014-08-05,21.979999542236328
2014-08-06,22.010000228881836
2014-08-07,22.0
2014-08-08,22.270000457763672
2014-08-11,22.510000228881836
2014-08-12,22.59000015258789
2014-08-13,22.719999313354492
2014-08-14,23.469999313354492
2014-08-15,24.389999389648438
2014-08-18,24.75
2014-08-19,24.93000030517578
2014-08-20,24.860000610351562
2014-08-21,25.0
2014-08-22,25.389999389648438
2014-08-25,25.31999969482422
2014-08-26,25.459999084472656
2014-08-27,25.719999313354492
2014-08-28,25.65999984741211
2014-08-29,25.959999084472656
2014-09-02,26.40999984741211
2014-09-03,25.760000228881836
2014-09-04,25.860000610351562
2014-09-05,25.780000686645508
2014-09-08,26.450000762939453
2014-09-09,26.239999771118164
2014-09-10,26.850000381469727
2014-09-11,26.729999542236328
2014-09-12,26.90999984741211
2014-09-15,26.219999313354492
2014-09-16,26.209999084472656
2014-09-17,25.790000915527344
2014-09-18,25.690000534057617
2014-09-19,24.260000228881836
2014-09-22,23.899999618530273
2014-09-23,24.229999542236328
2014-09-24,24.200000762939453
2014-09-25,23.790000915527344
2014-09-26,24.020000457763672
2014-09-29,24.139999389648438
2014-09-30,23.549999237060547
2014-10-01,22.6200008392334
2014-10-02,22.84000015258789
2014-10-03,23.110000610351562
2014-10-06,23.719999313354492
2014-10-07,23.850000381469727
2014-10-08,24.8700008392334
2014-10-09,24.329999923706055
2014-10-10,24.270000457763672
2014-10-13,24.31999969482422
2014-10-14,24.84000015258789
2014-10-15,24.829999923706055
2014-10-16,24.6200008392334
2014-10-17,24.5
2014-10-20,25.0
2014-10-21,25.389999389648438
2014-10-22,24.450000762939453
2014-10-23,25.440000534057617
2014-10-24,23.8700008392334
2014-10-27,26.15999984741211
2014-10-28,25.440000534057617
2014-10-29,25.799999237060547
2014-10-30,26.09000015258789
2014-10-31,26.1299991607666
2014-11-03,26.219999313354492
2014-11-04,26.90999984741211
2014-11-05,26.709999084472656
2014-11-06,27.540000915527344
2014-11-07,27.329999923706055
2014-11-10,27.950000762939453
2014-11-11,28.040000915527344
2014-11-12,28.139999389648438
2014-11-13,27.860000610351562
2014-11-14,27.40999984741211
2014-11-17,27.139999389648438
2014-11-18,26.610000610351562
2014-11-19,26.469999313354492
2014-11-20,26.649999618530273
2014-11-21,26.440000534057617
2014-11-24,26.860000610351562
2014-11-25,27.610000610351562
2014-11-26,27.690000534057617
2014-11-28,28.049999237060547
2014-12-01,27.479999542236328
2014-12-02,28.149999618530273
2014-12-03,28.8799991607666
2014-12-04,28.889999389648438
2014-12-05,28.0
2014-12-08,27.860000610351562
2014-12-09,27.670000076293945
2014-12-10,26.829999923706055
2014-12-11,27.899999618530273
2014-12-12,27.670000076293945
2014-12-15,27.790000915527344
2014-12-16,27.350000381469727
2014-12-17,27.969999313354492
2014-12-18,28.0
2014-12-19,28.1299991607666
2014-12-22,29.719999313354492
2014-12-23,29.889999389648438
2014-12-24,29.68000030517578
2014-12-26,30.079999923706055
2014-12-29,29.93000030517578
2014-12-30,29.6299991607666
2014-12-31,29.200000762939453
2015-01-02,28.450000762939453
2015-01-05,27.790000915527344
2015-01-06,26.799999237060547
2015-01-07,26.940000534057617
2015-01-08,27.639999389648438
2015-01-09,26.510000228881836
2015-01-12,26.75
2015-01-13,27.06999969482422
2015-01-14,27.010000228881836
2015-01-15,26.56999969482422
2015-01-16,27.3799991607666
2015-01-20,27.049999237060547
2015-01-21,26.799999237060547
2015-01-22,27.489999771118164
2015-01-23,27.559999465942383
2015-01-26,27.059999465942383
2015-01-27,27.25
2015-01-28,27.260000228881836
2015-01-29,27.559999465942383
2015-01-30,26.399999618530273
2015-02-02,26.479999542236328
2015-02-03,26.56999969482422
2015-02-04,26.239999771118164
2015-02-05,26.25
2015-02-06,25.059999465942383
2015-02-09,25.010000228881836
2015-02-10,25.469999313354492
2015-02-11,25.729999542236328
2015-02-12,26.3700008392334
2015-02-13,26.719999313354492
2015-02-17,26.270000457763672
2015-02-18,27.0
2015-02-19,26.889999389648438
2015-02-20,27.760000228881836
2015-02-23,27.59000015258789
2015-02-24,28.25
2015-02-25,29.0
2015-02-26,29.360000610351562
2015-02-27,29.040000915527344
2015-03-02,28.59000015258789
2015-03-03,27.940000534057617
2015-03-04,27.8700008392334
2015-03-05,27.860000610351562
2015-03-06,27.479999542236328
2015-03-09,28.0
2015-03-10,27.649999618530273
2015-03-11,28.1299991607666
2015-03-12,28.920000076293945
2015-03-13,28.450000762939453
2015-03-16,28.049999237060547
2015-03-17,27.709999084472656
2015-03-18,27.25
2015-03-19,27.209999084472656
2015-03-20,27.559999465942383
2015-03-23,27.739999771118164
2015-03-24,27.719999313354492
2015-03-25,26.969999313354492
2015-03-26,27.1299991607666
2015-03-27,27.6299991607666
2015-03-30,29.0
2015-03-31,27.260000228881836
2015-04-01,26.899999618530273
2015-04-02,26.010000228881836
2015-04-06,25.110000610351562
2015-04-07,24.68000030517578
2015-04-08,24.889999389648438
2015-04-09,24.309999465942383
2015-04-10,24.459999084472656
2015-04-13,24.469999313354492
2015-04-14,24.5
2015-04-15,24.739999771118164
2015-04-16,24.780000686645508
2015-04-17,25.5
2015-04-20,25.389999389648438
2015-04-21,32.02000045776367
2015-04-22,33.38999938964844
2015-04-23,33.81999969482422
2015-04-24,32.68000030517578
2015-04-27,30.270000457763672
2015-04-28,30.18000030517578
2015-04-29,29.639999389648438
2015-04-30,28.899999618530273
2015-05-01,28.90999984741211
2015-05-04,29.25
2015-05-05,29.079999923706055
2015-05-06,29.09000015258789
2015-05-07,29.610000610351562
2015-05-08,30.559999465942383
2015-05-11,31.020000457763672
2015-05-12,30.850000381469727
2015-05-13,30.8700008392334
2015-05-14,31.219999313354492
2015-05-15,30.8700008392334
2015-05-18,31.0
2015-05-19,30.979999542236328
2015-05-20,30.81999969482422
2015-05-21,31.229999542236328
2015-05-22,31.68000030517578
2015-05-26,31.59000015258789
2015-05-27,32.95000076293945
2015-05-28,32.83000183105469
2015-05-29,32.18000030517578
2015-06-01,32.52000045776367
2015-06-02,32.36000061035156
2015-06-03,32.869998931884766
2015-06-04,32.38999938964844
2015-06-05,32.630001068115234
2015-06-08,32.310001373291016
2015-06-09,32.34000015258789
2015-06-10,32.220001220703125
2015-06-11,32.27000045776367
2015-06-12,31.979999542236328
2015-06-15,32.459999084472656
2015-06-16,32.43000030517578
2015-06-17,32.810001373291016
2015-06-18,32.63999938964844
2015-06-19,33.189998626708984
2015-06-22,33.369998931884766
2015-06-23,34.13999938964844
2015-06-24,33.029998779296875
2015-06-25,32.709999084472656
2015-06-26,32.529998779296875
2015-06-29,32.5099983215332
2015-06-30,32.65999984741211
2015-07-01,33.08000183105469
2015-07-02,33.060001373291016
2015-07-06,33.5
2015-07-07,33.209999084472656
2015-07-08,32.68000030517578
2015-07-09,32.0
2015-07-10,32.779998779296875
2015-07-13,32.93000030517578
2015-07-14,32.93000030517578
2015-07-15,32.41999816894531
2015-07-16,33.0099983215332
2015-07-17,33.09000015258789
2015-07-20,32.77000045776367
2015-07-21,32.75
2015-07-22,33.02000045776367
2015-07-23,32.22999954223633
2015-07-24,31.3700008392334
2015-07-27,30.420000076293945
2015-07-28,31.1299991607666
2015-07-29,31.600000381469727
2015-07-30,31.360000610351562
2015-07-31,32.29999923706055
2015-08-03,32.22999954223633
2015-08-04,32.31999969482422
2015-08-05,32.84000015258789
2015-08-06,26.3799991607666
2015-08-07,25.18000030517578
2015-08-10,25.270000457763672
2015-08-11,25.559999465942383
2015-08-12,25.309999465942383
2015-08-13,24.520000457763672
2015-08-14,25.209999084472656
2015-08-17,25.079999923706055
2015-08-18,25.799999237060547
2015-08-19,25.68000030517578
2015-08-20,25.350000381469727
2015-08-21,24.81999969482422
2015-08-24,23.700000762939453
2015-08-25,22.93000030517578
2015-08-26,22.889999389648438
2015-08-27,23.190000534057617
2015-08-28,23.010000228881836
2015-08-31,23.260000228881836
2015-09-01,22.190000534057617
2015-09-02,22.030000686645508
2015-09-03,22.850000381469727
2015-09-04,22.65999984741211
2015-09-08,23.559999465942383
2015-09-09,22.93000030517578
2015-09-10,22.989999771118164
2015-09-11,22.360000610351562
2015-09-14,21.90999984741211
2015-09-15,21.5
2015-09-16,21.8799991607666
2015-09-17,22.5
2015-09-18,22.489999771118164
2015-09-21,22.1299991607666
2015-09-22,21.270000457763672
2015-09-23,21.0
2015-09-24,20.65999984741211
2015-09-25,20.31999969482422
2015-09-28,19.68000030517578
2015-09-29,19.610000610351562
2015-09-30,19.600000381469727
2015-10-01,19.899999618530273
2015-10-02,20.8799991607666
2015-10-05,21.260000228881836
2015-10-06,21.700000762939453
2015-10-07,22.450000762939453
2015-10-08,22.3799991607666
2015-10-09,22.770000457763672
2015-10-12,22.260000228881836
2015-10-13,21.860000610351562
2015-10-14,21.8799991607666
2015-10-15,21.93000030517578
2015-10-16,21.989999771118164
2015-10-19,22.170000076293945
2015-10-20,21.729999542236328
2015-10-21,21.459999084472656
2015-10-22,21.479999542236328
2015-10-23,21.690000534057617
2015-10-26,20.93000030517578
2015-10-27,18.489999771118164
2015-10-28,17.219999313354492
2015-10-29,23.1299991607666
2015-10-30,23.790000915527344
2015-11-02,24.3799991607666
2015-11-03,24.420000076293945
2015-11-04,23.049999237060547
2015-11-05,23.65999984741211
2015-11-06,24.309999465942383
2015-11-09,23.8700008392334
2015-11-10,23.979999542236328
2015-11-11,23.3700008392334
2015-11-12,23.0
2015-11-13,22.940000534057617
2015-11-16,22.760000228881836
2015-11-17,23.34000015258789
2015-11-18,23.260000228881836
2015-11-19,23.420000076293945
2015-11-20,23.709999084472656
2015-11-23,23.56999969482422
2015-11-24,23.8700008392334
2015-11-25,23.8700008392334
2015-11-27,23.729999542236328
2015-11-30,23.600000381469727
2015-12-01,23.709999084472656
2015-12-02,23.719999313354492
2015-12-03,22.809999465942383
2015-12-04,23.110000610351562
2015-12-07,22.190000534057617
2015-12-08,21.1200008392334
2015-12-09,20.68000030517578
2015-12-10,21.190000534057617
2015-12-11,20.530000686645508
2015-12-14,20.309999465942383
2015-12-15,20.559999465942383
2015-12-16,21.25
2015-12-17,21.0
2015-12-18,20.34000015258789
2015-12-21,20.06999969482422
2015-12-22,20.290000915527344
2015-12-23,20.889999389648438
2015-12-24,20.860000610351562
2015-12-28,20.299999237060547
2015-12-29,20.350000381469727
2015-12-30,20.889999389648438
2015-12-31,20.389999389648438
2016-01-04,21.010000228881836
2016-01-05,21.399999618530273
2016-01-06,20.75
2016-01-07,20.0
2016-01-08,20.649999618530273
2016-01-11,20.450000762939453
2016-01-12,20.8700008392334
2016-01-13,19.360000610351562
2016-01-14,19.959999084472656
2016-01-15,19.700000762939453
2016-01-19,19.020000457763672
2016-01-20,19.68000030517578
2016-01-21,19.809999465942383
2016-01-22,20.719999313354492
2016-01-25,19.8799991607666
2016-01-26,20.850000381469727
2016-01-27,21.34000015258789
2016-01-28,20.940000534057617
2016-01-29,22.010000228881836
2016-02-01,22.149999618530273
2016-02-02,21.59000015258789
2016-02-03,21.729999542236328
2016-02-04,22.899999618530273
2016-02-05,23.649999618530273
2016-02-08,24.0
2016-02-09,23.68000030517578
2016-02-10,23.81999969482422
2016-02-11,24.290000915527344
2016-02-12,24.34000015258789
2016-02-16,24.84000015258789
2016-02-17,24.940000534057617
2016-02-18,24.649999618530273
2016-02-19,24.65999984741211
2016-02-22,24.34000015258789
2016-02-23,24.579999923706055
2016-02-24,24.889999389648438
2016-02-25,24.959999084472656
2016-02-26,25.389999389648438
2016-02-29,25.510000228881836
2016-03-01,25.75
2016-03-02,25.780000686645508
2016-03-03,26.040000915527344
2016-03-04,26.079999923706055
2016-03-07,26.399999618530273
2016-03-08,25.670000076293945
2016-03-09,25.850000381469727
2016-03-10,25.729999542236328
2016-03-11,26.200000762939453
2016-03-14,26.1299991607666
2016-03-15,25.81999969482422
2016-03-16,26.360000610351562
2016-03-17,27.610000610351562
2016-03-18,28.040000915527344
2016-03-21,28.149999618530273
2016-03-22,27.440000534057617
2016-03-23,27.360000610351562
2016-03-24,26.940000534057617
2016-03-28,26.420000076293945
2016-03-29,27.1200008392334
2016-03-30,26.920000076293945
2016-03-31,27.15999984741211
2016-04-01,26.850000381469727
2016-04-04,26.850000381469727
2016-04-05,26.149999618530273
2016-04-06,26.010000228881836
2016-04-07,25.510000228881836
2016-04-08,25.799999237060547
2016-04-11,25.239999771118164
2016-04-12,24.979999542236328
2016-04-13,25.809999465942383
2016-04-14,25.469999313354492
2016-04-15,25.510000228881836
2016-04-18,25.719999313354492
2016-04-19,25.690000534057617
2016-04-20,25.739999771118164
2016-04-21,25.489999771118164
2016-04-22,26.030000686645508
2016-04-25,25.6200008392334
2016-04-26,25.81999969482422
2016-04-27,25.1299991607666
2016-04-28,24.690000534057617
2016-04-29,23.3700008392334
2016-05-02,24.059999465942383
2016-05-03,23.649999618530273
2016-05-04,23.15999984741211
2016-05-05,22.809999465942383
2016-05-06,23.450000762939453
2016-05-09,23.6200008392334
2016-05-10,23.780000686645508
2016-05-11,23.09000015258789
2016-05-12,22.59000015258789
2016-05-13,22.09000015258789
2016-05-16,22.1200008392334
2016-05-17,21.3700008392334
2016-05-18,21.8799991607666
2016-05-19,22.09000015258789
2016-05-20,22.479999542236328
2016-05-23,21.90999984741211
2016-05-24,22.3799991607666
2016-05-25,22.549999237060547
2016-05-26,22.360000610351562
2016-05-27,22.690000534057617
2016-05-31,22.65999984741211
2016-06-01,22.670000076293945
2016-06-02,22.950000762939453
2016-06-03,22.8700008392334
2016-06-06,23.510000228881836
2016-06-07,23.5
2016-06-08,23.729999542236328
2016-06-09,23.350000381469727
2016-06-10,22.8799991607666
2016-06-13,22.65999984741211
2016-06-14,22.559999465942383
2016-06-15,22.889999389648438
2016-06-16,22.8799991607666
2016-06-17,23.209999084472656
2016-06-20,23.079999923706055
2016-06-21,22.770000457763672
2016-06-22,22.420000076293945
2016-06-23,22.34000015258789
2016-06-24,21.43000030517578
2016-06-27,20.760000228881836
2016-06-28,20.6299991607666
2016-06-29,21.670000076293945
2016-06-30,22.420000076293945
2016-07-01,22.5
2016-07-05,21.56999969482422
2016-07-06,21.670000076293945
2016-07-07,22.110000610351562
2016-07-08,23.079999923706055
2016-07-11,23.40999984741211
2016-07-12,23.5
2016-07-13,23.75
2016-07-14,23.899999618530273
2016-07-15,24.049999237060547
2016-07-18,24.229999542236328
2016-07-19,24.139999389648438
2016-07-20,24.18000030517578
2016-07-21,23.760000228881836
2016-07-22,24.040000915527344
2016-07-25,23.8799991607666
2016-07-26,24.5
2016-07-27,24.25
2016-07-28,24.799999237060547
2016-07-29,24.760000228881836
2016-08-01,24.850000381469727
2016-08-02,24.549999237060547
2016-08-03,24.760000228881836
2016-08-04,24.90999984741211
2016-08-05,25.350000381469727
2016-08-08,25.639999389648438
2016-08-09,25.520000457763672
2016-08-10,26.100000381469727
2016-08-11,25.8700008392334
2016-08-12,25.860000610351562
2016-08-15,25.75
2016-08-16,25.860000610351562
2016-08-17,25.530000686645508
2016-08-18,25.579999923706055
2016-08-19,25.68000030517578
2016-08-22,25.59000015258789
2016-08-23,25.790000915527344
2016-08-24,25.719999313354492
2016-08-25,25.489999771118164
2016-08-26,25.510000228881836
2016-08-29,25.600000381469727
2016-08-30,25.950000762939453
2016-08-31,25.799999237060547
2016-09-01,26.079999923706055
2016-09-02,26.3799991607666
2016-09-06,26.389999389648438
2016-09-07,26.649999618530273
2016-09-08,25.34000015258789
2016-09-09,24.790000915527344
2016-09-12,23.860000610351562
2016-09-13,23.270000457763672
2016-09-14,23.15999984741211
2016-09-15,23.510000228881836
2016-09-16,23.489999771118164
2016-09-19,23.68000030517578
2016-09-20,23.0
2016-09-21,23.25
2016-09-22,23.6299991607666
2016-09-23,23.06999969482422
2016-09-26,23.06999969482422
2016-09-27,22.989999771118164
2016-09-28,23.049999237060547
2016-09-29,23.0
2016-09-30,23.059999465942383
2016-10-03,23.020000457763672
2016-10-04,22.84000015258789
2016-10-05,22.8700008392334
2016-10-06,22.799999237060547
2016-10-07,22.709999084472656
2016-10-10,23.139999389648438
2016-10-11,22.829999923706055
2016-10-12,22.979999542236328
2016-10-13,22.450000762939453
2016-10-14,22.450000762939453
2016-10-17,22.299999237060547
2016-10-18,22.200000762939453
2016-10-19,22.200000762939453
2016-10-20,22.450000762939453
2016-10-21,22.549999237060547
2016-10-24,22.850000381469727
2016-10-25,22.799999237060547
2016-10-26,22.649999618530273
2016-10-27,21.549999237060547
2016-10-28,21.149999618530273
2016-10-31,21.200000762939453
2016-11-01,20.899999618530273
2016-11-02,21.299999237060547
2016-11-03,21.149999618530273
2016-11-04,21.950000762939453
2016-11-07,22.450000762939453
2016-11-08,22.899999618530273
2016-11-09,23.5
2016-11-10,23.899999618530273
2016-11-11,24.899999618530273
2016-11-14,25.5
2016-11-15,25.399999618530273
2016-11-16,25.850000381469727
2016-11-17,25.899999618530273
2016-11-18,25.700000762939453
2016-11-21,25.700000762939453
2016-11-22,25.25
2016-11-23,25.450000762939453
2016-11-25,25.549999237060547
2016-11-28,25.200000762939453
2016-11-29,25.0
2016-11-30,25.100000381469727
2016-12-01,25.5
2016-12-02,25.5
2016-12-05,25.850000381469727
2016-12-06,26.700000762939453
2016-12-07,27.549999237060547
2016-12-08,28.5
2016-12-09,28.399999618530273
2016-12-12,27.399999618530273
2016-12-13,27.25
2016-12-14,27.600000381469727
2016-12-15,27.950000762939453
2016-12-16,26.75
2016-12-19,26.399999618530273
2016-12-20,25.75
2016-12-21,25.450000762939453
2016-12-22,25.149999618530273
2016-12-23,25.450000762939453
2016-12-27,25.649999618530273
2016-12-28,25.049999237060547
2016-12-29,24.899999618530273
2016-12-30,25.049999237060547
2017-01-03,25.350000381469727
2017-01-04,25.450000762939453
2017-01-05,25.0
2017-01-06,24.899999618530273
2017-01-09,24.700000762939453
2017-01-10,24.899999618530273
2017-01-11,25.0
2017-01-12,24.700000762939453
2017-01-13,25.700000762939453
2017-01-17,25.049999237060547
2017-01-18,25.0
2017-01-19,24.899999618530273
2017-01-20,24.600000381469727
2017-01-23,24.149999618530273
2017-01-24,24.450000762939453
2017-01-25,24.899999618530273
2017-01-26,24.700000762939453
2017-01-27,24.899999618530273
2017-01-30,24.350000381469727
2017-01-31,23.75
2017-02-01,24.100000381469727
2017-02-02,24.25
2017-02-03,25.0
2017-02-06,24.75
2017-02-07,23.700000762939453
2017-02-08,23.700000762939453
2017-02-09,23.0
2017-02-10,23.5
2017-02-13,23.75
2017-02-14,23.649999618530273
2017-02-15,23.549999237060547
2017-02-16,23.399999618530273
2017-02-17,23.450000762939453
2017-02-21,23.0
2017-02-22,22.950000762939453
2017-02-23,22.799999237060547
2017-02-24,22.75
2017-02-27,22.399999618530273
2017-02-28,21.850000381469727
2017-03-01,21.899999618530273
2017-03-02,21.299999237060547
2017-03-03,21.100000381469727
2017-03-06,21.799999237060547
2017-03-07,21.299999237060547
2017-03-08,21.0
2017-03-09,20.600000381469727
2017-03-10,20.600000381469727
2017-03-13,20.799999237060547
2017-03-14,20.850000381469727
2017-03-15,21.450000762939453
2017-03-16,21.399999618530273
2017-03-17,21.350000381469727
2017-03-20,20.850000381469727
2017-03-21,20.350000381469727
2017-03-22,20.5
2017-03-23,20.549999237060547
2017-03-24,20.5
2017-03-27,20.450000762939453
2017-03-28,20.850000381469727
2017-03-29,21.25
2017-03-30,21.600000381469727
2017-03-31,21.350000381469727
2017-04-03,20.549999237060547
2017-04-04,20.950000762939453
2017-04-05,20.950000762939453
2017-04-06,20.700000762939453
2017-04-07,20.299999237060547
2017-04-10,20.399999618530273
2017-04-11,19.299999237060547
2017-04-12,19.049999237060547
2017-04-13,19.0
2017-04-17,19.25
2017-04-18,19.350000381469727
2017-04-19,19.850000381469727
2017-04-20,20.399999618530273
2017-04-21,20.450000762939453
2017-04-24,20.450000762939453
2017-04-25,20.0
2017-04-26,19.950000762939453
2017-04-27,19.399999618530273
2017-04-28,18.75
2017-05-01,18.899999618530273
2017-05-02,20.049999237060547
2017-05-03,19.649999618530273
2017-05-04,19.549999237060547
2017-05-05,19.799999237060547
2017-05-08,19.299999237060547
2017-05-09,19.049999237060547
2017-05-10,18.899999618530273
2017-05-11,18.75
2017-05-12,18.549999237060547
2017-05-15,18.6299991607666
2017-05-16,18.549999237060547
2017-05-17,17.950000762939453
2017-05-18,18.5
2017-05-19,18.299999237060547
2017-05-22,18.899999618530273
2017-05-23,18.950000762939453
2017-05-24,18.549999237060547
2017-05-25,18.75
2017-05-26,18.549999237060547
2017-05-30,18.850000381469727
2017-05-31,18.649999618530273
2017-06-01,19.350000381469727
2017-06-02,19.450000762939453
2017-06-05,19.450000762939453
2017-06-06,19.25
2017-06-07,19.350000381469727
2017-06-08,19.25
2017-06-09,19.75
2017-06-12,19.799999237060547
2017-06-13,19.549999237060547
2017-06-14,19.549999237060547
2017-06-15,20.0
2017-06-16,20.399999618530273
2017-06-19,20.100000381469727
2017-06-20,19.399999618530273
2017-06-21,19.049999237060547
2017-06-22,19.399999618530273
2017-06-23,20.100000381469727
2017-06-26,19.350000381469727
2017-06-27,19.450000762939453
2017-06-28,19.75
2017-06-29,19.5
2017-06-30,19.899999618530273
2017-07-03,20.549999237060547
2017-07-05,20.25
2017-07-06,19.549999237060547
2017-07-07,20.100000381469727
2017-07-10,19.350000381469727
2017-07-11,19.100000381469727
2017-07-12,19.200000762939453
2017-07-13,19.0
2017-07-14,19.299999237060547
2017-07-17,19.149999618530273
2017-07-18,18.549999237060547
2017-07-19,18.700000762939453
2017-07-20,18.299999237060547
2017-07-21,17.950000762939453
2017-07-24,17.850000381469727
2017-07-25,18.25
2017-07-26,17.850000381469727
2017-07-27,17.350000381469727
2017-07-28,13.850000381469727
2017-07-31,13.649999618530273
2017-08-01,13.850000381469727
2017-08-02,14.199999809265137
2017-08-03,14.350000381469727
2017-08-04,14.800000190734863
2017-08-07,14.680000305175781
2017-08-08,14.829999923706055
2017-08-09,14.050000190734863
2017-08-10,14.050000190734863
2017-08-11,13.899999618530273
2017-08-14,14.149999618530273
2017-08-15,13.899999618530273
2017-08-16,13.949999809265137
2017-08-17,13.800000190734863
2017-08-18,14.0
2017-08-21,13.899999618530273
2017-08-22,14.100000381469727
2017-08-23,13.600000381469727
2017-08-24,13.449999809265137
2017-08-25,13.800000190734863
2017-08-28,13.949999809265137
2017-08-29,14.399999618530273
2017-08-30,15.149999618530273
2017-08-31,15.199999809265137
2017-09-01,15.25
2017-09-05,15.100000381469727
2017-09-06,15.149999618530273
2017-09-07,15.300000190734863
2017-09-08,15.5
2017-09-11,15.899999618530273
2017-09-12,16.049999237060547
2017-09-13,15.899999618530273
2017-09-14,15.850000381469727
2017-09-15,16.75
2017-09-18,17.25
2017-09-19,17.350000381469727
2017-09-20,17.950000762939453
2017-09-21,17.799999237060547
2017-09-22,18.100000381469727
2017-09-25,17.75
2017-09-26,18.399999618530273
2017-09-27,18.75
2017-09-28,18.549999237060547
2017-09-29,18.850000381469727
2017-10-02,19.350000381469727
2017-10-03,19.399999618530273
2017-10-04,19.049999237060547
2017-10-05,19.399999618530273
2017-10-06,19.649999618530273
2017-10-09,19.649999618530273
2017-10-10,19.649999618530273
2017-10-11,19.299999237060547
2017-10-12,19.649999618530273
2017-10-13,19.950000762939453
2017-10-16,19.399999618530273
2017-10-17,18.799999237060547
2017-10-18,19.100000381469727
2017-10-19,19.25
2017-10-20,19.350000381469727
2017-10-23,19.649999618530273
2017-10-24,19.649999618530273
2017-10-25,19.700000762939453
2017-10-26,22.899999618530273
2017-10-27,23.850000381469727
2017-10-30,23.950000762939453
2017-10-31,24.049999237060547
2017-11-01,24.100000381469727
2017-11-02,23.799999237060547
2017-11-03,23.200000762939453
2017-11-06,23.399999618530273
2017-11-07,23.950000762939453
2017-11-08,23.899999618530273
2017-11-09,23.799999237060547
2017-11-10,23.850000381469727
2017-11-13,23.850000381469727
2017-11-14,24.100000381469727
2017-11-15,23.950000762939453
2017-11-16,23.899999618530273
2017-11-17,24.0
2017-11-20,24.700000762939453
2017-11-21,25.329999923706055
2017-11-22,25.450000762939453
2017-11-24,25.049999237060547
2017-11-27,24.899999618530273
2017-11-28,25.850000381469727
2017-11-29,26.549999237060547
2017-11-30,27.0
2017-12-01,26.850000381469727
2017-12-04,27.399999618530273
2017-12-05,26.450000762939453
2017-12-06,26.5
2017-12-07,27.200000762939453
2017-12-08,27.450000762939453
2017-12-11,27.850000381469727
2017-12-12,27.899999618530273
2017-12-13,28.100000381469727
2017-12-14,26.5
2017-12-15,26.950000762939453
2017-12-18,27.799999237060547
2017-12-19,27.600000381469727
2017-12-20,27.549999237060547
2017-12-21,27.549999237060547
2017-12-22,28.549999237060547
2017-12-26,28.700000762939453
2017-12-27,28.700000762939453
2017-12-28,28.399999618530273
2017-12-29,28.0
2018-01-02,28.049999237060547
2018-01-03,28.049999237060547
2018-01-04,27.899999618530273
2018-01-05,27.649999618530273
2018-01-08,28.450000762939453
2018-01-09,28.399999618530273
2018-01-10,28.25
2018-01-11,28.899999618530273
2018-01-12,29.049999237060547
2018-01-16,28.75
2018-01-17,28.850000381469727
2018-01-18,29.100000381469727
2018-01-19,29.700000762939453
2018-01-22,29.649999618530273
2018-01-23,29.700000762939453
2018-01-24,29.549999237060547
2018-01-25,30.149999618530273
2018-01-26,30.600000381469727
2018-01-29,30.350000381469727
2018-01-30,30.049999237060547
2018-01-31,29.200000762939453
2018-02-01,29.5
2018-02-02,29.049999237060547
2018-02-05,28.149999618530273
2018-02-06,28.399999618530273
2018-02-07,29.25
2018-02-08,28.649999618530273
2018-02-09,28.450000762939453
2018-02-12,29.450000762939453
2018-02-13,29.350000381469727
2018-02-14,29.5
2018-02-15,28.799999237060547
2018-02-16,27.850000381469727
2018-02-20,27.100000381469727
2018-02-21,26.75
2018-02-22,27.350000381469727
2018-02-23,26.950000762939453
2018-02-26,27.75
2018-02-27,27.600000381469727
2018-02-28,26.450000762939453
2018-03-01,26.25
2018-03-02,26.399999618530273
2018-03-05,25.799999237060547
2018-03-06,25.899999618530273
2018-03-07,25.649999618530273
2018-03-08,25.950000762939453
2018-03-09,26.899999618530273
2018-03-12,26.649999618530273
2018-03-13,27.100000381469727
2018-03-14,26.950000762939453
2018-03-15,27.549999237060547
2018-03-16,27.549999237060547
2018-03-19,27.600000381469727
2018-03-20,27.649999618530273
2018-03-21,28.049999237060547
2018-03-22,28.299999237060547
2018-03-23,27.700000762939453
2018-03-26,27.850000381469727
2018-03-27,26.299999237060547
2018-03-28,26.299999237060547
2018-03-29,27.600000381469727
2018-04-02,27.5
2018-04-03,29.100000381469727
2018-04-04,29.049999237060547
2018-04-05,29.049999237060547
2018-04-06,28.0
2018-04-09,27.850000381469727
2018-04-10,28.350000381469727
2018-04-11,28.5
2018-04-12,28.850000381469727
2018-04-13,28.799999237060547
2018-04-16,30.100000381469727
2018-04-17,30.200000762939453
2018-04-18,30.600000381469727
2018-04-19,29.950000762939453
2018-04-20,29.899999618530273
2018-04-23,29.25
2018-04-24,27.700000762939453
2018-04-25,27.899999618530273
2018-04-26,27.549999237060547
2018-04-27,27.399999618530273
2018-04-30,27.299999237060547
2018-05-01,26.450000762939453
2018-05-02,26.049999237060547
2018-05-03,25.950000762939453
2018-05-04,26.149999618530273
2018-05-07,26.649999618530273
2018-05-08,27.5
2018-05-09,28.0
2018-05-10,27.950000762939453
2018-05-11,28.100000381469727
2018-05-14,27.700000762939453
2018-05-15,27.399999618530273
2018-05-16,27.200000762939453
2018-05-17,27.350000381469727
2018-05-18,27.5
2018-05-21,28.0
2018-05-22,27.5
2018-05-23,27.649999618530273
2018-05-24,27.700000762939453
2018-05-25,27.75
2018-05-29,27.549999237060547
2018-05-30,27.850000381469727
2018-05-31,27.799999237060547
2018-06-01,28.450000762939453
2018-06-04,28.350000381469727
2018-06-05,28.350000381469727
2018-06-06,28.100000381469727
2018-06-07,27.850000381469727
2018-06-08,28.600000381469727
2018-06-11,29.700000762939453
2018-06-12,30.200000762939453
2018-06-13,30.799999237060547
2018-06-14,30.450000762939453
2018-06-15,30.549999237060547
2018-06-18,30.399999618530273
2018-06-19,31.350000381469727
2018-06-20,31.950000762939453
2018-06-21,31.799999237060547
2018-06-22,31.200000762939453
2018-06-25,30.149999618530273
2018-06-26,29.549999237060547
2018-06-27,28.850000381469727
2018-06-28,28.700000762939453
2018-06-29,29.25
2018-07-02,29.450000762939453
2018-07-03,29.399999618530273
2018-07-05,29.100000381469727
2018-07-06,29.399999618530273
2018-07-09,29.799999237060547
2018-07-10,29.450000762939453
2018-07-11,29.100000381469727
2018-07-12,29.600000381469727
2018-07-13,29.75
2018-07-16,29.5
2018-07-17,28.950000762939453
2018-07-18,29.350000381469727
2018-07-19,30.600000381469727
2018-07-20,31.450000762939453
2018-07-23,31.350000381469727
2018-07-24,30.700000762939453
2018-07-25,31.200000762939453
2018-07-26,32.0
2018-07-27,32.400001525878906
2018-07-30,32.349998474121094
2018-07-31,34.45000076293945
2018-08-01,33.95000076293945
2018-08-02,34.0
2018-08-03,33.54999923706055
2018-08-06,33.0
2018-08-07,33.0
2018-08-08,32.900001525878906
2018-08-09,32.599998474121094
2018-08-10,32.900001525878906
2018-08-13,32.599998474121094
2018-08-14,32.45000076293945
2018-08-15,32.349998474121094
2018-08-16,32.70000076293945
2018-08-17,32.25
2018-08-20,32.900001525878906
2018-08-21,33.400001525878906
2018-08-22,33.29999923706055
2018-08-23,33.04999923706055
2018-08-24,33.400001525878906
2018-08-27,33.54999923706055
2018-08-28,33.150001525878906
2018-08-29,32.75
2018-08-30,32.45000076293945
2018-08-31,33.20000076293945
2018-09-04,33.45000076293945
2018-09-05,33.900001525878906
2018-09-06,34.25
2018-09-07,34.20000076293945
2018-09-10,36.650001525878906
2018-09-11,36.25
2018-09-12,35.75
2018-09-13,34.849998474121094
2018-09-14,35.099998474121094
2018-09-17,34.400001525878906
2018-09-18,34.849998474121094
2018-09-19,35.349998474121094
2018-09-20,36.04999923706055
2018-09-21,35.599998474121094
2018-09-24,33.150001525878906
2018-09-25,32.95000076293945
2018-09-26,33.150001525878906
2018-09-27,31.75
2018-09-28,30.950000762939453
2018-10-01,30.420000076293945
2018-10-02,29.719999313354492
2018-10-03,30.56999969482422
2018-10-04,29.65999984741211
2018-10-05,29.389999389648438
2018-10-08,29.40999984741211
2018-10-09,29.1299991607666
2018-10-10,27.84000015258789
2018-10-11,27.34000015258789
2018-10-12,27.459999084472656
2018-10-15,27.649999618530273
2018-10-16,28.059999465942383
2018-10-17,26.610000610351562
2018-10-18,25.239999771118164
2018-10-19,25.90999984741211
2018-10-22,25.8799991607666
2018-10-23,25.549999237060547
2018-10-24,24.25
2018-10-25,26.06999969482422
2018-10-26,25.0
2018-10-29,25.479999542236328
2018-10-30,26.09000015258789
2018-10-31,25.709999084472656
2018-11-01,26.299999237060547
2018-11-02,26.3799991607666
2018-11-05,26.079999923706055
2018-11-06,26.040000915527344
2018-11-07,26.709999084472656
2018-11-08,26.389999389648438
2018-11-09,25.25
2018-11-12,24.719999313354492
2018-11-13,25.049999237060547
2018-11-14,25.299999237060547
2018-11-15,26.09000015258789
2018-11-16,25.920000076293945
2018-11-19,25.34000015258789
2018-11-20,24.920000076293945
2018-11-21,25.690000534057617
2018-11-23,24.75
2018-11-26,25.020000457763672
2018-11-27,24.889999389648438
2018-11-28,25.530000686645508
2018-11-29,25.530000686645508
2018-11-30,25.3700008392334
2018-12-03,24.959999084472656
2018-12-04,23.420000076293945
2018-12-06,23.110000610351562
2018-12-07,22.559999465942383
2018-12-10,22.790000915527344
2018-12-11,22.209999084472656
2018-12-12,21.75
2018-12-13,21.540000915527344
2018-12-14,21.030000686645508
2018-12-17,21.059999465942383
2018-12-18,21.25
2018-12-19,20.25
2018-12-20,19.84000015258789
2018-12-21,19.760000228881836
2018-12-24,19.200000762939453
2018-12-26,19.979999542236328
2018-12-27,20.040000915527344
2018-12-28,20.15999984741211
2018-12-31,20.329999923706055
2019-01-02,20.459999084472656
2019-01-03,20.170000076293945
2019-01-04,20.8700008392334
2019-01-07,20.920000076293945
2019-01-08,21.809999465942383
2019-01-09,22.399999618530273
2019-01-10,22.450000762939453
2019-01-11,22.559999465942383
2019-01-14,22.3799991607666
2019-01-15,22.219999313354492
2019-01-16,22.260000228881836
2019-01-17,22.90999984741211
2019-01-18,23.56999969482422
2019-01-22,23.34000015258789
2019-01-23,23.43000030517578
2019-01-24,23.149999618530273
2019-01-25,23.549999237060547
2019-01-28,23.510000228881836
2019-01-29,23.700000762939453
2019-01-30,24.06999969482422
2019-01-31,23.760000228881836
2019-02-01,23.790000915527344
2019-02-04,24.030000686645508
2019-02-05,24.190000534057617
2019-02-06,24.239999771118164
2019-02-07,23.329999923706055
2019-02-08,23.90999984741211
2019-02-11,24.6200008392334
2019-02-12,24.639999389648438
2019-02-13,24.670000076293945
2019-02-14,25.18000030517578
2019-02-15,25.399999618530273
2019-02-19,25.25
2019-02-20,25.510000228881836
2019-02-21,25.600000381469727
2019-02-22,25.420000076293945
2019-02-25,24.979999542236328
2019-02-26,24.5
2019-02-27,23.969999313354492
2019-02-28,24.020000457763672
2019-03-01,24.079999923706055
2019-03-04,23.34000015258789
2019-03-05,23.010000228881836
2019-03-06,23.290000915527344
2019-03-07,23.1200008392334
2019-03-08,23.3799991607666
2019-03-11,23.719999313354492
2019-03-12,23.75
2019-03-13,23.950000762939453
2019-03-14,23.780000686645508
2019-03-15,23.889999389648438
2019-03-18,24.450000762939453
2019-03-19,23.610000610351562
2019-03-20,23.559999465942383
2019-03-21,23.8700008392334
2019-03-22,23.149999618530273
2019-03-25,23.579999923706055
2019-03-26,23.959999084472656
2019-03-27,23.790000915527344
2019-03-28,24.399999618530273
2019-03-29,24.780000686645508
2019-04-01,25.479999542236328
2019-04-02,25.139999389648438
2019-04-03,24.979999542236328
2019-04-04,25.389999389648438
2019-04-05,25.520000457763672
2019-04-08,25.329999923706055
2019-04-09,25.010000228881836
2019-04-10,24.81999969482422
2019-04-11,25.149999618530273
2019-04-12,25.1299991607666
2019-04-15,24.739999771118164
2019-04-16,24.09000015258789
2019-04-17,24.690000534057617
2019-04-18,25.360000610351562
2019-04-22,24.950000762939453
2019-04-23,24.940000534057617
2019-04-24,25.809999465942383
2019-04-25,22.8700008392334
2019-04-26,24.049999237060547
2019-04-29,23.200000762939453
2019-04-30,22.940000534057617
2019-05-01,22.360000610351562
2019-05-02,22.8700008392334
2019-05-03,23.700000762939453
2019-05-06,23.56999969482422
2019-05-07,22.81999969482422
2019-05-08,22.93000030517578
2019-05-09,22.600000381469727
2019-05-10,22.299999237060547
2019-05-13,21.399999618530273
2019-05-14,21.799999237060547
2019-05-15,21.709999084472656
2019-05-16,21.979999542236328
2019-05-17,21.610000610351562
2019-05-20,21.389999389648438
2019-05-21,21.3700008392334
2019-05-22,20.950000762939453
2019-05-23,20.950000762939453
2019-05-24,20.860000610351562
2019-05-28,20.31999969482422
2019-05-29,20.110000610351562
2019-05-30,19.829999923706055
2019-05-31,19.670000076293945
2019-06-03,19.510000228881836
2019-06-04,20.1200008392334
2019-06-05,20.200000762939453
2019-06-06,19.81999969482422
2019-06-07,19.760000228881836
2019-06-10,20.520000457763672
2019-06-11,20.40999984741211
2019-06-12,20.549999237060547
2019-06-13,20.81999969482422
2019-06-14,20.530000686645508
2019-06-17,19.639999389648438
2019-06-18,19.639999389648438
2019-06-19,19.639999389648438
2019-06-20,20.149999618530273
2019-06-21,19.719999313354492
2019-06-24,19.520000457763672
2019-06-25,19.190000534057617
2019-06-26,19.850000381469727
2019-06-27,20.399999618530273
2019-06-28,20.8700008392334
2019-07-01,19.799999237060547
2019-07-02,19.469999313354492
2019-07-03,19.479999542236328
2019-07-05,19.600000381469727
2019-07-08,19.280000686645508
2019-07-09,19.3799991607666
2019-07-10,19.25
2019-07-11,19.110000610351562
2019-07-12,19.520000457763672
2019-07-15,19.350000381469727
2019-07-16,19.549999237060547
2019-07-17,19.100000381469727
2019-07-18,19.09000015258789
2019-07-19,19.1299991607666
2019-07-22,19.1299991607666
2019-07-23,19.6200008392334
2019-07-24,19.920000076293945
2019-07-25,21.329999923706055
2019-07-26,21.420000076293945
2019-07-29,21.219999313354492
2019-07-30,21.40999984741211
2019-07-31,21.059999465942383
2019-08-01,20.489999771118164
2019-08-02,20.889999389648438
2019-08-05,20.1299991607666
2019-08-06,20.6299991607666
2019-08-07,20.520000457763672
2019-08-08,20.969999313354492
2019-08-09,20.360000610351562
2019-08-12,20.329999923706055
2019-08-13,20.350000381469727
2019-08-14,19.280000686645508
2019-08-15,19.25
2019-08-16,19.739999771118164
2019-08-19,20.0
2019-08-20,19.59000015258789
2019-08-21,20.020000457763672
2019-08-22,19.700000762939453
2019-08-23,19.09000015258789
2019-08-26,19.329999923706055
2019-08-27,19.229999542236328
2019-08-28,19.549999237060547
2019-08-29,20.290000915527344
2019-08-30,20.040000915527344
2019-09-03,19.600000381469727
2019-09-04,19.440000534057617
2019-09-05,20.200000762939453
2019-09-06,20.690000534057617
2019-09-09,21.09000015258789
2019-09-10,21.93000030517578
2019-09-11,22.790000915527344
2019-09-12,22.739999771118164
2019-09-13,23.59000015258789
2019-09-16,23.229999542236328
2019-09-17,23.350000381469727
2019-09-18,23.139999389648438
2019-09-19,22.920000076293945
2019-09-20,23.1299991607666
2019-09-23,23.420000076293945
2019-09-24,23.190000534057617
2019-09-25,23.360000610351562
2019-09-26,22.690000534057617
2019-09-27,22.639999389648438
2019-09-30,22.649999618530273
2019-10-01,22.010000228881836
2019-10-02,21.760000228881836
2019-10-03,22.110000610351562
2019-10-04,21.8799991607666
2019-10-07,22.06999969482422
2019-10-08,21.780000686645508
2019-10-09,21.75
2019-10-10,21.790000915527344
2019-10-11,22.3700008392334
2019-10-14,22.280000686645508
2019-10-15,22.469999313354492
2019-10-16,22.5
2019-10-17,22.8799991607666
2019-10-18,22.969999313354492
2019-10-21,23.440000534057617
2019-10-22,23.59000015258789
2019-10-23,23.440000534057617
2019-10-24,21.979999542236328
2019-10-25,22.809999465942383
2019-10-28,22.690000534057617
2019-10-29,22.059999465942383
2019-10-30,20.809999465942383
2019-10-31,19.90999984741211
2019-11-01,20.18000030517578
2019-11-04,20.479999542236328
2019-11-05,21.34000015258789
2019-11-06,21.799999237060547
2019-11-07,21.969999313354492
2019-11-08,21.969999313354492
2019-11-11,21.65999984741211
2019-11-12,21.3700008392334
2019-11-13,20.8799991607666
2019-11-14,20.81999969482422
2019-11-15,20.6299991607666
2019-11-18,20.299999237060547
2019-11-19,20.079999923706055
2019-11-20,19.520000457763672
2019-11-21,19.110000610351562
2019-11-22,19.1200008392334
2019-11-25,19.969999313354492
2019-11-26,20.299999237060547
2019-11-27,20.149999618530273
2019-11-29,20.030000686645508
2019-12-02,19.559999465942383
2019-12-03,19.209999084472656
2019-12-04,19.09000015258789
2019-12-05,18.90999984741211
2019-12-06,19.079999923706055
2019-12-09,19.440000534057617
2019-12-10,19.479999542236328
2019-12-11,19.280000686645508
2019-12-12,19.780000686645508
2019-12-13,19.43000030517578
2019-12-16,19.299999237060547
2019-12-17,19.600000381469727
2019-12-18,19.219999313354492
2019-12-19,19.139999389648438
2019-12-20,19.639999389648438
2019-12-23,19.75
2019-12-24,20.15999984741211
2019-12-26,20.860000610351562
2019-12-27,21.010000228881836
2019-12-30,20.93000030517578
2019-12-31,20.700000762939453
2020-01-02,20.489999771118164
2020-01-03,20.399999618530273
2020-01-06,20.270000457763672
2020-01-07,20.399999618530273
2020-01-08,20.780000686645508
2020-01-09,20.899999618530273
2020-01-10,20.940000534057617
2020-01-13,21.549999237060547
2020-01-14,21.760000228881836
2020-01-15,22.559999465942383
2020-01-16,23.100000381469727
2020-01-17,23.280000686645508
2020-01-21,22.600000381469727
2020-01-22,22.739999771118164
2020-01-23,22.219999313354492
2020-01-24,21.450000762939453
2020-01-27,21.010000228881836
2020-01-28,21.549999237060547
2020-01-29,20.979999542236328
2020-01-30,20.3799991607666
2020-01-31,19.3799991607666
2020-02-03,19.549999237060547
2020-02-04,20.09000015258789
2020-02-05,20.719999313354492
2020-02-06,21.649999618530273
2020-02-07,21.68000030517578
2020-02-10,20.920000076293945
2020-02-11,21.15999984741211
2020-02-12,21.610000610351562
2020-02-13,21.110000610351562
2020-02-14,20.68000030517578
2020-02-18,20.950000762939453
2020-02-19,20.780000686645508
2020-02-20,21.700000762939453
2020-02-21,21.799999237060547
2020-02-24,20.889999389648438
2020-02-25,20.25
2020-02-26,19.8700008392334
2020-02-27,18.889999389648438
2020-02-28,18.450000762939453
2020-03-02,18.639999389648438
2020-03-03,17.579999923706055
2020-03-04,18.049999237060547
2020-03-05,17.239999771118164
2020-03-06,16.959999084472656
2020-03-09,16.18000030517578
2020-03-10,16.690000534057617
2020-03-11,15.520000457763672
2020-03-12,15.319999694824219
2020-03-13,16.8799991607666
2020-03-16,14.789999961853027
2020-03-17,16.700000762939453
2020-03-18,14.979999542236328
2020-03-19,16.649999618530273
2020-03-20,16.229999542236328
2020-03-23,16.799999237060547
2020-03-24,17.770000457763672
2020-03-25,17.200000762939453
2020-03-26,17.600000381469727
2020-03-27,15.65999984741211
2020-03-30,15.9399995803833
2020-03-31,17.079999923706055
2020-04-01,15.720000267028809
2020-04-02,16.25
2020-04-03,16.030000686645508
2020-04-06,17.649999618530273
2020-04-07,17.389999389648438
2020-04-08,18.170000076293945
2020-04-09,18.6200008392334
2020-04-13,18.030000686645508
2020-04-14,17.360000610351562
2020-04-15,16.610000610351562
2020-04-16,16.299999237060547
2020-04-17,18.1200008392334
2020-04-20,17.360000610351562
2020-04-21,16.940000534057617
2020-04-22,16.229999542236328
2020-04-23,14.949999809265137
2020-04-24,15.970000267028809
2020-04-27,16.559999465942383
2020-04-28,17.190000534057617
2020-04-29,18.040000915527344
2020-04-30,17.530000686645508
2020-05-01,17.1200008392334
2020-05-04,16.299999237060547
2020-05-05,16.219999313354492
2020-05-06,16.75
2020-05-07,16.809999465942383
2020-05-08,17.5
2020-05-11,17.469999313354492
2020-05-12,16.700000762939453
2020-05-13,15.359999656677246
2020-05-14,15.260000228881836
2020-05-15,15.369999885559082
2020-05-18,17.229999542236328
2020-05-19,17.75
2020-05-20,18.1299991607666
2020-05-21,18.719999313354492
2020-05-22,19.229999542236328
2020-05-26,19.850000381469727
2020-05-27,21.100000381469727
2020-05-28,21.239999771118164
2020-05-29,20.700000762939453
2020-06-01,20.770000457763672
2020-06-02,21.15999984741211
2020-06-03,21.829999923706055
2020-06-04,21.850000381469727
2020-06-05,22.280000686645508
2020-06-08,22.690000534057617
2020-06-09,22.200000762939453
2020-06-10,22.290000915527344
2020-06-11,20.889999389648438
2020-06-12,20.6200008392334
2020-06-15,20.799999237060547
2020-06-16,21.8799991607666
2020-06-17,22.459999084472656
2020-06-18,22.530000686645508
2020-06-19,21.450000762939453
2020-06-22,20.989999771118164
2020-06-23,20.959999084472656
2020-06-24,21.149999618530273
2020-06-25,20.3700008392334
2020-06-26,20.200000762939453
2020-06-29,21.229999542236328
2020-06-30,21.6200008392334
2020-07-01,21.360000610351562
2020-07-02,21.75
2020-07-06,22.270000457763672
2020-07-07,22.459999084472656
2020-07-08,21.899999618530273
2020-07-09,21.559999465942383
2020-07-10,22.329999923706055
2020-07-13,22.049999237060547
2020-07-14,22.610000610351562
2020-07-15,23.40999984741211
2020-07-16,23.459999084472656
2020-07-17,24.229999542236328
2020-07-20,23.809999465942383
2020-07-21,24.229999542236328
2020-07-22,24.479999542236328
2020-07-23,26.110000610351562
2020-07-24,26.399999618530273
2020-07-27,26.719999313354492
2020-07-28,25.1299991607666
2020-07-29,25.579999923706055
2020-07-30,25.639999389648438
2020-07-31,25.06999969482422
2020-08-03,25.020000457763672
2020-08-04,25.690000534057617
2020-08-05,25.68000030517578
2020-08-06,25.639999389648438
2020-08-07,26.450000762939453
2020-08-10,26.56999969482422
2020-08-11,27.110000610351562
2020-08-12,27.040000915527344
2020-08-13,27.18000030517578
2020-08-14,26.8700008392334
2020-08-17,26.709999084472656
2020-08-18,26.530000686645508
2020-08-19,26.790000915527344
2020-08-20,26.81999969482422
2020-08-21,26.75
2020-08-24,27.149999618530273
2020-08-25,27.34000015258789
2020-08-26,27.34000015258789
2020-08-27,27.420000076293945
2020-08-28,27.770000457763672
2020-08-31,27.31999969482422
2020-09-01,27.979999542236328
2020-09-02,27.709999084472656
2020-09-03,27.100000381469727
2020-09-04,27.040000915527344
2020-09-08,26.43000030517578
2020-09-09,27.290000915527344
2020-09-10,27.770000457763672
2020-09-11,26.8799991607666
2020-09-14,26.610000610351562
2020-09-15,26.75
2020-09-16,27.030000686645508
2020-09-17,26.510000228881836
2020-09-18,26.43000030517578
2020-09-21,25.520000457763672
2020-09-22,25.559999465942383
2020-09-23,25.850000381469727
2020-09-24,25.8799991607666
2020-09-25,25.860000610351562
2020-09-28,26.809999465942383
2020-09-29,26.260000228881836
2020-09-30,25.770000457763672
2020-10-01,25.540000915527344
2020-10-02,26.299999237060547
2020-10-05,27.43000030517578
2020-10-06,26.059999465942383
2020-10-07,27.1200008392334
2020-10-08,27.56999969482422
2020-10-09,27.520000457763672
2020-10-12,27.649999618530273
2020-10-13,27.600000381469727
2020-10-14,27.690000534057617
2020-10-15,28.440000534057617
2020-10-16,28.030000686645508
2020-10-19,27.719999313354492
2020-10-20,27.84000015258789
2020-10-21,27.6200008392334
2020-10-22,27.290000915527344
2020-10-23,27.93000030517578
2020-10-26,27.469999313354492
2020-10-27,27.059999465942383
2020-10-28,25.3700008392334
2020-10-29,29.690000534057617
2020-10-30,26.969999313354492
2020-11-02,27.15999984741211
2020-11-03,28.389999389648438
2020-11-04,28.360000610351562
2020-11-05,28.56999969482422
2020-11-06,28.520000457763672
2020-11-09,29.280000686645508
2020-11-10,29.59000015258789
2020-11-11,28.81999969482422
2020-11-12,29.479999542236328
2020-11-13,28.829999923706055
2020-11-16,29.40999984741211
2020-11-17,29.700000762939453
2020-11-18,29.309999465942383
2020-11-19,28.989999771118164
2020-11-20,28.540000915527344
2020-11-23,29.670000076293945
2020-11-24,30.190000534057617
2020-11-25,30.18000030517578
2020-11-27,29.479999542236328
2020-11-30,28.389999389648438
2020-12-01,28.65999984741211
2020-12-02,28.780000686645508
2020-12-03,29.110000610351562
2020-12-04,29.40999984741211
2020-12-07,29.15999984741211
2020-12-08,29.239999771118164
2020-12-09,29.75
2020-12-10,29.229999542236328
2020-12-11,29.3700008392334
2020-12-14,26.700000762939453
2020-12-15,26.989999771118164
2020-12-16,27.149999618530273
2020-12-17,27.8700008392334
2020-12-18,28.010000228881836
2020-12-21,28.040000915527344
2020-12-22,27.719999313354492
2020-12-23,27.559999465942383
2020-12-24,27.700000762939453
2020-12-28,27.739999771118164
2020-12-29,27.270000457763672
2020-12-30,26.969999313354492
2020-12-31,26.81999969482422
2021-01-04,26.43000030517578
2021-01-05,26.530000686645508
2021-01-06,28.3700008392334
2021-01-07,28.56999969482422
2021-01-08,27.959999084472656
2021-01-11,27.790000915527344
2021-01-12,28.440000534057617
2021-01-13,27.34000015258789
2021-01-14,27.780000686645508
2021-01-15,27.299999237060547
2021-01-19,27.389999389648438
2021-01-20,27.860000610351562
2021-01-21,28.09000015258789
2021-01-22,29.1200008392334
2021-01-25,30.530000686645508
2021-01-26,31.1200008392334
2021-01-27,28.739999771118164
2021-01-28,27.540000915527344
2021-01-29,26.329999923706055
2021-02-01,26.920000076293945
2021-02-02,27.68000030517578
2021-02-03,27.75
2021-02-04,28.479999542236328
2021-02-05,28.059999465942383
2021-02-08,28.059999465942383
2021-02-09,28.8799991607666
2021-02-10,28.34000015258789
2021-02-11,27.6200008392334
2021-02-12,28.170000076293945
2021-02-16,27.59000015258789
2021-02-17,27.489999771118164
2021-02-18,27.15999984741211
2021-02-19,28.149999618530273
2021-02-22,28.239999771118164
2021-02-23,27.1299991607666
2021-02-24,27.260000228881836
2021-02-25,27.34000015258789
2021-02-26,27.860000610351562
2021-03-01,28.899999618530273
2021-03-02,28.6200008392334
2021-03-03,29.049999237060547
2021-03-04,28.739999771118164
2021-03-05,29.459999084472656
2021-03-08,30.540000915527344
2021-03-09,31.239999771118164
2021-03-10,31.600000381469727
2021-03-11,32.459999084472656
2021-03-12,32.43000030517578
2021-03-15,31.40999984741211
2021-03-16,33.52000045776367
2021-03-17,33.529998779296875
2021-03-18,32.95000076293945
2021-03-19,32.630001068115234
2021-03-22,30.84000015258789
2021-03-23,29.5
2021-03-24,29.270000457763672
2021-03-25,30.139999389648438
2021-03-26,31.229999542236328
2021-03-29,31.010000228881836
2021-03-30,31.809999465942383
2021-03-31,31.40999984741211
2021-04-01,31.829999923706055
2021-04-05,33.08000183105469
2021-04-06,32.380001068115234
2021-04-07,31.739999771118164
2021-04-08,31.43000030517578
2021-04-09,31.700000762939453
2021-04-12,31.90999984741211
2021-04-13,31.809999465942383
2021-04-14,32.06999969482422
2021-04-15,32.59000015258789
2021-04-16,32.880001068115234
2021-04-19,32.709999084472656
2021-04-20,31.790000915527344
2021-04-21,31.219999313354492
2021-04-22,31.489999771118164
2021-04-23,31.68000030517578
2021-04-26,31.1299991607666
2021-04-27,31.0
2021-04-28,31.09000015258789
2021-04-29,33.150001525878906
2021-04-30,32.70000076293945
2021-05-03,34.040000915527344
2021-05-04,33.75
2021-05-05,36.560001373291016
2021-05-06,35.06999969482422
2021-05-07,35.939998626708984
2021-05-10,35.72999954223633
2021-05-11,34.72999954223633
2021-05-12,33.849998474121094
2021-05-13,36.25
2021-05-14,36.18000030517578
