,ENZL
2010-09-02,26.110000610351562
2010-09-03,26.43000030517578
2010-09-07,26.920000076293945
2010-09-08,27.09000015258789
2010-09-09,27.1299991607666
2010-09-10,27.200000762939453
2010-09-13,27.6200008392334
2010-09-14,27.84000015258789
2010-09-15,27.520000457763672
2010-09-16,27.190000534057617
2010-09-17,27.31999969482422
2010-09-20,27.770000457763672
2010-09-21,27.889999389648438
2010-09-22,28.0
2010-09-23,27.530000686645508
2010-09-24,27.850000381469727
2010-09-27,27.899999618530273
2010-09-28,28.100000381469727
2010-09-29,27.809999465942383
2010-09-30,27.280000686645508
2010-10-01,28.219999313354492
2010-10-04,27.93000030517578
2010-10-05,28.549999237060547
2010-10-06,28.540000915527344
2010-10-07,28.31999969482422
2010-10-08,28.610000610351562
2010-10-11,28.440000534057617
2010-10-12,28.700000762939453
2010-10-13,28.979999542236328
2010-10-14,28.93000030517578
2010-10-15,28.81999969482422
2010-10-18,29.170000076293945
2010-10-19,28.100000381469727
2010-10-20,28.670000076293945
2010-10-21,28.440000534057617
2010-10-22,28.65999984741211
2010-10-25,29.06999969482422
2010-10-26,28.6200008392334
2010-10-27,28.350000381469727
2010-10-28,28.860000610351562
2010-10-29,29.40999984741211
2010-11-01,29.219999313354492
2010-11-02,29.959999084472656
2010-11-03,30.290000915527344
2010-11-04,31.149999618530273
2010-11-05,30.950000762939453
2010-11-08,30.459999084472656
2010-11-09,29.90999984741211
2010-11-10,30.6299991607666
2010-11-11,30.229999542236328
2010-11-12,29.899999618530273
2010-11-15,30.059999465942383
2010-11-16,29.530000686645508
2010-11-17,29.540000915527344
2010-11-18,29.989999771118164
2010-11-19,29.81999969482422
2010-11-22,29.809999465942383
2010-11-23,28.709999084472656
2010-11-24,29.299999237060547
2010-11-26,28.579999923706055
2010-11-29,28.68000030517578
2010-11-30,28.43000030517578
2010-12-01,28.899999618530273
2010-12-02,29.1200008392334
2010-12-03,29.420000076293945
2010-12-06,29.31999969482422
2010-12-07,29.100000381469727
2010-12-08,28.760000228881836
2010-12-09,28.649999618530273
2010-12-10,28.479999542236328
2010-12-13,28.889999389648438
2010-12-14,28.670000076293945
2010-12-15,28.190000534057617
2010-12-16,28.270000457763672
2010-12-17,28.450000762939453
2010-12-20,28.709999084472656
2010-12-21,28.239999771118164
2010-12-22,28.239999771118164
2010-12-23,28.420000076293945
2010-12-27,28.489999771118164
2010-12-28,28.809999465942383
2010-12-29,29.149999618530273
2010-12-30,29.239999771118164
2010-12-31,29.3799991607666
2011-01-03,29.420000076293945
2011-01-04,28.989999771118164
2011-01-05,29.0
2011-01-06,28.690000534057617
2011-01-07,28.649999618530273
2011-01-10,28.729999542236328
2011-01-11,28.829999923706055
2011-01-12,29.049999237060547
2011-01-13,29.360000610351562
2011-01-14,29.450000762939453
2011-01-18,29.329999923706055
2011-01-19,29.030000686645508
2011-01-20,28.719999313354492
2011-01-21,28.940000534057617
2011-01-24,29.1299991607666
2011-01-25,29.270000457763672
2011-01-26,29.549999237060547
2011-01-27,29.459999084472656
2011-01-28,29.280000686645508
2011-01-31,29.43000030517578
2011-02-01,29.899999618530273
2011-02-02,29.649999618530273
2011-02-03,29.440000534057617
2011-02-04,29.479999542236328
2011-02-07,29.760000228881836
2011-02-08,29.84000015258789
2011-02-09,29.56999969482422
2011-02-10,29.110000610351562
2011-02-11,29.1200008392334
2011-02-14,28.959999084472656
2011-02-15,28.8799991607666
2011-02-16,29.030000686645508
2011-02-17,29.329999923706055
2011-02-18,29.489999771118164
2011-02-22,28.309999465942383
2011-02-23,28.40999984741211
2011-02-24,28.469999313354492
2011-02-25,28.670000076293945
2011-02-28,28.739999771118164
2011-03-01,28.5
2011-03-02,28.690000534057617
2011-03-03,28.860000610351562
2011-03-04,28.579999923706055
2011-03-07,28.579999923706055
2011-03-08,28.719999313354492
2011-03-09,28.540000915527344
2011-03-10,28.18000030517578
2011-03-11,28.559999465942383
2011-03-14,28.139999389648438
2011-03-15,27.690000534057617
2011-03-16,27.079999923706055
2011-03-17,27.15999984741211
2011-03-18,27.549999237060547
2011-03-21,27.950000762939453
2011-03-22,28.149999618530273
2011-03-23,28.489999771118164
2011-03-24,28.979999542236328
2011-03-25,28.8799991607666
2011-03-28,29.06999969482422
2011-03-29,29.549999237060547
2011-03-30,29.729999542236328
2011-03-31,29.809999465942383
2011-04-01,30.1200008392334
2011-04-04,30.149999618530273
2011-04-05,30.239999771118164
2011-04-06,30.489999771118164
2011-04-07,30.360000610351562
2011-04-08,30.290000915527344
2011-04-11,30.479999542236328
2011-04-12,30.520000457763672
2011-04-13,30.729999542236328
2011-04-14,30.950000762939453
2011-04-15,31.329999923706055
2011-04-18,30.670000076293945
2011-04-19,30.700000762939453
2011-04-20,31.3700008392334
2011-04-21,31.670000076293945
2011-04-25,31.510000228881836
2011-04-26,31.959999084472656
2011-04-27,32.09000015258789
2011-04-28,31.940000534057617
2011-04-29,32.36000061035156
2011-05-02,31.860000610351562
2011-05-03,31.40999984741211
2011-05-04,31.239999771118164
2011-05-05,30.8799991607666
2011-05-06,31.5
2011-05-09,31.770000457763672
2011-05-10,32.029998779296875
2011-05-11,31.639999389648438
2011-05-12,32.11000061035156
2011-05-13,31.440000534057617
2011-05-16,31.549999237060547
2011-05-17,31.84000015258789
2011-05-18,32.150001525878906
2011-05-19,32.08000183105469
2011-05-20,32.189998626708984
2011-05-23,31.809999465942383
2011-05-24,32.47999954223633
2011-05-25,32.63999938964844
2011-05-26,32.650001525878906
2011-05-27,32.72999954223633
2011-05-31,33.529998779296875
2011-06-01,32.77000045776367
2011-06-02,33.029998779296875
2011-06-03,32.75
2011-06-06,32.70000076293945
2011-06-07,32.88999938964844
2011-06-08,32.900001525878906
2011-06-09,33.2599983215332
2011-06-10,32.7400016784668
2011-06-13,32.540000915527344
2011-06-14,32.849998474121094
2011-06-15,32.16999816894531
2011-06-16,32.08000183105469
2011-06-17,32.40999984741211
2011-06-20,32.41999816894531
2011-06-21,32.720001220703125
2011-06-22,32.09000015258789
2011-06-23,32.220001220703125
2011-06-24,31.719999313354492
2011-06-27,31.790000915527344
2011-06-28,31.90999984741211
2011-06-29,32.040000915527344
2011-06-30,32.58000183105469
2011-07-01,32.810001373291016
2011-07-05,32.41999816894531
2011-07-06,32.16999816894531
2011-07-07,32.779998779296875
2011-07-08,32.68000030517578
2011-07-11,32.099998474121094
2011-07-12,31.889999389648438
2011-07-13,32.459999084472656
2011-07-14,32.5099983215332
2011-07-15,32.7400016784668
2011-07-18,32.43000030517578
2011-07-19,33.31999969482422
2011-07-20,33.400001525878906
2011-07-21,33.869998931884766
2011-07-22,34.11000061035156
2011-07-25,34.04999923706055
2011-07-26,34.04999923706055
2011-07-27,33.650001525878906
2011-07-28,33.72999954223633
2011-07-29,34.0
2011-08-01,34.09000015258789
2011-08-02,33.7400016784668
2011-08-03,33.52000045776367
2011-08-04,31.899999618530273
2011-08-05,31.809999465942383
2011-08-08,29.329999923706055
2011-08-09,30.290000915527344
2011-08-10,28.700000762939453
2011-08-11,30.56999969482422
2011-08-12,30.600000381469727
2011-08-15,31.25
2011-08-16,31.40999984741211
2011-08-17,31.600000381469727
2011-08-18,30.6200008392334
2011-08-19,30.690000534057617
2011-08-22,31.149999618530273
2011-08-23,32.36000061035156
2011-08-24,31.709999084472656
2011-08-25,31.530000686645508
2011-08-26,31.979999542236328
2011-08-29,32.439998626708984
2011-08-30,32.65999984741211
2011-08-31,32.56999969482422
2011-09-01,32.18000030517578
2011-09-02,31.559999465942383
2011-09-06,30.81999969482422
2011-09-07,31.549999237060547
2011-09-08,31.309999465942383
2011-09-09,30.770000457763672
2011-09-12,30.719999313354492
2011-09-13,31.049999237060547
2011-09-14,31.139999389648438
2011-09-15,31.309999465942383
2011-09-16,31.559999465942383
2011-09-19,31.290000915527344
2011-09-20,31.260000228881836
2011-09-21,30.0
2011-09-22,29.540000915527344
2011-09-23,29.1299991607666
2011-09-26,29.420000076293945
2011-09-27,30.3700008392334
2011-09-28,29.329999923706055
2011-09-29,29.270000457763672
2011-09-30,28.979999542236328
2011-10-03,28.610000610351562
2011-10-04,29.40999984741211
2011-10-05,29.700000762939453
2011-10-06,29.989999771118164
2011-10-07,29.90999984741211
2011-10-10,30.56999969482422
2011-10-11,30.530000686645508
2011-10-12,30.360000610351562
2011-10-13,29.799999237060547
2011-10-14,30.399999618530273
2011-10-17,29.329999923706055
2011-10-18,29.739999771118164
2011-10-19,29.09000015258789
2011-10-20,29.540000915527344
2011-10-21,30.06999969482422
2011-10-24,30.3799991607666
2011-10-25,29.040000915527344
2011-10-26,29.459999084472656
2011-10-27,30.81999969482422
2011-10-28,31.010000228881836
2011-10-31,30.1299991607666
2011-11-01,29.540000915527344
2011-11-02,29.770000457763672
2011-11-03,30.190000534057617
2011-11-04,29.81999969482422
2011-11-07,30.190000534057617
2011-11-08,30.520000457763672
2011-11-09,29.1200008392334
2011-11-10,29.479999542236328
2011-11-11,29.90999984741211
2011-11-14,28.899999618530273
2011-11-15,28.979999542236328
2011-11-16,28.190000534057617
2011-11-17,27.690000534057617
2011-11-18,27.739999771118164
2011-11-21,27.309999465942383
2011-11-22,27.309999465942383
2011-11-23,27.15999984741211
2011-11-25,26.969999313354492
2011-11-28,27.6299991607666
2011-11-29,27.940000534057617
2011-11-30,29.309999465942383
2011-12-01,28.690000534057617
2011-12-02,28.760000228881836
2011-12-05,28.940000534057617
2011-12-06,28.989999771118164
2011-12-07,28.790000915527344
2011-12-08,28.170000076293945
2011-12-09,29.010000228881836
2011-12-12,28.110000610351562
2011-12-13,27.969999313354492
2011-12-14,27.719999313354492
2011-12-15,27.8799991607666
2011-12-16,27.989999771118164
2011-12-19,27.540000915527344
2011-12-20,26.889999389648438
2011-12-21,26.65999984741211
2011-12-22,26.850000381469727
2011-12-23,26.899999618530273
2011-12-27,26.81999969482422
2011-12-28,26.770000457763672
2011-12-29,27.15999984741211
2011-12-30,27.559999465942383
2012-01-03,28.219999313354492
2012-01-04,28.030000686645508
2012-01-05,27.770000457763672
2012-01-06,27.420000076293945
2012-01-09,27.709999084472656
2012-01-10,27.8700008392334
2012-01-11,27.8799991607666
2012-01-12,27.84000015258789
2012-01-13,27.56999969482422
2012-01-17,27.969999313354492
2012-01-18,28.6200008392334
2012-01-19,28.549999237060547
2012-01-20,28.690000534057617
2012-01-23,29.010000228881836
2012-01-24,28.84000015258789
2012-01-25,29.260000228881836
2012-01-26,29.170000076293945
2012-01-27,29.549999237060547
2012-01-30,29.459999084472656
2012-01-31,29.540000915527344
2012-02-01,30.059999465942383
2012-02-02,29.959999084472656
2012-02-03,30.360000610351562
2012-02-06,30.219999313354492
2012-02-07,30.25
2012-02-08,30.239999771118164
2012-02-09,30.3700008392334
2012-02-10,30.229999542236328
2012-02-13,30.440000534057617
2012-02-14,30.280000686645508
2012-02-15,29.829999923706055
2012-02-16,30.09000015258789
2012-02-17,29.920000076293945
2012-02-21,30.209999084472656
2012-02-22,29.950000762939453
2012-02-23,30.25
2012-02-24,30.15999984741211
2012-02-27,30.239999771118164
2012-02-28,30.1299991607666
2012-02-29,29.989999771118164
2012-03-01,30.40999984741211
2012-03-02,30.360000610351562
2012-03-05,30.239999771118164
2012-03-06,29.90999984741211
2012-03-07,30.530000686645508
2012-03-08,30.850000381469727
2012-03-09,31.06999969482422
2012-03-12,31.18000030517578
2012-03-13,31.579999923706055
2012-03-14,31.1200008392334
2012-03-15,31.850000381469727
2012-03-16,31.809999465942383
2012-03-19,31.770000457763672
2012-03-20,31.3700008392334
2012-03-21,31.459999084472656
2012-03-22,30.90999984741211
2012-03-23,31.139999389648438
2012-03-26,31.690000534057617
2012-03-27,31.520000457763672
2012-03-28,31.1299991607666
2012-03-29,31.299999237060547
2012-03-30,31.65999984741211
2012-04-02,31.719999313354492
2012-04-03,31.280000686645508
2012-04-04,30.989999771118164
2012-04-05,30.989999771118164
2012-04-09,30.860000610351562
2012-04-10,30.75
2012-04-11,31.010000228881836
2012-04-12,31.6200008392334
2012-04-13,31.25
2012-04-16,31.190000534057617
2012-04-17,31.549999237060547
2012-04-18,31.459999084472656
2012-04-19,31.360000610351562
2012-04-20,31.389999389648438
2012-04-23,31.219999313354492
2012-04-24,31.479999542236328
2012-04-25,31.829999923706055
2012-04-26,31.65999984741211
2012-04-27,31.860000610351562
2012-04-30,31.719999313354492
2012-05-01,32.08000183105469
2012-05-02,32.20000076293945
2012-05-03,31.360000610351562
2012-05-04,30.739999771118164
2012-05-07,30.90999984741211
2012-05-08,30.610000610351562
2012-05-09,30.639999389648438
2012-05-10,30.760000228881836
2012-05-11,30.510000228881836
2012-05-14,30.219999313354492
2012-05-15,29.6299991607666
2012-05-16,29.350000381469727
2012-05-17,29.020000457763672
2012-05-18,28.760000228881836
2012-05-21,29.420000076293945
2012-05-22,29.190000534057617
2012-05-23,28.920000076293945
2012-05-24,28.780000686645508
2012-05-25,28.700000762939453
2012-05-29,29.0
2012-05-30,28.579999923706055
2012-05-31,28.770000457763672
2012-06-01,27.969999313354492
2012-06-04,28.100000381469727
2012-06-05,28.290000915527344
2012-06-06,29.290000915527344
2012-06-07,29.059999465942383
2012-06-08,28.969999313354492
2012-06-11,28.600000381469727
2012-06-12,28.979999542236328
2012-06-13,28.329999923706055
2012-06-14,29.0
2012-06-15,29.600000381469727
2012-06-18,29.729999542236328
2012-06-19,30.260000228881836
2012-06-20,29.709999084472656
2012-06-21,28.299999237060547
2012-06-22,28.649999618530273
2012-06-25,28.40999984741211
2012-06-26,28.459999084472656
2012-06-27,28.65999984741211
2012-06-28,28.56999969482422
2012-06-29,28.989999771118164
2012-07-02,29.3799991607666
2012-07-03,29.350000381469727
2012-07-05,29.729999542236328
2012-07-06,29.469999313354492
2012-07-09,29.5
2012-07-10,29.1299991607666
2012-07-11,29.420000076293945
2012-07-12,29.479999542236328
2012-07-13,29.739999771118164
2012-07-16,29.209999084472656
2012-07-17,29.239999771118164
2012-07-18,29.520000457763672
2012-07-19,29.59000015258789
2012-07-20,29.190000534057617
2012-07-23,28.940000534057617
2012-07-24,28.690000534057617
2012-07-25,28.950000762939453
2012-07-26,29.719999313354492
2012-07-27,30.190000534057617
2012-07-30,30.110000610351562
2012-07-31,30.34000015258789
2012-08-01,30.25
2012-08-02,30.280000686645508
2012-08-03,31.0
2012-08-06,31.079999923706055
2012-08-07,31.15999984741211
2012-08-08,30.959999084472656
2012-08-09,30.649999618530273
2012-08-10,30.760000228881836
2012-08-13,30.860000610351562
2012-08-14,30.81999969482422
2012-08-15,31.170000076293945
2012-08-16,31.18000030517578
2012-08-17,31.09000015258789
2012-08-20,31.329999923706055
2012-08-21,31.579999923706055
2012-08-22,31.510000228881836
2012-08-23,31.43000030517578
2012-08-24,31.1200008392334
2012-08-27,30.979999542236328
2012-08-28,30.8700008392334
2012-08-29,30.690000534057617
2012-08-30,30.549999237060547
2012-08-31,31.040000915527344
2012-09-04,30.690000534057617
2012-09-05,30.68000030517578
2012-09-06,31.389999389648438
2012-09-07,31.850000381469727
2012-09-10,31.770000457763672
2012-09-11,32.4900016784668
2012-09-12,32.83000183105469
2012-09-13,33.5099983215332
2012-09-14,33.459999084472656
2012-09-17,33.34000015258789
2012-09-18,33.27000045776367
2012-09-19,33.2599983215332
2012-09-20,33.5
2012-09-21,33.5
2012-09-24,33.15999984741211
2012-09-25,33.16999816894531
2012-09-26,33.060001373291016
2012-09-27,33.540000915527344
2012-09-28,33.599998474121094
2012-10-01,33.869998931884766
2012-10-02,34.189998626708984
2012-10-03,34.0099983215332
2012-10-04,34.0
2012-10-05,34.02000045776367
2012-10-08,34.15999984741211
2012-10-09,33.72999954223633
2012-10-10,33.709999084472656
2012-10-11,33.619998931884766
2012-10-12,33.709999084472656
2012-10-15,34.15999984741211
2012-10-16,34.31999969482422
2012-10-17,34.7599983215332
2012-10-18,34.7400016784668
2012-10-19,34.40999984741211
2012-10-22,34.599998474121094
2012-10-23,34.349998474121094
2012-10-24,34.5099983215332
2012-10-25,34.7400016784668
2012-10-26,34.93000030517578
2012-10-31,34.439998626708984
2012-11-01,34.61000061035156
2012-11-02,34.0099983215332
2012-11-05,33.959999084472656
2012-11-06,34.5
2012-11-07,34.13999938964844
2012-11-08,33.95000076293945
2012-11-09,33.970001220703125
2012-11-12,34.38999938964844
2012-11-13,34.34000015258789
2012-11-14,33.66999816894531
2012-11-15,33.970001220703125
2012-11-16,33.7400016784668
2012-11-19,34.2599983215332
2012-11-20,34.290000915527344
2012-11-21,34.08000183105469
2012-11-23,35.0
2012-11-26,34.869998931884766
2012-11-27,34.65999984741211
2012-11-28,34.75
2012-11-29,34.84000015258789
2012-11-30,34.84000015258789
2012-12-03,34.709999084472656
2012-12-04,34.66999816894531
2012-12-05,34.13999938964844
2012-12-06,35.18000030517578
2012-12-07,35.349998474121094
2012-12-10,35.2400016784668
2012-12-11,35.4900016784668
2012-12-12,35.20000076293945
2012-12-13,34.86000061035156
2012-12-14,35.119998931884766
2012-12-17,35.029998779296875
2012-12-18,34.25
2012-12-19,34.29999923706055
2012-12-20,34.93000030517578
2012-12-21,34.310001373291016
2012-12-24,34.09000015258789
2012-12-26,33.91999816894531
2012-12-27,34.11000061035156
2012-12-28,34.060001373291016
2012-12-31,34.58000183105469
2013-01-02,35.060001373291016
2013-01-03,34.54999923706055
2013-01-04,34.689998626708984
2013-01-07,34.84000015258789
2013-01-08,34.91999816894531
2013-01-09,35.209999084472656
2013-01-10,35.66999816894531
2013-01-11,35.369998931884766
2013-01-14,35.7599983215332
2013-01-15,35.970001220703125
2013-01-16,35.959999084472656
2013-01-17,36.38999938964844
2013-01-18,35.93000030517578
2013-01-22,36.25
2013-01-23,36.22999954223633
2013-01-24,36.029998779296875
2013-01-25,36.16999816894531
2013-01-28,35.93000030517578
2013-01-29,36.18000030517578
2013-01-30,36.43000030517578
2013-01-31,36.70000076293945
2013-02-01,37.02000045776367
2013-02-04,36.7599983215332
2013-02-05,36.650001525878906
2013-02-06,36.5
2013-02-07,35.720001220703125
2013-02-08,36.150001525878906
2013-02-11,36.09000015258789
2013-02-12,36.279998779296875
2013-02-13,36.31999969482422
2013-02-14,36.72999954223633
2013-02-15,36.22999954223633
2013-02-19,36.7599983215332
2013-02-20,35.58000183105469
2013-02-21,35.290000915527344
2013-02-22,35.9900016784668
2013-02-25,35.689998626708984
2013-02-26,35.63999938964844
2013-02-27,36.150001525878906
2013-02-28,36.310001373291016
2013-03-01,36.349998474121094
2013-03-04,35.7599983215332
2013-03-05,36.209999084472656
2013-03-06,36.20000076293945
2013-03-07,36.59000015258789
2013-03-08,36.150001525878906
2013-03-11,36.5099983215332
2013-03-12,36.58000183105469
2013-03-13,36.209999084472656
2013-03-14,36.5
2013-03-15,36.599998474121094
2013-03-18,36.20000076293945
2013-03-19,36.060001373291016
2013-03-20,36.040000915527344
2013-03-21,36.119998931884766
2013-03-22,36.540000915527344
2013-03-25,36.18000030517578
2013-03-26,36.599998474121094
2013-03-27,37.06999969482422
2013-03-28,37.27000045776367
2013-04-01,37.189998626708984
2013-04-02,37.22999954223633
2013-04-03,37.25
2013-04-04,37.5099983215332
2013-04-05,37.54999923706055
2013-04-08,37.47999954223633
2013-04-09,37.599998474121094
2013-04-10,38.18000030517578
2013-04-11,38.36000061035156
2013-04-12,38.189998626708984
2013-04-15,37.08000183105469
2013-04-16,37.959999084472656
2013-04-17,37.66999816894531
2013-04-18,37.47999954223633
2013-04-19,37.7599983215332
2013-04-22,38.04999923706055
2013-04-23,38.47999954223633
2013-04-24,38.7599983215332
2013-04-25,39.0099983215332
2013-04-26,38.7400016784668
2013-04-29,39.52000045776367
2013-04-30,39.61000061035156
2013-05-01,39.02000045776367
2013-05-02,39.040000915527344
2013-05-03,38.959999084472656
2013-05-06,39.2599983215332
2013-05-07,39.29999923706055
2013-05-08,39.25
2013-05-09,39.099998474121094
2013-05-10,38.86000061035156
2013-05-13,38.68000030517578
2013-05-14,38.43000030517578
2013-05-15,38.380001068115234
2013-05-16,37.7599983215332
2013-05-17,36.880001068115234
2013-05-20,37.20000076293945
2013-05-21,37.209999084472656
2013-05-22,36.77000045776367
2013-05-23,37.20000076293945
2013-05-24,36.36000061035156
2013-05-28,36.09000015258789
2013-05-29,36.16999816894531
2013-05-30,35.77000045776367
2013-05-31,35.2599983215332
2013-06-03,35.68000030517578
2013-06-04,35.5
2013-06-05,34.65999984741211
2013-06-06,35.540000915527344
2013-06-07,34.88999938964844
2013-06-10,35.08000183105469
2013-06-11,34.75
2013-06-12,35.0099983215332
2013-06-13,35.56999969482422
2013-06-14,35.130001068115234
2013-06-17,35.459999084472656
2013-06-18,35.61000061035156
2013-06-19,34.7400016784668
2013-06-20,33.540000915527344
2013-06-21,33.56999969482422
2013-06-24,33.7599983215332
2013-06-25,33.529998779296875
2013-06-26,34.33000183105469
2013-06-27,33.54999923706055
2013-06-28,33.54999923706055
2013-07-01,33.720001220703125
2013-07-02,33.59000015258789
2013-07-03,33.88999938964844
2013-07-05,33.709999084472656
2013-07-08,34.189998626708984
2013-07-09,34.709999084472656
2013-07-10,34.7400016784668
2013-07-11,35.0
2013-07-12,34.7400016784668
2013-07-15,35.150001525878906
2013-07-16,35.20000076293945
2013-07-17,35.38999938964844
2013-07-18,35.279998779296875
2013-07-19,35.33000183105469
2013-07-22,35.279998779296875
2013-07-23,35.54999923706055
2013-07-24,35.369998931884766
2013-07-25,36.0099983215332
2013-07-26,36.150001525878906
2013-07-29,35.7400016784668
2013-07-30,35.290000915527344
2013-07-31,35.18000030517578
2013-08-01,34.9900016784668
2013-08-02,35.11000061035156
2013-08-05,34.79999923706055
2013-08-06,34.9900016784668
2013-08-07,35.08000183105469
2013-08-08,35.66999816894531
2013-08-09,35.47999954223633
2013-08-12,35.29999923706055
2013-08-13,35.099998474121094
2013-08-14,35.27000045776367
2013-08-15,35.369998931884766
2013-08-16,35.52000045776367
2013-08-19,35.189998626708984
2013-08-20,35.08000183105469
2013-08-21,34.720001220703125
2013-08-22,34.70000076293945
2013-08-23,34.47999954223633
2013-08-26,34.560001373291016
2013-08-27,34.099998474121094
2013-08-28,34.2400016784668
2013-08-29,34.099998474121094
2013-08-30,33.849998474121094
2013-09-03,34.77000045776367
2013-09-04,35.290000915527344
2013-09-05,35.11000061035156
2013-09-06,35.66999816894531
2013-09-09,36.04999923706055
2013-09-10,36.439998626708984
2013-09-11,36.45000076293945
2013-09-12,36.650001525878906
2013-09-13,36.83000183105469
2013-09-16,37.22999954223633
2013-09-17,37.790000915527344
2013-09-18,38.63999938964844
2013-09-19,38.709999084472656
2013-09-20,38.45000076293945
2013-09-23,38.34000015258789
2013-09-24,38.029998779296875
2013-09-25,38.33000183105469
2013-09-26,38.54999923706055
2013-09-27,38.650001525878906
2013-09-30,38.459999084472656
2013-10-01,38.79999923706055
2013-10-02,38.959999084472656
2013-10-03,38.70000076293945
2013-10-04,39.040000915527344
2013-10-07,38.7599983215332
2013-10-08,38.400001525878906
2013-10-09,38.27000045776367
2013-10-10,38.790000915527344
2013-10-11,38.790000915527344
2013-10-14,38.81999969482422
2013-10-15,38.689998626708984
2013-10-16,39.34000015258789
2013-10-17,39.84000015258789
2013-10-18,39.869998931884766
2013-10-21,39.81999969482422
2013-10-22,40.5099983215332
2013-10-23,40.220001220703125
2013-10-24,39.72999954223633
2013-10-25,39.65999984741211
2013-10-28,39.709999084472656
2013-10-29,39.31999969482422
2013-10-30,39.119998931884766
2013-10-31,39.529998779296875
2013-11-01,39.470001220703125
2013-11-04,39.959999084472656
2013-11-05,40.310001373291016
2013-11-06,40.91999816894531
2013-11-07,40.099998474121094
2013-11-08,40.310001373291016
2013-11-11,39.970001220703125
2013-11-12,39.560001373291016
2013-11-13,40.220001220703125
2013-11-14,40.220001220703125
2013-11-15,40.4900016784668
2013-11-18,40.02000045776367
2013-11-19,39.900001525878906
2013-11-20,39.279998779296875
2013-11-21,39.02000045776367
2013-11-22,38.880001068115234
2013-11-25,38.709999084472656
2013-11-26,38.4900016784668
2013-11-27,38.25
2013-11-29,37.959999084472656
2013-12-02,38.060001373291016
2013-12-03,38.369998931884766
2013-12-04,37.720001220703125
2013-12-05,37.63999938964844
2013-12-06,38.150001525878906
2013-12-09,38.0099983215332
2013-12-10,38.0099983215332
2013-12-11,37.70000076293945
2013-12-12,37.959999084472656
2013-12-13,38.11000061035156
2013-12-16,38.56999969482422
2013-12-17,38.13999938964844
2013-12-18,36.95000076293945
2013-12-19,37.0
2013-12-20,36.849998474121094
2013-12-23,37.15999984741211
2013-12-24,37.290000915527344
2013-12-26,37.130001068115234
2013-12-27,37.310001373291016
2013-12-30,37.400001525878906
2013-12-31,37.34000015258789
2014-01-02,37.20000076293945
2014-01-03,37.90999984741211
2014-01-06,38.0099983215332
2014-01-07,38.060001373291016
2014-01-08,37.93000030517578
2014-01-09,38.2400016784668
2014-01-10,38.79999923706055
2014-01-13,39.189998626708984
2014-01-14,39.31999969482422
2014-01-15,39.5
2014-01-16,39.689998626708984
2014-01-17,39.0
2014-01-21,39.41999816894531
2014-01-22,39.52000045776367
2014-01-23,39.2599983215332
2014-01-24,38.209999084472656
2014-01-27,38.11000061035156
2014-01-28,38.47999954223633
2014-01-29,37.97999954223633
2014-01-30,37.93000030517578
2014-01-31,37.68000030517578
2014-02-03,37.29999923706055
2014-02-04,37.97999954223633
2014-02-05,37.790000915527344
2014-02-06,38.349998474121094
2014-02-07,38.619998931884766
2014-02-10,38.29999923706055
2014-02-11,38.810001373291016
2014-02-12,38.7599983215332
2014-02-13,39.15999984741211
2014-02-14,39.400001525878906
2014-02-18,39.08000183105469
2014-02-19,38.869998931884766
2014-02-20,39.22999954223633
2014-02-21,39.02000045776367
2014-02-24,39.65999984741211
2014-02-25,39.529998779296875
2014-02-26,39.41999816894531
2014-02-27,39.7599983215332
2014-02-28,39.93000030517578
2014-03-03,40.130001068115234
2014-03-04,40.83000183105469
2014-03-05,41.099998474121094
2014-03-06,41.56999969482422
2014-03-07,41.59000015258789
2014-03-10,41.63999938964844
2014-03-11,41.38999938964844
2014-03-12,41.400001525878906
2014-03-13,41.720001220703125
2014-03-14,41.630001068115234
2014-03-17,42.150001525878906
2014-03-18,42.810001373291016
2014-03-19,42.36000061035156
2014-03-20,42.290000915527344
2014-03-21,42.15999984741211
2014-03-24,42.11000061035156
2014-03-25,42.380001068115234
2014-03-26,42.349998474121094
2014-03-27,42.689998626708984
2014-03-28,42.900001525878906
2014-03-31,42.95000076293945
2014-04-01,42.810001373291016
2014-04-02,42.209999084472656
2014-04-03,42.25
2014-04-04,42.15999984741211
2014-04-07,41.91999816894531
2014-04-08,42.09000015258789
2014-04-09,42.75
2014-04-10,42.59000015258789
2014-04-11,42.529998779296875
2014-04-14,42.34000015258789
2014-04-15,42.34000015258789
2014-04-16,42.45000076293945
2014-04-17,42.220001220703125
2014-04-21,42.22999954223633
2014-04-22,42.33000183105469
2014-04-23,42.630001068115234
2014-04-24,42.52000045776367
2014-04-25,42.599998474121094
2014-04-28,42.22999954223633
2014-04-29,42.52000045776367
2014-04-30,43.40999984741211
2014-05-01,43.31999969482422
2014-05-02,43.7599983215332
2014-05-05,43.59000015258789
2014-05-06,43.43000030517578
2014-05-07,43.4900016784668
2014-05-08,43.15999984741211
2014-05-09,42.63999938964844
2014-05-12,43.09000015258789
2014-05-13,43.290000915527344
2014-05-14,43.470001220703125
2014-05-15,43.209999084472656
2014-05-16,43.22999954223633
2014-05-19,43.04999923706055
2014-05-20,42.25
2014-05-21,42.22999954223633
2014-05-22,42.25
2014-05-23,42.40999984741211
2014-05-27,42.27000045776367
2014-05-28,42.36000061035156
2014-05-29,42.220001220703125
2014-05-30,42.310001373291016
2014-06-02,41.95000076293945
2014-06-03,41.70000076293945
2014-06-04,41.65999984741211
2014-06-05,42.0
2014-06-06,42.209999084472656
2014-06-09,42.209999084472656
2014-06-10,42.220001220703125
2014-06-11,42.31999969482422
2014-06-12,43.09000015258789
2014-06-13,42.810001373291016
2014-06-16,42.93000030517578
2014-06-17,42.90999984741211
2014-06-18,43.290000915527344
2014-06-19,43.220001220703125
2014-06-20,42.79999923706055
2014-06-23,42.630001068115234
2014-06-24,42.380001068115234
2014-06-25,41.720001220703125
2014-06-26,42.0099983215332
2014-06-27,42.18000030517578
2014-06-30,42.130001068115234
2014-07-01,42.349998474121094
2014-07-02,42.25
2014-07-03,42.470001220703125
2014-07-07,42.459999084472656
2014-07-08,42.47999954223633
2014-07-09,42.290000915527344
2014-07-10,42.220001220703125
2014-07-11,42.0099983215332
2014-07-14,42.09000015258789
2014-07-15,41.86000061035156
2014-07-16,41.630001068115234
2014-07-17,41.27000045776367
2014-07-18,41.43000030517578
2014-07-21,41.54999923706055
2014-07-22,41.459999084472656
2014-07-23,41.689998626708984
2014-07-24,41.38999938964844
2014-07-25,41.56999969482422
2014-07-28,41.45000076293945
2014-07-29,40.849998474121094
2014-07-30,40.650001525878906
2014-07-31,40.599998474121094
2014-08-01,40.290000915527344
2014-08-04,40.279998779296875
2014-08-05,40.060001373291016
2014-08-06,40.15999984741211
2014-08-07,40.15999984741211
2014-08-08,40.029998779296875
2014-08-11,39.779998779296875
2014-08-12,39.63999938964844
2014-08-13,39.900001525878906
2014-08-14,40.13999938964844
2014-08-15,40.36000061035156
2014-08-18,40.2400016784668
2014-08-19,40.380001068115234
2014-08-20,40.52000045776367
2014-08-21,40.59000015258789
2014-08-22,40.599998474121094
2014-08-25,40.40999984741211
2014-08-26,40.47999954223633
2014-08-27,41.04999923706055
2014-08-28,41.04999923706055
2014-08-29,40.83000183105469
2014-09-02,40.650001525878906
2014-09-03,40.63999938964844
2014-09-04,40.470001220703125
2014-09-05,40.90999984741211
2014-09-08,40.79999923706055
2014-09-09,40.43000030517578
2014-09-10,40.38999938964844
2014-09-11,40.27000045776367
2014-09-12,39.7400016784668
2014-09-15,39.86000061035156
2014-09-16,39.86000061035156
2014-09-17,38.959999084472656
2014-09-18,39.25
2014-09-19,39.16999816894531
2014-09-22,39.849998474121094
2014-09-23,39.540000915527344
2014-09-24,39.900001525878906
2014-09-25,39.04999923706055
2014-09-26,38.880001068115234
2014-09-29,38.2400016784668
2014-09-30,38.4900016784668
2014-10-01,38.31999969482422
2014-10-02,38.77000045776367
2014-10-03,38.290000915527344
2014-10-06,38.439998626708984
2014-10-07,38.290000915527344
2014-10-08,39.11000061035156
2014-10-09,38.5099983215332
2014-10-10,38.099998474121094
2014-10-13,38.11000061035156
2014-10-14,37.81999969482422
2014-10-15,38.66999816894531
2014-10-16,38.380001068115234
2014-10-17,38.47999954223633
2014-10-20,39.09000015258789
2014-10-21,39.43000030517578
2014-10-22,39.310001373291016
2014-10-23,39.02000045776367
2014-10-24,39.61000061035156
2014-10-27,39.77000045776367
2014-10-28,40.02000045776367
2014-10-29,39.41999816894531
2014-10-30,39.880001068115234
2014-10-31,39.779998779296875
2014-11-03,39.45000076293945
2014-11-04,39.84000015258789
2014-11-05,39.540000915527344
2014-11-06,39.36000061035156
2014-11-07,39.599998474121094
2014-11-10,40.16999816894531
2014-11-11,40.61000061035156
2014-11-12,40.959999084472656
2014-11-13,40.810001373291016
2014-11-14,41.150001525878906
2014-11-17,41.22999954223633
2014-11-18,41.369998931884766
2014-11-19,40.970001220703125
2014-11-20,41.13999938964844
2014-11-21,40.88999938964844
2014-11-24,40.59000015258789
2014-11-25,39.97999954223633
2014-11-26,40.5
2014-11-28,40.0099983215332
2014-12-01,40.29999923706055
2014-12-02,40.060001373291016
2014-12-03,40.290000915527344
2014-12-04,40.47999954223633
2014-12-05,40.15999984741211
2014-12-08,39.72999954223633
2014-12-09,40.029998779296875
2014-12-10,40.529998779296875
2014-12-11,40.529998779296875
2014-12-12,40.33000183105469
2014-12-15,40.040000915527344
2014-12-16,40.349998474121094
2014-12-17,39.20000076293945
2014-12-18,39.790000915527344
2014-12-19,39.599998474121094
2014-12-22,39.5099983215332
2014-12-23,39.29999923706055
2014-12-24,39.52000045776367
2014-12-26,39.61000061035156
2014-12-29,40.0
2014-12-30,40.060001373291016
2014-12-31,39.97999954223633
2015-01-02,39.630001068115234
2015-01-05,39.5099983215332
2015-01-06,39.880001068115234
2015-01-07,40.0099983215332
2015-01-08,40.349998474121094
2015-01-09,40.2599983215332
2015-01-12,40.33000183105469
2015-01-13,40.08000183105469
2015-01-14,40.290000915527344
2015-01-15,40.790000915527344
2015-01-16,40.720001220703125
2015-01-20,40.09000015258789
2015-01-21,39.869998931884766
2015-01-22,39.349998474121094
2015-01-23,39.099998474121094
2015-01-26,39.25
2015-01-27,39.5099983215332
2015-01-28,39.5
2015-01-29,38.869998931884766
2015-01-30,38.54999923706055
2015-02-02,38.68000030517578
2015-02-03,39.709999084472656
2015-02-04,39.439998626708984
2015-02-05,39.88999938964844
2015-02-06,39.459999084472656
2015-02-09,39.4900016784668
2015-02-10,39.72999954223633
2015-02-11,39.52000045776367
2015-02-12,39.72999954223633
2015-02-13,39.849998474121094
2015-02-17,40.11000061035156
2015-02-18,39.9900016784668
2015-02-19,39.720001220703125
2015-02-20,39.959999084472656
2015-02-23,39.81999969482422
2015-02-24,39.619998931884766
2015-02-25,40.58000183105469
2015-02-26,40.75
2015-02-27,40.95000076293945
2015-03-02,41.02000045776367
2015-03-03,41.04999923706055
2015-03-04,41.099998474121094
2015-03-05,40.5
2015-03-06,39.95000076293945
2015-03-09,40.29999923706055
2015-03-10,39.209999084472656
2015-03-11,38.88999938964844
2015-03-12,40.189998626708984
2015-03-13,39.709999084472656
2015-03-16,40.43000030517578
2015-03-17,39.790000915527344
2015-03-18,40.54999923706055
2015-03-19,39.900001525878906
2015-03-20,40.970001220703125
2015-03-23,41.459999084472656
2015-03-24,41.310001373291016
2015-03-25,40.709999084472656
2015-03-26,40.70000076293945
2015-03-27,40.93000030517578
2015-03-30,40.279998779296875
2015-03-31,40.060001373291016
2015-04-01,40.119998931884766
2015-04-02,40.25
2015-04-06,40.650001525878906
2015-04-07,40.38999938964844
2015-04-08,40.83000183105469
2015-04-09,40.779998779296875
2015-04-10,40.630001068115234
2015-04-13,40.150001525878906
2015-04-14,40.81999969482422
2015-04-15,41.09000015258789
2015-04-16,41.439998626708984
2015-04-17,41.29999923706055
2015-04-20,41.13999938964844
2015-04-21,40.959999084472656
2015-04-22,40.900001525878906
2015-04-23,40.25
2015-04-24,40.29999923706055
2015-04-27,40.5
2015-04-28,40.9900016784668
2015-04-29,40.619998931884766
2015-04-30,40.54999923706055
2015-05-01,40.380001068115234
2015-05-04,40.33000183105469
2015-05-05,40.380001068115234
2015-05-06,39.869998931884766
2015-05-07,39.459999084472656
2015-05-08,39.709999084472656
2015-05-11,39.040000915527344
2015-05-12,39.08000183105469
2015-05-13,39.650001525878906
2015-05-14,39.88999938964844
2015-05-15,39.7599983215332
2015-05-18,39.45000076293945
2015-05-19,39.09000015258789
2015-05-20,38.88999938964844
2015-05-21,39.16999816894531
2015-05-22,39.04999923706055
2015-05-26,38.61000061035156
2015-05-27,38.43000030517578
2015-05-28,38.029998779296875
2015-05-29,38.119998931884766
2015-06-01,37.90999984741211
2015-06-02,38.689998626708984
2015-06-03,38.58000183105469
2015-06-04,38.45000076293945
2015-06-05,38.060001373291016
2015-06-08,38.79999923706055
2015-06-09,38.61000061035156
2015-06-10,38.779998779296875
2015-06-11,37.88999938964844
2015-06-12,37.66999816894531
2015-06-15,37.63999938964844
2015-06-16,37.61000061035156
2015-06-17,37.150001525878906
2015-06-18,36.849998474121094
2015-06-19,36.560001373291016
2015-06-22,36.54999923706055
2015-06-23,36.29999923706055
2015-06-24,36.45000076293945
2015-06-25,35.310001373291016
2015-06-26,35.06999969482422
2015-06-29,34.83000183105469
2015-06-30,34.68000030517578
2015-07-01,34.81999969482422
2015-07-02,34.91999816894531
2015-07-06,34.52000045776367
2015-07-07,34.349998474121094
2015-07-08,34.47999954223633
2015-07-09,34.41999816894531
2015-07-10,34.47999954223633
2015-07-13,34.18000030517578
2015-07-14,34.560001373291016
2015-07-15,34.209999084472656
2015-07-16,33.90999984741211
2015-07-17,34.06999969482422
2015-07-20,34.349998474121094
2015-07-21,34.869998931884766
2015-07-22,34.83000183105469
2015-07-23,34.869998931884766
2015-07-24,34.459999084472656
2015-07-27,34.470001220703125
2015-07-28,35.0
2015-07-29,35.040000915527344
2015-07-30,34.70000076293945
2015-07-31,34.86000061035156
2015-08-03,35.08000183105469
2015-08-04,34.560001373291016
2015-08-05,34.689998626708984
2015-08-06,34.529998779296875
2015-08-07,34.70000076293945
2015-08-10,34.7400016784668
2015-08-11,33.869998931884766
2015-08-12,34.31999969482422
2015-08-13,33.59000015258789
2015-08-14,33.380001068115234
2015-08-17,33.75
2015-08-18,33.5099983215332
2015-08-19,33.869998931884766
2015-08-20,33.77000045776367
2015-08-21,34.040000915527344
2015-08-24,32.36000061035156
2015-08-25,32.38999938964844
2015-08-26,32.279998779296875
2015-08-27,32.9900016784668
2015-08-28,32.83000183105469
2015-08-31,32.220001220703125
2015-09-01,31.770000457763672
2015-09-02,31.729999542236328
2015-09-03,31.850000381469727
2015-09-04,31.149999618530273
2015-09-08,31.959999084472656
2015-09-09,32.130001068115234
2015-09-10,31.93000030517578
2015-09-11,31.889999389648438
2015-09-14,31.940000534057617
2015-09-15,32.279998779296875
2015-09-16,32.400001525878906
2015-09-17,32.349998474121094
2015-09-18,32.599998474121094
2015-09-21,32.20000076293945
2015-09-22,32.06999969482422
2015-09-23,31.739999771118164
2015-09-24,32.29999923706055
2015-09-25,32.400001525878906
2015-09-28,31.989999771118164
2015-09-29,31.790000915527344
2015-09-30,31.979999542236328
2015-10-01,31.899999618530273
2015-10-02,32.27000045776367
2015-10-05,32.869998931884766
2015-10-06,33.13999938964844
2015-10-07,33.38999938964844
2015-10-08,33.7599983215332
2015-10-09,33.779998779296875
2015-10-12,34.220001220703125
2015-10-13,33.97999954223633
2015-10-14,34.869998931884766
2015-10-15,35.540000915527344
2015-10-16,35.4900016784668
2015-10-19,35.5
2015-10-20,35.650001525878906
2015-10-21,35.52000045776367
2015-10-22,36.20000076293945
2015-10-23,36.29999923706055
2015-10-26,36.43000030517578
2015-10-27,36.59000015258789
2015-10-28,35.939998626708984
2015-10-29,36.08000183105469
2015-10-30,36.34000015258789
2015-11-02,36.369998931884766
2015-11-03,36.209999084472656
2015-11-04,35.970001220703125
2015-11-05,36.09000015258789
2015-11-06,35.540000915527344
2015-11-09,35.310001373291016
2015-11-10,35.150001525878906
2015-11-11,35.2599983215332
2015-11-12,35.11000061035156
2015-11-13,34.93000030517578
2015-11-16,34.779998779296875
2015-11-17,34.619998931884766
2015-11-18,34.650001525878906
2015-11-19,35.09000015258789
2015-11-20,35.34000015258789
2015-11-23,35.33000183105469
2015-11-24,35.709999084472656
2015-11-25,35.599998474121094
2015-11-27,35.5
2015-11-30,35.77000045776367
2015-12-01,36.70000076293945
2015-12-02,36.22999954223633
2015-12-03,36.38999938964844
2015-12-04,36.88999938964844
2015-12-07,35.939998626708984
2015-12-08,35.65999984741211
2015-12-09,36.439998626708984
2015-12-10,36.459999084472656
2015-12-11,36.130001068115234
2015-12-14,36.470001220703125
2015-12-15,36.880001068115234
2015-12-16,37.029998779296875
2015-12-17,36.45000076293945
2015-12-18,36.68000030517578
2015-12-21,36.27000045776367
2015-12-22,36.52000045776367
2015-12-23,36.939998626708984
2015-12-24,37.209999084472656
2015-12-28,36.9900016784668
2015-12-29,37.619998931884766
2015-12-30,37.599998474121094
2015-12-31,37.47999954223633
2016-01-04,37.20000076293945
2016-01-05,36.720001220703125
2016-01-06,36.209999084472656
2016-01-07,35.79999923706055
2016-01-08,34.88999938964844
2016-01-11,34.91999816894531
2016-01-12,35.09000015258789
2016-01-13,34.77000045776367
2016-01-14,34.63999938964844
2016-01-15,34.459999084472656
2016-01-19,34.650001525878906
2016-01-20,34.34000015258789
2016-01-21,34.63999938964844
2016-01-22,34.970001220703125
2016-01-25,34.77000045776367
2016-01-26,35.029998779296875
2016-01-27,34.40999984741211
2016-01-28,34.83000183105469
2016-01-29,35.06999969482422
2016-02-01,35.38999938964844
2016-02-02,34.880001068115234
2016-02-03,35.880001068115234
2016-02-04,36.040000915527344
2016-02-05,35.34000015258789
2016-02-08,35.189998626708984
2016-02-09,35.290000915527344
2016-02-10,35.130001068115234
2016-02-11,35.040000915527344
2016-02-12,34.540000915527344
2016-02-16,34.95000076293945
2016-02-17,35.56999969482422
2016-02-18,35.459999084472656
2016-02-19,35.81999969482422
2016-02-22,36.29999923706055
2016-02-23,36.25
2016-02-24,36.709999084472656
2016-02-25,37.0099983215332
2016-02-26,36.470001220703125
2016-02-29,36.130001068115234
2016-03-01,36.869998931884766
2016-03-02,37.06999969482422
2016-03-03,37.63999938964844
2016-03-04,38.45000076293945
2016-03-07,38.33000183105469
2016-03-08,38.22999954223633
2016-03-09,38.040000915527344
2016-03-10,38.0099983215332
2016-03-11,38.720001220703125
2016-03-14,38.25
2016-03-15,38.220001220703125
2016-03-16,38.84000015258789
2016-03-17,39.400001525878906
2016-03-18,39.459999084472656
2016-03-21,39.560001373291016
2016-03-22,39.470001220703125
2016-03-23,39.2400016784668
2016-03-24,39.349998474121094
2016-03-28,39.59000015258789
2016-03-29,40.5099983215332
2016-03-30,41.11000061035156
2016-03-31,41.130001068115234
2016-04-01,40.939998626708984
2016-04-04,40.43000030517578
2016-04-05,40.06999969482422
2016-04-06,40.7400016784668
2016-04-07,40.290000915527344
2016-04-08,40.41999816894531
2016-04-11,40.65999984741211
2016-04-12,41.220001220703125
2016-04-13,41.47999954223633
2016-04-14,41.36000061035156
2016-04-15,41.68000030517578
2016-04-18,42.189998626708984
2016-04-19,42.90999984741211
2016-04-20,42.66999816894531
2016-04-21,42.0099983215332
2016-04-22,41.47999954223633
2016-04-25,41.25
2016-04-26,41.279998779296875
2016-04-27,40.849998474121094
2016-04-28,41.439998626708984
2016-04-29,41.81999969482422
2016-05-02,42.18000030517578
2016-05-03,41.540000915527344
2016-05-04,41.36000061035156
2016-05-05,41.70000076293945
2016-05-06,41.790000915527344
2016-05-09,40.9900016784668
2016-05-10,41.349998474121094
2016-05-11,41.709999084472656
2016-05-12,41.599998474121094
2016-05-13,41.220001220703125
2016-05-16,41.560001373291016
2016-05-17,41.7599983215332
2016-05-18,41.349998474121094
2016-05-19,41.02000045776367
2016-05-20,41.290000915527344
2016-05-23,41.060001373291016
2016-05-24,41.0
2016-05-25,41.369998931884766
2016-05-26,41.380001068115234
2016-05-27,41.33000183105469
2016-05-31,41.970001220703125
2016-06-01,42.15999984741211
2016-06-02,42.20000076293945
2016-06-03,43.150001525878906
2016-06-06,43.099998474121094
2016-06-07,43.29999923706055
2016-06-08,43.45000076293945
2016-06-09,43.88999938964844
2016-06-10,43.220001220703125
2016-06-13,43.0
2016-06-14,42.209999084472656
2016-06-15,42.77000045776367
2016-06-16,43.060001373291016
2016-06-17,42.90999984741211
2016-06-20,43.18000030517578
2016-06-21,43.15999984741211
2016-06-22,42.52000045776367
2016-06-23,43.41999816894531
2016-06-24,41.720001220703125
2016-06-27,40.880001068115234
2016-06-28,41.70000076293945
2016-06-29,42.599998474121094
2016-06-30,43.029998779296875
2016-07-01,43.400001525878906
2016-07-05,43.540000915527344
2016-07-06,43.630001068115234
2016-07-07,44.209999084472656
2016-07-08,44.97999954223633
2016-07-11,44.70000076293945
2016-07-12,45.41999816894531
2016-07-13,45.02000045776367
2016-07-14,44.61000061035156
2016-07-15,44.25
2016-07-18,44.290000915527344
2016-07-19,44.099998474121094
2016-07-20,44.2599983215332
2016-07-21,44.09000015258789
2016-07-22,44.45000076293945
2016-07-25,44.720001220703125
2016-07-26,45.2400016784668
2016-07-27,45.349998474121094
2016-07-28,45.380001068115234
2016-07-29,46.52000045776367
2016-08-01,46.25
2016-08-02,46.29999923706055
2016-08-03,45.7400016784668
2016-08-04,46.060001373291016
2016-08-05,46.15999984741211
2016-08-08,45.9900016784668
2016-08-09,46.27000045776367
2016-08-10,46.310001373291016
2016-08-11,46.540000915527344
2016-08-12,46.4900016784668
2016-08-15,46.709999084472656
2016-08-16,46.38999938964844
2016-08-17,46.75
2016-08-18,47.189998626708984
2016-08-19,47.029998779296875
2016-08-22,47.54999923706055
2016-08-23,47.790000915527344
2016-08-24,47.290000915527344
2016-08-25,47.369998931884766
2016-08-26,46.72999954223633
2016-08-29,46.959999084472656
2016-08-30,46.560001373291016
2016-08-31,46.81999969482422
2016-09-01,47.09000015258789
2016-09-02,47.56999969482422
2016-09-06,48.779998779296875
2016-09-07,49.25
2016-09-08,48.779998779296875
2016-09-09,47.63999938964844
2016-09-12,47.119998931884766
2016-09-13,45.61000061035156
2016-09-14,45.7599983215332
2016-09-15,46.040000915527344
2016-09-16,45.93000030517578
2016-09-19,46.33000183105469
2016-09-20,46.7400016784668
2016-09-21,46.95000076293945
2016-09-22,46.66999816894531
2016-09-23,45.849998474121094
2016-09-26,45.849998474121094
2016-09-27,46.040000915527344
2016-09-28,46.290000915527344
2016-09-29,46.2400016784668
2016-09-30,46.849998474121094
2016-10-03,46.65999984741211
2016-10-04,46.0099983215332
2016-10-05,45.459999084472656
2016-10-06,44.91999816894531
2016-10-07,44.5099983215332
2016-10-10,44.16999816894531
2016-10-11,43.470001220703125
2016-10-12,43.540000915527344
2016-10-13,43.72999954223633
2016-10-14,43.75
2016-10-17,43.540000915527344
2016-10-18,43.31999969482422
2016-10-19,43.79999923706055
2016-10-20,43.34000015258789
2016-10-21,43.09000015258789
2016-10-24,42.880001068115234
2016-10-25,43.33000183105469
2016-10-26,42.630001068115234
2016-10-27,42.77000045776367
2016-10-28,42.970001220703125
2016-10-31,42.88999938964844
2016-11-01,42.720001220703125
2016-11-02,43.119998931884766
2016-11-03,42.91999816894531
2016-11-04,42.41999816894531
2016-11-07,43.84000015258789
2016-11-08,44.220001220703125
2016-11-09,42.779998779296875
2016-11-10,41.79999923706055
2016-11-11,41.040000915527344
2016-11-14,41.40999984741211
2016-11-15,41.720001220703125
2016-11-16,41.599998474121094
2016-11-17,41.40999984741211
2016-11-18,41.66999816894531
2016-11-21,41.939998626708984
2016-11-22,41.61000061035156
2016-11-23,41.599998474121094
2016-11-25,42.220001220703125
2016-11-28,42.349998474121094
2016-11-29,42.54999923706055
2016-11-30,42.2400016784668
2016-12-01,42.33000183105469
2016-12-02,42.630001068115234
2016-12-05,42.38999938964844
2016-12-06,42.529998779296875
2016-12-07,42.880001068115234
2016-12-08,42.91999816894531
2016-12-09,42.599998474121094
2016-12-12,42.66999816894531
2016-12-13,42.70000076293945
2016-12-14,41.810001373291016
2016-12-15,41.08000183105469
2016-12-16,40.61000061035156
2016-12-19,40.66999816894531
2016-12-20,40.65999984741211
2016-12-21,39.34000015258789
2016-12-22,39.5099983215332
2016-12-23,39.47999954223633
2016-12-27,39.560001373291016
2016-12-28,39.619998931884766
2016-12-29,40.06999969482422
2016-12-30,39.72999954223633
2017-01-03,39.869998931884766
2017-01-04,40.5099983215332
2017-01-05,40.959999084472656
2017-01-06,40.689998626708984
2017-01-09,41.119998931884766
2017-01-10,41.189998626708984
2017-01-11,41.630001068115234
2017-01-12,41.93000030517578
2017-01-13,41.970001220703125
2017-01-17,42.4900016784668
2017-01-18,42.06999969482422
2017-01-19,42.36000061035156
2017-01-20,42.27000045776367
2017-01-23,42.959999084472656
2017-01-24,43.02000045776367
2017-01-25,43.45000076293945
2017-01-26,43.29999923706055
2017-01-27,43.439998626708984
2017-01-30,43.27000045776367
2017-01-31,43.470001220703125
2017-02-01,43.029998779296875
2017-02-02,43.18000030517578
2017-02-03,43.650001525878906
2017-02-06,43.619998931884766
2017-02-07,43.38999938964844
2017-02-08,43.18000030517578
2017-02-09,43.20000076293945
2017-02-10,42.91999816894531
2017-02-13,43.130001068115234
2017-02-14,43.2599983215332
2017-02-15,43.66999816894531
2017-02-16,43.0099983215332
2017-02-17,42.61000061035156
2017-02-21,42.7400016784668
2017-02-22,42.36000061035156
2017-02-23,42.83000183105469
2017-02-24,42.41999816894531
2017-02-27,42.630001068115234
2017-02-28,43.13999938964844
2017-03-01,42.90999984741211
2017-03-02,42.290000915527344
2017-03-03,42.099998474121094
2017-03-06,41.939998626708984
2017-03-07,41.529998779296875
2017-03-08,41.290000915527344
2017-03-09,41.02000045776367
2017-03-10,41.43000030517578
2017-03-13,41.63999938964844
2017-03-14,41.220001220703125
2017-03-15,41.77000045776367
2017-03-16,41.630001068115234
2017-03-17,41.869998931884766
2017-03-20,41.369998931884766
2017-03-21,41.38999938964844
2017-03-22,41.56999969482422
2017-03-23,41.2599983215332
2017-03-24,41.439998626708984
2017-03-27,41.630001068115234
2017-03-28,41.43000030517578
2017-03-29,41.81999969482422
2017-03-30,42.040000915527344
2017-03-31,42.220001220703125
2017-04-03,42.400001525878906
2017-04-04,42.380001068115234
2017-04-05,42.4900016784668
2017-04-06,42.810001373291016
2017-04-07,42.150001525878906
2017-04-10,42.2400016784668
2017-04-11,42.16999816894531
2017-04-12,42.209999084472656
2017-04-13,42.310001373291016
2017-04-17,42.5099983215332
2017-04-18,42.619998931884766
2017-04-19,42.209999084472656
2017-04-20,42.29999923706055
2017-04-21,42.439998626708984
2017-04-24,42.4900016784668
2017-04-25,42.22999954223633
2017-04-26,42.27000045776367
2017-04-27,42.47999954223633
2017-04-28,42.58000183105469
2017-05-01,42.790000915527344
2017-05-02,43.13999938964844
2017-05-03,42.779998779296875
2017-05-04,42.439998626708984
2017-05-05,43.06999969482422
2017-05-08,43.220001220703125
2017-05-09,42.93000030517578
2017-05-10,43.4900016784668
2017-05-11,43.380001068115234
2017-05-12,43.099998474121094
2017-05-15,43.189998626708984
2017-05-16,43.02000045776367
2017-05-17,42.97999954223633
2017-05-18,42.810001373291016
2017-05-19,43.220001220703125
2017-05-22,43.54999923706055
2017-05-23,43.65999984741211
2017-05-24,43.90999984741211
2017-05-25,43.959999084472656
2017-05-26,44.29999923706055
2017-05-30,44.33000183105469
2017-05-31,44.150001525878906
2017-06-01,44.599998474121094
2017-06-02,45.18000030517578
2017-06-05,45.18000030517578
2017-06-06,45.470001220703125
2017-06-07,45.33000183105469
2017-06-08,45.439998626708984
2017-06-09,45.15999984741211
2017-06-12,45.150001525878906
2017-06-13,45.52000045776367
2017-06-14,45.869998931884766
2017-06-15,45.810001373291016
2017-06-16,46.369998931884766
2017-06-19,46.630001068115234
2017-06-20,45.56999969482422
2017-06-21,45.15999984741211
2017-06-22,45.630001068115234
2017-06-23,45.61000061035156
2017-06-26,45.959999084472656
2017-06-27,45.900001525878906
2017-06-28,46.41999816894531
2017-06-29,46.08000183105469
2017-06-30,46.2599983215332
2017-07-03,45.93000030517578
2017-07-05,45.83000183105469
2017-07-06,45.689998626708984
2017-07-07,46.189998626708984
2017-07-10,45.689998626708984
2017-07-11,45.52000045776367
2017-07-12,45.779998779296875
2017-07-13,46.209999084472656
2017-07-14,46.72999954223633
2017-07-17,46.630001068115234
2017-07-18,46.86000061035156
2017-07-19,47.15999984741211
2017-07-20,46.810001373291016
2017-07-21,47.209999084472656
2017-07-24,47.13999938964844
2017-07-25,47.2400016784668
2017-07-26,47.790000915527344
2017-07-27,47.459999084472656
2017-07-28,47.349998474121094
2017-07-31,47.63999938964844
2017-08-01,47.540000915527344
2017-08-02,47.58000183105469
2017-08-03,47.65999984741211
2017-08-04,47.4900016784668
2017-08-07,47.20000076293945
2017-08-08,46.970001220703125
2017-08-09,47.06999969482422
2017-08-10,46.5099983215332
2017-08-11,46.65999984741211
2017-08-14,46.849998474121094
2017-08-15,46.56999969482422
2017-08-16,47.22999954223633
2017-08-17,46.88999938964844
2017-08-18,47.5
2017-08-21,47.540000915527344
2017-08-22,47.36000061035156
2017-08-23,47.0099983215332
2017-08-24,46.880001068115234
2017-08-25,46.970001220703125
2017-08-28,46.93000030517578
2017-08-29,46.40999984741211
2017-08-30,46.22999954223633
2017-08-31,46.59000015258789
2017-09-01,46.27000045776367
2017-09-05,46.349998474121094
2017-09-06,46.22999954223633
2017-09-07,46.47999954223633
2017-09-08,47.04999923706055
2017-09-11,47.189998626708984
2017-09-12,47.290000915527344
2017-09-13,46.810001373291016
2017-09-14,46.560001373291016
2017-09-15,46.70000076293945
2017-09-18,46.33000183105469
2017-09-19,46.9900016784668
2017-09-20,47.43000030517578
2017-09-21,47.08000183105469
2017-09-22,47.349998474121094
2017-09-25,46.97999954223633
2017-09-26,46.869998931884766
2017-09-27,47.119998931884766
2017-09-28,47.18000030517578
2017-09-29,47.119998931884766
2017-10-02,46.90999984741211
2017-10-03,46.7400016784668
2017-10-04,46.75
2017-10-05,46.65999984741211
2017-10-06,46.29999923706055
2017-10-09,46.34000015258789
2017-10-10,46.720001220703125
2017-10-11,46.77000045776367
2017-10-12,47.18000030517578
2017-10-13,47.68000030517578
2017-10-16,47.630001068115234
2017-10-17,47.619998931884766
2017-10-18,47.65999984741211
2017-10-19,46.560001373291016
2017-10-20,46.27000045776367
2017-10-23,46.349998474121094
2017-10-24,45.95000076293945
2017-10-25,45.540000915527344
2017-10-26,45.290000915527344
2017-10-27,45.66999816894531
2017-10-30,45.790000915527344
2017-10-31,45.56999969482422
2017-11-01,45.27000045776367
2017-11-02,45.77000045776367
2017-11-03,45.52000045776367
2017-11-06,45.70000076293945
2017-11-07,45.4900016784668
2017-11-08,45.7400016784668
2017-11-09,45.25
2017-11-10,45.040000915527344
2017-11-13,44.970001220703125
2017-11-14,44.93000030517578
2017-11-15,44.86000061035156
2017-11-16,45.0099983215332
2017-11-17,44.90999984741211
2017-11-20,45.189998626708984
2017-11-21,45.0
2017-11-22,45.45000076293945
2017-11-24,45.630001068115234
2017-11-27,45.939998626708984
2017-11-28,46.029998779296875
2017-11-29,45.560001373291016
2017-11-30,45.52000045776367
2017-12-01,46.04999923706055
2017-12-04,45.4900016784668
2017-12-05,45.58000183105469
2017-12-06,45.369998931884766
2017-12-07,45.47999954223633
2017-12-08,46.029998779296875
2017-12-11,46.61000061035156
2017-12-12,46.84000015258789
2017-12-13,47.5
2017-12-14,47.43000030517578
2017-12-15,47.720001220703125
2017-12-18,47.970001220703125
2017-12-19,47.0
2017-12-20,46.959999084472656
2017-12-21,47.0099983215332
2017-12-22,47.2599983215332
2017-12-26,47.369998931884766
2017-12-27,47.34000015258789
2017-12-28,47.54999923706055
2017-12-29,47.470001220703125
2018-01-02,47.900001525878906
2018-01-03,47.88999938964844
2018-01-04,48.349998474121094
2018-01-05,48.47999954223633
2018-01-08,48.27000045776367
2018-01-09,48.279998779296875
2018-01-10,47.869998931884766
2018-01-11,47.77000045776367
2018-01-12,47.68000030517578
2018-01-16,47.93000030517578
2018-01-17,48.68000030517578
2018-01-18,48.27000045776367
2018-01-19,48.310001373291016
2018-01-22,48.70000076293945
2018-01-23,48.880001068115234
2018-01-24,49.33000183105469
2018-01-25,49.08000183105469
2018-01-26,49.0
2018-01-29,48.70000076293945
2018-01-30,48.5
2018-01-31,49.619998931884766
2018-02-01,49.630001068115234
2018-02-02,49.0099983215332
2018-02-05,47.650001525878906
2018-02-06,47.95000076293945
2018-02-07,47.02000045776367
2018-02-08,46.5
2018-02-09,46.70000076293945
2018-02-12,46.7599983215332
2018-02-13,47.040000915527344
2018-02-14,47.720001220703125
2018-02-15,48.0
2018-02-16,48.0099983215332
2018-02-20,47.59000015258789
2018-02-21,48.40999984741211
2018-02-22,49.04999923706055
2018-02-23,48.84000015258789
2018-02-26,49.31999969482422
2018-02-27,48.56999969482422
2018-02-28,48.220001220703125
2018-03-01,48.38999938964844
2018-03-02,48.68000030517578
2018-03-05,48.529998779296875
2018-03-06,49.09000015258789
2018-03-07,48.939998626708984
2018-03-08,49.04999923706055
2018-03-09,49.58000183105469
2018-03-12,49.790000915527344
2018-03-13,49.81999969482422
2018-03-14,49.83000183105469
2018-03-15,49.63999938964844
2018-03-16,49.31999969482422
2018-03-19,49.31999969482422
2018-03-20,49.150001525878906
2018-03-21,50.11000061035156
2018-03-22,49.529998779296875
2018-03-23,49.47999954223633
2018-03-26,50.04999923706055
2018-03-27,49.25
2018-03-28,48.47999954223633
2018-03-29,48.79999923706055
2018-04-02,48.369998931884766
2018-04-03,49.060001373291016
2018-04-04,49.529998779296875
2018-04-05,49.04999923706055
2018-04-06,48.93000030517578
2018-04-09,50.220001220703125
2018-04-10,50.529998779296875
2018-04-11,50.220001220703125
2018-04-12,50.08000183105469
2018-04-13,50.11000061035156
2018-04-16,50.04999923706055
2018-04-17,49.34000015258789
2018-04-18,49.279998779296875
2018-04-19,48.720001220703125
2018-04-20,47.91999816894531
2018-04-23,47.59000015258789
2018-04-24,47.220001220703125
2018-04-25,46.93000030517578
2018-04-26,47.47999954223633
2018-04-27,47.95000076293945
2018-04-30,47.540000915527344
2018-05-01,47.43000030517578
2018-05-02,47.61000061035156
2018-05-03,48.400001525878906
2018-05-04,48.61000061035156
2018-05-07,48.45000076293945
2018-05-08,48.15999984741211
2018-05-09,48.65999984741211
2018-05-10,48.439998626708984
2018-05-11,48.72999954223633
2018-05-14,48.31999969482422
2018-05-15,47.95000076293945
2018-05-16,47.63999938964844
2018-05-17,47.5
2018-05-18,47.849998474121094
2018-05-21,48.0099983215332
2018-05-22,47.720001220703125
2018-05-23,47.810001373291016
2018-05-24,47.97999954223633
2018-05-25,47.95000076293945
2018-05-29,47.540000915527344
2018-05-30,48.9900016784668
2018-05-31,48.79999923706055
2018-06-01,48.72999954223633
2018-06-04,48.970001220703125
2018-06-05,49.56999969482422
2018-06-06,49.970001220703125
2018-06-07,50.25
2018-06-08,50.709999084472656
2018-06-11,50.709999084472656
2018-06-12,50.650001525878906
2018-06-13,50.79999923706055
2018-06-14,50.689998626708984
2018-06-15,50.5099983215332
2018-06-18,50.369998931884766
2018-06-19,48.810001373291016
2018-06-20,48.959999084472656
2018-06-21,49.47999954223633
2018-06-22,49.72999954223633
2018-06-25,49.2400016784668
2018-06-26,49.25
2018-06-27,48.70000076293945
2018-06-28,48.4900016784668
2018-06-29,48.349998474121094
2018-07-02,47.790000915527344
2018-07-03,48.61000061035156
2018-07-05,49.209999084472656
2018-07-06,49.40999984741211
2018-07-09,49.34000015258789
2018-07-10,48.93000030517578
2018-07-11,48.34000015258789
2018-07-12,48.4900016784668
2018-07-13,48.25
2018-07-16,48.0
2018-07-17,48.20000076293945
2018-07-18,48.130001068115234
2018-07-19,47.4900016784668
2018-07-20,48.27000045776367
2018-07-23,47.599998474121094
2018-07-24,47.83000183105469
2018-07-25,48.599998474121094
2018-07-26,48.02000045776367
2018-07-27,48.29999923706055
2018-07-30,48.43000030517578
2018-07-31,48.27000045776367
2018-08-01,47.72999954223633
2018-08-02,47.61000061035156
2018-08-03,47.45000076293945
2018-08-06,47.599998474121094
2018-08-07,47.4900016784668
2018-08-08,47.41999816894531
2018-08-09,46.869998931884766
2018-08-10,46.90999984741211
2018-08-13,46.779998779296875
2018-08-14,46.900001525878906
2018-08-15,46.630001068115234
2018-08-16,47.18000030517578
2018-08-17,47.68000030517578
2018-08-20,48.08000183105469
2018-08-21,48.56999969482422
2018-08-22,48.93000030517578
2018-08-23,48.349998474121094
2018-08-24,48.88999938964844
2018-08-27,49.0099983215332
2018-08-28,49.209999084472656
2018-08-29,50.0
2018-08-30,49.2599983215332
2018-08-31,49.04999923706055
2018-09-04,48.52000045776367
2018-09-05,48.22999954223633
2018-09-06,47.58000183105469
2018-09-07,47.040000915527344
2018-09-10,47.220001220703125
2018-09-11,47.709999084472656
2018-09-12,47.56999969482422
2018-09-13,48.16999816894531
2018-09-14,48.06999969482422
2018-09-17,48.189998626708984
2018-09-18,48.66999816894531
2018-09-19,48.90999984741211
2018-09-20,49.54999923706055
2018-09-21,49.369998931884766
2018-09-24,49.11000061035156
2018-09-25,49.04999923706055
2018-09-26,49.09000015258789
2018-09-27,48.52000045776367
2018-09-28,48.599998474121094
2018-10-01,48.70000076293945
2018-10-02,48.529998779296875
2018-10-03,47.95000076293945
2018-10-04,47.040000915527344
2018-10-05,46.5099983215332
2018-10-08,46.470001220703125
2018-10-09,46.40999984741211
2018-10-10,45.619998931884766
2018-10-11,44.709999084472656
2018-10-12,45.41999816894531
2018-10-15,45.65999984741211
2018-10-16,46.18000030517578
2018-10-17,46.04999923706055
2018-10-18,45.88999938964844
2018-10-19,45.7599983215332
2018-10-22,45.369998931884766
2018-10-23,44.9900016784668
2018-10-24,43.93000030517578
2018-10-25,44.400001525878906
2018-10-26,43.95000076293945
2018-10-29,44.189998626708984
2018-10-30,44.939998626708984
2018-10-31,45.31999969482422
2018-11-01,46.72999954223633
2018-11-02,46.08000183105469
2018-11-05,46.4900016784668
2018-11-06,46.54999923706055
2018-11-07,47.7400016784668
2018-11-08,47.36000061035156
2018-11-09,47.5
2018-11-12,47.130001068115234
2018-11-13,47.5
2018-11-14,47.2400016784668
2018-11-15,47.93000030517578
2018-11-16,48.06999969482422
2018-11-19,47.13999938964844
2018-11-20,46.150001525878906
2018-11-21,46.91999816894531
2018-11-23,46.68000030517578
2018-11-26,46.88999938964844
2018-11-27,46.709999084472656
2018-11-28,47.97999954223633
2018-11-29,47.86000061035156
2018-11-30,48.290000915527344
2018-12-03,48.849998474121094
2018-12-04,48.08000183105469
2018-12-06,47.70000076293945
2018-12-07,47.43000030517578
2018-12-10,47.75
2018-12-11,47.599998474121094
2018-12-12,47.529998779296875
2018-12-13,47.720001220703125
2018-12-14,46.709999084472656
2018-12-17,46.52000045776367
2018-12-18,46.33000183105469
2018-12-19,46.06999969482422
2018-12-20,46.18000030517578
2018-12-21,44.939998626708984
2018-12-24,45.22999954223633
2018-12-26,45.95000076293945
2018-12-27,46.5
2018-12-28,46.029998779296875
2018-12-31,46.02000045776367
2019-01-02,45.77000045776367
2019-01-03,45.529998779296875
2019-01-04,46.45000076293945
2019-01-07,46.66999816894531
2019-01-08,46.290000915527344
2019-01-09,47.279998779296875
2019-01-10,47.400001525878906
2019-01-11,47.72999954223633
2019-01-14,47.939998626708984
2019-01-15,47.70000076293945
2019-01-16,47.810001373291016
2019-01-17,48.25
2019-01-18,48.189998626708984
2019-01-22,47.7599983215332
2019-01-23,48.459999084472656
2019-01-24,48.22999954223633
2019-01-25,49.029998779296875
2019-01-28,48.599998474121094
2019-01-29,48.04999923706055
2019-01-30,48.209999084472656
2019-01-31,48.599998474121094
2019-02-01,48.369998931884766
2019-02-04,48.400001525878906
2019-02-05,48.959999084472656
2019-02-06,48.470001220703125
2019-02-07,48.04999923706055
2019-02-08,48.459999084472656
2019-02-11,48.68000030517578
2019-02-12,49.0099983215332
2019-02-13,49.54999923706055
2019-02-14,49.36000061035156
2019-02-15,49.77000045776367
2019-02-19,49.56999969482422
2019-02-20,49.650001525878906
2019-02-21,49.45000076293945
2019-02-22,49.75
2019-02-25,50.15999984741211
2019-02-26,50.22999954223633
2019-02-27,49.58000183105469
2019-02-28,49.439998626708984
2019-03-01,49.900001525878906
2019-03-04,49.9900016784668
2019-03-05,49.97999954223633
2019-03-06,49.720001220703125
2019-03-07,49.47999954223633
2019-03-08,50.08000183105469
2019-03-11,50.16999816894531
2019-03-12,50.16999816894531
2019-03-13,50.29999923706055
2019-03-14,50.189998626708984
2019-03-15,50.529998779296875
2019-03-18,50.849998474121094
2019-03-19,50.7400016784668
2019-03-20,50.41999816894531
2019-03-21,50.63999938964844
2019-03-22,50.58000183105469
2019-03-25,51.11000061035156
2019-03-26,51.5099983215332
2019-03-27,51.119998931884766
2019-03-28,51.61000061035156
2019-03-29,52.290000915527344
2019-04-01,52.310001373291016
2019-04-02,52.18000030517578
2019-04-03,52.31999969482422
2019-04-04,51.95000076293945
2019-04-05,51.31999969482422
2019-04-08,51.5099983215332
2019-04-09,51.0099983215332
2019-04-10,50.90999984741211
2019-04-11,51.33000183105469
2019-04-12,51.56999969482422
2019-04-15,51.90999984741211
2019-04-16,52.279998779296875
2019-04-17,52.2400016784668
2019-04-18,51.810001373291016
2019-04-22,51.75
2019-04-23,51.9900016784668
2019-04-24,51.63999938964844
2019-04-25,51.88999938964844
2019-04-26,51.9900016784668
2019-04-29,52.20000076293945
2019-04-30,52.33000183105469
2019-05-01,51.34000015258789
2019-05-02,51.61000061035156
2019-05-03,52.0
2019-05-06,51.380001068115234
2019-05-07,51.369998931884766
2019-05-08,51.45000076293945
2019-05-09,51.88999938964844
2019-05-10,51.95000076293945
2019-05-13,51.41999816894531
2019-05-14,51.52000045776367
2019-05-15,51.88999938964844
2019-05-16,52.06999969482422
2019-05-17,51.560001373291016
2019-05-20,51.81999969482422
2019-05-21,51.7400016784668
2019-05-22,51.470001220703125
2019-05-23,51.93000030517578
2019-05-24,52.099998474121094
2019-05-28,51.0
2019-05-29,50.599998474121094
2019-05-30,50.59000015258789
2019-05-31,51.099998474121094
2019-06-03,51.33000183105469
2019-06-04,50.900001525878906
2019-06-05,50.83000183105469
2019-06-06,51.2400016784668
2019-06-07,51.709999084472656
2019-06-10,51.189998626708984
2019-06-11,51.459999084472656
2019-06-12,51.599998474121094
2019-06-13,51.630001068115234
2019-06-14,51.16999816894531
2019-06-17,50.2400016784668
2019-06-18,50.58000183105469
2019-06-19,51.09000015258789
2019-06-20,51.66999816894531
2019-06-21,51.619998931884766
2019-06-24,52.220001220703125
2019-06-25,52.59000015258789
2019-06-26,52.560001373291016
2019-06-27,53.0
2019-06-28,53.380001068115234
2019-07-01,53.02000045776367
2019-07-02,53.18000030517578
2019-07-03,53.91999816894531
2019-07-05,53.540000915527344
2019-07-08,53.36000061035156
2019-07-09,53.220001220703125
2019-07-10,54.150001525878906
2019-07-11,54.279998779296875
2019-07-12,54.63999938964844
2019-07-15,54.720001220703125
2019-07-16,54.34000015258789
2019-07-17,54.689998626708984
2019-07-18,55.619998931884766
2019-07-19,55.369998931884766
2019-07-22,55.849998474121094
2019-07-23,55.689998626708984
2019-07-24,55.20000076293945
2019-07-25,55.36000061035156
2019-07-26,54.81999969482422
2019-07-29,55.099998474121094
2019-07-30,55.02000045776367
2019-07-31,54.369998931884766
2019-08-01,54.459999084472656
2019-08-02,54.13999938964844
2019-08-05,53.33000183105469
2019-08-06,52.65999984741211
2019-08-07,53.04999923706055
2019-08-08,54.209999084472656
2019-08-09,53.54999923706055
2019-08-12,53.310001373291016
2019-08-13,53.43000030517578
2019-08-14,52.599998474121094
2019-08-15,52.439998626708984
2019-08-16,52.130001068115234
2019-08-19,52.290000915527344
2019-08-20,52.709999084472656
2019-08-21,52.15999984741211
2019-08-22,51.75
2019-08-23,51.25
2019-08-26,51.0099983215332
2019-08-27,50.65999984741211
2019-08-28,51.209999084472656
2019-08-29,51.27000045776367
2019-08-30,51.56999969482422
2019-09-03,52.61000061035156
2019-09-04,53.529998779296875
2019-09-05,54.04999923706055
2019-09-06,54.90999984741211
2019-09-09,54.7599983215332
2019-09-10,54.75
2019-09-11,53.88999938964844
2019-09-12,53.66999816894531
2019-09-13,52.79999923706055
2019-09-16,52.4900016784668
2019-09-17,52.84000015258789
2019-09-18,51.77000045776367
2019-09-19,51.84000015258789
2019-09-20,51.65999984741211
2019-09-23,52.130001068115234
2019-09-24,52.0
2019-09-25,51.91999816894531
2019-09-26,51.93000030517578
2019-09-27,51.68000030517578
2019-09-30,51.869998931884766
2019-10-01,52.09000015258789
2019-10-02,51.65999984741211
2019-10-03,51.91999816894531
2019-10-04,52.529998779296875
2019-10-07,52.54999923706055
2019-10-08,52.36000061035156
2019-10-09,52.36000061035156
2019-10-10,52.380001068115234
2019-10-11,52.720001220703125
2019-10-14,52.66999816894531
2019-10-15,52.90999984741211
2019-10-16,53.369998931884766
2019-10-17,53.70000076293945
2019-10-18,53.810001373291016
2019-10-21,53.939998626708984
2019-10-22,54.04999923706055
2019-10-23,52.83000183105469
2019-10-24,52.619998931884766
2019-10-25,52.290000915527344
2019-10-28,52.369998931884766
2019-10-29,52.290000915527344
2019-10-30,52.369998931884766
2019-10-31,52.47999954223633
2019-11-01,52.72999954223633
2019-11-04,52.880001068115234
2019-11-05,52.36000061035156
2019-11-06,51.95000076293945
2019-11-07,52.560001373291016
2019-11-08,52.560001373291016
2019-11-11,52.97999954223633
2019-11-12,52.970001220703125
2019-11-13,52.880001068115234
2019-11-14,52.86000061035156
2019-11-15,53.33000183105469
2019-11-18,53.18000030517578
2019-11-19,53.56999969482422
2019-11-20,54.08000183105469
2019-11-21,53.83000183105469
2019-11-22,53.720001220703125
2019-11-25,54.099998474121094
2019-11-26,54.380001068115234
2019-11-27,54.88999938964844
2019-11-29,55.880001068115234
2019-12-02,56.25
2019-12-03,55.83000183105469
2019-12-04,56.38999938964844
2019-12-05,56.529998779296875
2019-12-06,56.95000076293945
2019-12-09,56.16999816894531
2019-12-10,56.5099983215332
2019-12-11,56.83000183105469
2019-12-12,57.099998474121094
2019-12-13,56.56999969482422
2019-12-16,55.2400016784668
2019-12-17,55.18000030517578
2019-12-18,55.79999923706055
2019-12-19,56.599998474121094
2019-12-20,56.61000061035156
2019-12-23,57.29999923706055
2019-12-24,57.68000030517578
2019-12-26,58.06999969482422
2019-12-27,57.959999084472656
2019-12-30,57.86000061035156
2019-12-31,57.75
2020-01-02,57.5
2020-01-03,57.369998931884766
2020-01-06,57.56999969482422
2020-01-07,57.5099983215332
2020-01-08,57.400001525878906
2020-01-09,57.11000061035156
2020-01-10,57.25
2020-01-13,57.150001525878906
2020-01-14,57.369998931884766
2020-01-15,57.65999984741211
2020-01-16,58.349998474121094
2020-01-17,58.45000076293945
2020-01-21,58.279998779296875
2020-01-22,58.77000045776367
2020-01-23,58.88999938964844
2020-01-24,58.650001525878906
2020-01-27,57.86000061035156
2020-01-28,57.40999984741211
2020-01-29,57.29999923706055
2020-01-30,56.849998474121094
2020-01-31,56.15999984741211
2020-02-03,55.88999938964844
2020-02-04,56.13999938964844
2020-02-05,56.540000915527344
2020-02-06,56.54999923706055
2020-02-07,56.43000030517578
2020-02-10,56.06999969482422
2020-02-11,56.75
2020-02-12,57.779998779296875
2020-02-13,57.41999816894531
2020-02-14,57.189998626708984
2020-02-18,57.13999938964844
2020-02-19,57.5
2020-02-20,57.459999084472656
2020-02-21,57.4900016784668
2020-02-24,56.099998474121094
2020-02-25,55.209999084472656
2020-02-26,55.0099983215332
2020-02-27,54.130001068115234
2020-02-28,52.869998931884766
2020-03-02,52.810001373291016
2020-03-03,53.220001220703125
2020-03-04,55.099998474121094
2020-03-05,55.02000045776367
2020-03-06,54.84000015258789
2020-03-09,50.68000030517578
2020-03-10,52.77000045776367
2020-03-11,51.0099983215332
2020-03-12,45.380001068115234
2020-03-13,49.15999984741211
2020-03-16,41.720001220703125
2020-03-17,43.40999984741211
2020-03-18,40.79999923706055
2020-03-19,41.290000915527344
2020-03-20,39.29999923706055
2020-03-23,37.189998626708984
2020-03-24,43.040000915527344
2020-03-25,42.47999954223633
2020-03-26,46.34000015258789
2020-03-27,43.279998779296875
2020-03-30,45.2599983215332
2020-03-31,44.56999969482422
2020-04-01,44.459999084472656
2020-04-02,45.130001068115234
2020-04-03,44.380001068115234
2020-04-06,44.810001373291016
2020-04-07,45.0099983215332
2020-04-08,46.220001220703125
2020-04-09,46.4900016784668
2020-04-13,46.59000015258789
2020-04-14,47.650001525878906
2020-04-15,46.68000030517578
2020-04-16,48.029998779296875
2020-04-17,49.189998626708984
2020-04-20,48.779998779296875
2020-04-21,47.04999923706055
2020-04-22,47.90999984741211
2020-04-23,48.060001373291016
2020-04-24,48.58000183105469
2020-04-27,49.290000915527344
2020-04-28,49.91999816894531
2020-04-29,50.529998779296875
2020-04-30,48.65999984741211
2020-05-01,47.83000183105469
2020-05-04,48.650001525878906
2020-05-05,48.84000015258789
2020-05-06,48.16999816894531
2020-05-07,49.54999923706055
2020-05-08,50.310001373291016
2020-05-11,49.689998626708984
2020-05-12,49.709999084472656
2020-05-13,49.04999923706055
2020-05-14,49.79999923706055
2020-05-15,49.08000183105469
2020-05-18,50.79999923706055
2020-05-19,49.779998779296875
2020-05-20,50.790000915527344
2020-05-21,50.04999923706055
2020-05-22,49.790000915527344
2020-05-26,51.310001373291016
2020-05-27,51.63999938964844
2020-05-28,50.900001525878906
2020-05-29,51.369998931884766
2020-06-01,52.459999084472656
2020-06-02,53.790000915527344
2020-06-03,54.9900016784668
2020-06-04,54.90999984741211
2020-06-05,56.060001373291016
2020-06-08,57.95000076293945
2020-06-09,55.63999938964844
2020-06-10,55.63999938964844
2020-06-11,52.599998474121094
2020-06-12,53.56999969482422
2020-06-15,54.58000183105469
2020-06-16,53.63999938964844
2020-06-17,55.150001525878906
2020-06-18,54.56999969482422
2020-06-19,54.31999969482422
2020-06-22,54.970001220703125
2020-06-23,54.869998931884766
2020-06-24,53.650001525878906
2020-06-25,54.66999816894531
2020-06-26,53.54999923706055
2020-06-29,55.220001220703125
2020-06-30,56.66999816894531
2020-07-01,56.119998931884766
2020-07-02,57.22999954223633
2020-07-06,58.08000183105469
2020-07-07,57.939998626708984
2020-07-08,58.400001525878906
2020-07-09,57.119998931884766
2020-07-10,57.349998474121094
2020-07-13,56.31999969482422
2020-07-14,57.52000045776367
2020-07-15,58.31999969482422
2020-07-16,57.18000030517578
2020-07-17,57.81999969482422
2020-07-20,58.0099983215332
2020-07-21,59.11000061035156
2020-07-22,59.619998931884766
2020-07-23,58.290000915527344
2020-07-24,58.36000061035156
2020-07-27,58.79999923706055
2020-07-28,58.150001525878906
2020-07-29,59.27000045776367
2020-07-30,58.83000183105469
2020-07-31,58.7400016784668
2020-08-03,59.4900016784668
2020-08-04,59.11000061035156
2020-08-05,59.45000076293945
2020-08-06,59.75
2020-08-07,58.7400016784668
2020-08-10,58.81999969482422
2020-08-11,58.02000045776367
2020-08-12,57.880001068115234
2020-08-13,57.36000061035156
2020-08-14,56.790000915527344
2020-08-17,58.27000045776367
2020-08-18,59.849998474121094
2020-08-19,57.90999984741211
2020-08-20,58.060001373291016
2020-08-21,58.7400016784668
2020-08-24,59.29999923706055
2020-08-25,59.540000915527344
2020-08-26,60.790000915527344
2020-08-27,60.66999816894531
2020-08-28,61.06999969482422
2020-08-31,60.61000061035156
2020-09-01,59.9900016784668
2020-09-02,60.88999938964844
2020-09-03,59.099998474121094
2020-09-04,59.38999938964844
2020-09-08,57.4900016784668
2020-09-09,59.02000045776367
2020-09-10,58.290000915527344
2020-09-11,58.25
2020-09-14,59.27000045776367
2020-09-15,59.43000030517578
2020-09-16,59.20000076293945
2020-09-17,59.619998931884766
2020-09-18,58.529998779296875
2020-09-21,56.939998626708984
2020-09-22,58.130001068115234
2020-09-23,56.27000045776367
2020-09-24,56.97999954223633
2020-09-25,57.66999816894531
2020-09-28,58.04999923706055
2020-09-29,57.13999938964844
2020-09-30,57.540000915527344
2020-10-01,58.29999923706055
2020-10-02,58.36000061035156
2020-10-05,59.40999984741211
2020-10-06,58.380001068115234
2020-10-07,59.790000915527344
2020-10-08,60.38999938964844
2020-10-09,61.369998931884766
2020-10-12,62.099998474121094
2020-10-13,61.83000183105469
2020-10-14,62.04999923706055
2020-10-15,61.4900016784668
2020-10-16,61.400001525878906
2020-10-19,60.43000030517578
2020-10-20,61.2599983215332
2020-10-21,61.290000915527344
2020-10-22,61.9900016784668
2020-10-23,62.09000015258789
2020-10-26,61.310001373291016
2020-10-27,61.20000076293945
2020-10-28,60.16999816894531
2020-10-29,60.47999954223633
2020-10-30,59.369998931884766
2020-11-02,59.779998779296875
2020-11-03,60.290000915527344
2020-11-04,60.86000061035156
2020-11-05,62.369998931884766
2020-11-06,62.72999954223633
2020-11-09,65.12000274658203
2020-11-10,64.19999694824219
2020-11-11,65.23999786376953
2020-11-12,64.51000213623047
2020-11-13,65.01000213623047
2020-11-16,65.81999969482422
2020-11-17,65.58000183105469
2020-11-18,64.7300033569336
2020-11-19,64.94999694824219
2020-11-20,64.61000061035156
2020-11-23,64.33999633789062
2020-11-24,65.7699966430664
2020-11-25,65.98999786376953
2020-11-27,66.08999633789062
2020-11-30,66.43000030517578
2020-12-01,67.05000305175781
2020-12-02,67.11000061035156
2020-12-03,66.23999786376953
2020-12-04,66.05000305175781
2020-12-07,65.98999786376953
2020-12-08,66.9000015258789
2020-12-09,66.48999786376953
2020-12-10,67.48999786376953
2020-12-11,67.79000091552734
2020-12-14,66.08000183105469
2020-12-15,66.30999755859375
2020-12-16,66.66999816894531
2020-12-17,67.19999694824219
2020-12-18,65.48999786376953
2020-12-21,64.93000030517578
2020-12-22,65.62000274658203
2020-12-23,66.8499984741211
2020-12-24,67.19000244140625
2020-12-28,67.48999786376953
2020-12-29,68.93000030517578
2020-12-30,68.95999908447266
2020-12-31,68.06999969482422
2021-01-04,67.91999816894531
2021-01-05,69.62000274658203
2021-01-06,71.30999755859375
2021-01-07,71.69000244140625
2021-01-08,70.05000305175781
2021-01-11,68.41999816894531
2021-01-12,68.33999633789062
2021-01-13,68.19000244140625
2021-01-14,67.20999908447266
2021-01-15,66.44999694824219
2021-01-19,65.47000122070312
2021-01-20,67.08999633789062
2021-01-21,67.94000244140625
2021-01-22,68.8499984741211
2021-01-25,69.25
2021-01-26,70.12999725341797
2021-01-27,68.8499984741211
2021-01-28,68.54000091552734
2021-01-29,67.69999694824219
2021-02-01,67.69999694824219
2021-02-02,67.62999725341797
2021-02-03,67.94000244140625
2021-02-04,67.5199966430664
2021-02-05,67.77999877929688
2021-02-08,68.0
2021-02-09,67.37000274658203
2021-02-10,66.0
2021-02-11,66.3499984741211
2021-02-12,65.62000274658203
2021-02-16,65.31999969482422
2021-02-17,65.19000244140625
2021-02-18,64.8499984741211
2021-02-19,64.98999786376953
2021-02-22,64.86000061035156
2021-02-23,64.75
2021-02-24,65.30000305175781
2021-02-25,63.099998474121094
2021-02-26,62.529998779296875
2021-03-01,64.0
2021-03-02,64.06999969482422
2021-03-03,63.5099983215332
2021-03-04,62.220001220703125
2021-03-05,62.849998474121094
2021-03-08,61.36000061035156
2021-03-09,62.099998474121094
2021-03-10,62.869998931884766
2021-03-11,63.5099983215332
2021-03-12,63.79999923706055
2021-03-15,65.11000061035156
2021-03-16,65.2699966430664
2021-03-17,65.44000244140625
2021-03-18,63.91999816894531
2021-03-19,64.12000274658203
2021-03-22,63.11000061035156
2021-03-23,61.7400016784668
2021-03-24,61.54999923706055
2021-03-25,61.709999084472656
2021-03-26,61.880001068115234
2021-03-29,62.18000030517578
2021-03-30,61.93000030517578
2021-03-31,62.2599983215332
2021-04-01,62.349998474121094
2021-04-05,63.2400016784668
2021-04-06,61.880001068115234
2021-04-07,62.400001525878906
2021-04-08,63.130001068115234
2021-04-09,63.09000015258789
2021-04-12,62.279998779296875
2021-04-13,63.40999984741211
2021-04-14,63.9900016784668
2021-04-15,64.08999633789062
2021-04-16,64.48999786376953
2021-04-19,64.4800033569336
2021-04-20,63.689998626708984
2021-04-21,64.12000274658203
2021-04-22,63.93000030517578
2021-04-23,64.54000091552734
2021-04-26,64.97000122070312
2021-04-27,64.80000305175781
2021-04-28,65.08999633789062
2021-04-29,65.3499984741211
2021-04-30,64.56999969482422
2021-05-03,65.4800033569336
2021-05-04,65.0
2021-05-05,65.55000305175781
2021-05-06,64.95999908447266
2021-05-07,65.69000244140625
2021-05-10,64.81999969482422
2021-05-11,64.23999786376953
2021-05-12,63.439998626708984
2021-05-13,63.20000076293945
2021-05-14,62.93000030517578
