,FCA
2011-04-21,30.850000381469727
2011-04-25,30.479999542236328
2011-04-26,30.540000915527344
2011-04-27,29.93000030517578
2011-04-28,29.84000015258789
2011-04-29,29.84000015258789
2011-05-02,30.459999084472656
2011-05-03,30.459999084472656
2011-05-04,28.649999618530273
2011-05-05,28.649999618530273
2011-05-06,29.229999542236328
2011-05-09,29.200000762939453
2011-05-10,29.200000762939453
2011-05-11,29.200000762939453
2011-05-12,28.780000686645508
2011-05-13,28.200000762939453
2011-05-16,28.469999313354492
2011-05-17,28.3799991607666
2011-05-18,29.229999542236328
2011-05-19,29.229999542236328
2011-05-20,28.670000076293945
2011-05-23,28.020000457763672
2011-05-24,28.010000228881836
2011-05-25,28.010000228881836
2011-05-26,28.219999313354492
2011-05-27,28.219999313354492
2011-05-31,28.649999618530273
2011-06-01,28.649999618530273
2011-06-02,28.649999618530273
2011-06-03,28.389999389648438
2011-06-06,28.0
2011-06-07,27.920000076293945
2011-06-08,27.420000076293945
2011-06-09,27.420000076293945
2011-06-10,27.420000076293945
2011-06-13,26.260000228881836
2011-06-14,27.170000076293945
2011-06-15,26.770000457763672
2011-06-16,26.5
2011-06-17,26.5
2011-06-20,26.3700008392334
2011-06-21,26.3700008392334
2011-06-22,26.3700008392334
2011-06-23,26.40999984741211
2011-06-24,26.40999984741211
2011-06-27,26.40999984741211
2011-06-28,26.40999984741211
2011-06-29,27.5
2011-06-30,27.969999313354492
2011-07-01,27.969999313354492
2011-07-05,27.969999313354492
2011-07-06,27.969999313354492
2011-07-07,28.6200008392334
2011-07-08,28.3799991607666
2011-07-11,27.610000610351562
2011-07-12,27.610000610351562
2011-07-13,27.889999389648438
2011-07-14,27.889999389648438
2011-07-15,27.299999237060547
2011-07-18,27.299999237060547
2011-07-19,27.299999237060547
2011-07-20,27.299999237060547
2011-07-21,26.950000762939453
2011-07-22,26.950000762939453
2011-07-25,27.18000030517578
2011-07-26,27.18000030517578
2011-07-27,27.18000030517578
2011-07-28,27.1299991607666
2011-07-29,26.639999389648438
2011-08-01,26.639999389648438
2011-08-02,26.639999389648438
2011-08-03,26.100000381469727
2011-08-04,25.770000457763672
2011-08-05,24.3799991607666
2011-08-08,24.3799991607666
2011-08-09,23.979999542236328
2011-08-10,23.34000015258789
2011-08-11,23.34000015258789
2011-08-12,23.420000076293945
2011-08-15,24.15999984741211
2011-08-16,24.40999984741211
2011-08-17,24.1200008392334
2011-08-18,24.1200008392334
2011-08-19,24.1200008392334
2011-08-22,22.510000228881836
2011-08-23,22.510000228881836
2011-08-24,22.510000228881836
2011-08-25,22.510000228881836
2011-08-26,22.020000457763672
2011-08-29,22.020000457763672
2011-08-30,22.020000457763672
2011-08-31,23.600000381469727
2011-09-01,23.600000381469727
2011-09-02,23.450000762939453
2011-09-06,23.450000762939453
2011-09-07,23.450000762939453
2011-09-08,23.450000762939453
2011-09-09,23.450000762939453
2011-09-12,21.3799991607666
2011-09-13,21.489999771118164
2011-09-14,20.799999237060547
2011-09-15,20.989999771118164
2011-09-16,20.989999771118164
2011-09-19,20.989999771118164
2011-09-20,20.989999771118164
2011-09-21,20.989999771118164
2011-09-22,17.31999969482422
2011-09-23,17.31999969482422
2011-09-26,17.31999969482422
2011-09-27,17.31999969482422
2011-09-28,17.31999969482422
2011-09-29,18.559999465942383
2011-09-30,17.049999237060547
2011-10-03,16.600000381469727
2011-10-04,16.600000381469727
2011-10-05,16.600000381469727
2011-10-06,16.600000381469727
2011-10-07,16.600000381469727
2011-10-10,16.600000381469727
2011-10-11,18.959999084472656
2011-10-12,20.18000030517578
2011-10-13,20.18000030517578
2011-10-14,20.200000762939453
2011-10-17,20.200000762939453
2011-10-18,19.479999542236328
2011-10-19,19.18000030517578
2011-10-20,18.510000228881836
2011-10-21,18.510000228881836
2011-10-24,20.520000457763672
2011-10-25,19.780000686645508
2011-10-26,19.450000762939453
2011-10-27,19.450000762939453
2011-10-28,22.020000457763672
2011-10-31,21.290000915527344
2011-11-01,20.469999313354492
2011-11-02,21.190000534057617
2011-11-03,21.190000534057617
2011-11-04,21.190000534057617
2011-11-07,21.700000762939453
2011-11-08,21.850000381469727
2011-11-09,20.479999542236328
2011-11-10,20.829999923706055
2011-11-11,20.8799991607666
2011-11-14,20.8799991607666
2011-11-15,21.1200008392334
2011-11-16,20.790000915527344
2011-11-17,20.790000915527344
2011-11-18,20.790000915527344
2011-11-21,19.700000762939453
2011-11-22,19.649999618530273
2011-11-23,19.649999618530273
2011-11-25,19.010000228881836
2011-11-28,19.010000228881836
2011-11-29,19.010000228881836
2011-11-30,21.18000030517578
2011-12-01,21.18000030517578
2011-12-02,21.18000030517578
2011-12-05,21.059999465942383
2011-12-06,21.059999465942383
2011-12-07,20.579999923706055
2011-12-08,20.579999923706055
2011-12-09,20.600000381469727
2011-12-12,20.600000381469727
2011-12-13,19.329999923706055
2011-12-14,18.860000610351562
2011-12-15,18.940000534057617
2011-12-16,19.489999771118164
2011-12-19,19.489999771118164
2011-12-20,19.049999237060547
2011-12-21,19.389999389648438
2011-12-22,19.389999389648438
2011-12-23,19.389999389648438
2011-12-27,19.530000686645508
2011-12-28,19.020000457763672
2011-12-29,19.6299991607666
2011-12-30,19.6299991607666
2012-01-03,19.6299991607666
2012-01-04,20.040000915527344
2012-01-05,19.989999771118164
2012-01-06,19.280000686645508
2012-01-09,19.280000686645508
2012-01-10,20.440000534057617
2012-01-11,20.440000534057617
2012-01-12,20.6200008392334
2012-01-13,20.540000915527344
2012-01-17,20.8700008392334
2012-01-18,20.8700008392334
2012-01-19,21.479999542236328
2012-01-20,21.360000610351562
2012-01-23,21.360000610351562
2012-01-24,21.360000610351562
2012-01-25,21.780000686645508
2012-01-26,22.020000457763672
2012-01-27,22.020000457763672
2012-01-30,22.020000457763672
2012-01-31,22.020000457763672
2012-02-01,21.75
2012-02-02,21.950000762939453
2012-02-03,22.40999984741211
2012-02-06,22.40999984741211
2012-02-07,22.40999984741211
2012-02-08,23.049999237060547
2012-02-09,23.510000228881836
2012-02-10,22.860000610351562
2012-02-13,22.799999237060547
2012-02-14,22.6299991607666
2012-02-15,22.6299991607666
2012-02-16,22.93000030517578
2012-02-17,23.139999389648438
2012-02-21,23.260000228881836
2012-02-22,23.34000015258789
2012-02-23,23.3700008392334
2012-02-24,23.3700008392334
2012-02-27,23.389999389648438
2012-02-28,23.6299991607666
2012-02-29,23.770000457763672
2012-03-01,23.31999969482422
2012-03-02,23.31999969482422
2012-03-05,23.31999969482422
2012-03-06,23.31999969482422
2012-03-07,22.489999771118164
2012-03-08,22.889999389648438
2012-03-09,23.09000015258789
2012-03-12,22.899999618530273
2012-03-13,23.079999923706055
2012-03-14,22.8799991607666
2012-03-15,22.8700008392334
2012-03-16,23.0
2012-03-19,22.440000534057617
2012-03-20,21.809999465942383
2012-03-21,21.670000076293945
2012-03-22,21.459999084472656
2012-03-23,21.540000915527344
2012-03-26,21.920000076293945
2012-03-27,22.049999237060547
2012-03-28,21.5
2012-03-29,21.149999618530273
2012-03-30,21.670000076293945
2012-04-02,21.68000030517578
2012-04-03,21.959999084472656
2012-04-04,21.719999313354492
2012-04-05,22.360000610351562
2012-04-09,22.170000076293945
2012-04-10,21.649999618530273
2012-04-11,21.530000686645508
2012-04-12,21.530000686645508
2012-04-13,21.530000686645508
2012-04-16,21.969999313354492
2012-04-17,21.969999313354492
2012-04-18,22.020000457763672
2012-04-19,21.940000534057617
2012-04-20,22.350000381469727
2012-04-23,22.350000381469727
2012-04-24,22.350000381469727
2012-04-25,21.860000610351562
2012-04-26,22.239999771118164
2012-04-27,22.190000534057617
2012-04-30,22.239999771118164
2012-05-01,22.389999389648438
2012-05-02,22.59000015258789
2012-05-03,22.229999542236328
2012-05-04,21.93000030517578
2012-05-07,21.850000381469727
2012-05-08,21.469999313354492
2012-05-09,21.030000686645508
2012-05-10,20.8799991607666
2012-05-11,20.600000381469727
2012-05-14,20.309999465942383
2012-05-15,20.309999465942383
2012-05-16,20.06999969482422
2012-05-17,19.850000381469727
2012-05-18,19.270000457763672
2012-05-21,19.760000228881836
2012-05-22,20.170000076293945
2012-05-23,19.81999969482422
2012-05-24,19.6200008392334
2012-05-25,19.559999465942383
2012-05-29,20.3700008392334
2012-05-30,20.3700008392334
2012-05-31,20.260000228881836
2012-06-01,19.709999084472656
2012-06-04,19.709999084472656
2012-06-05,19.709999084472656
2012-06-06,19.829999923706055
2012-06-07,20.459999084472656
2012-06-08,20.329999923706055
2012-06-11,20.329999923706055
2012-06-12,20.950000762939453
2012-06-13,20.989999771118164
2012-06-14,20.649999618530273
2012-06-15,20.649999618530273
2012-06-18,20.649999618530273
2012-06-19,21.34000015258789
2012-06-20,20.93000030517578
2012-06-21,20.93000030517578
2012-06-22,20.0
2012-06-25,19.510000228881836
2012-06-26,19.6299991607666
2012-06-27,19.6299991607666
2012-06-28,19.6299991607666
2012-06-29,19.6299991607666
2012-07-02,19.6299991607666
2012-07-03,20.860000610351562
2012-07-05,20.709999084472656
2012-07-06,20.860000610351562
2012-07-09,20.6200008392334
2012-07-10,20.3799991607666
2012-07-11,20.3799991607666
2012-07-12,20.3799991607666
2012-07-13,20.239999771118164
2012-07-16,20.25
2012-07-17,20.25
2012-07-18,20.25
2012-07-19,20.25
2012-07-20,19.850000381469727
2012-07-23,19.850000381469727
2012-07-24,19.850000381469727
2012-07-25,19.850000381469727
2012-07-26,19.850000381469727
2012-07-27,19.850000381469727
2012-07-30,19.809999465942383
2012-07-31,19.899999618530273
2012-08-01,19.899999618530273
2012-08-02,19.899999618530273
2012-08-03,20.309999465942383
2012-08-06,20.440000534057617
2012-08-07,20.459999084472656
2012-08-08,20.309999465942383
2012-08-09,20.40999984741211
2012-08-10,20.25
2012-08-13,20.190000534057617
2012-08-14,20.190000534057617
2012-08-15,20.010000228881836
2012-08-16,20.010000228881836
2012-08-17,20.299999237060547
2012-08-20,20.34000015258789
2012-08-21,20.079999923706055
2012-08-22,19.860000610351562
2012-08-23,19.84000015258789
2012-08-24,19.90999984741211
2012-08-27,19.90999984741211
2012-08-28,19.90999984741211
2012-08-29,19.549999237060547
2012-08-30,19.309999465942383
2012-08-31,19.43000030517578
2012-09-04,19.43000030517578
2012-09-05,18.709999084472656
2012-09-06,19.639999389648438
2012-09-07,20.079999923706055
2012-09-10,20.079999923706055
2012-09-11,19.989999771118164
2012-09-12,20.170000076293945
2012-09-13,20.889999389648438
2012-09-14,20.889999389648438
2012-09-17,20.889999389648438
2012-09-18,20.31999969482422
2012-09-19,20.469999313354492
2012-09-20,20.399999618530273
2012-09-21,20.329999923706055
2012-09-24,20.329999923706055
2012-09-25,19.989999771118164
2012-09-26,19.989999771118164
2012-09-27,19.989999771118164
2012-09-28,20.389999389648438
2012-10-01,20.65999984741211
2012-10-02,20.65999984741211
2012-10-03,20.65999984741211
2012-10-04,20.65999984741211
2012-10-05,21.1299991607666
2012-10-08,20.780000686645508
2012-10-09,20.559999465942383
2012-10-10,20.729999542236328
2012-10-11,20.729999542236328
2012-10-12,21.260000228881836
2012-10-15,21.260000228881836
2012-10-16,21.260000228881836
2012-10-17,21.260000228881836
2012-10-18,22.010000228881836
2012-10-19,21.670000076293945
2012-10-22,21.670000076293945
2012-10-23,21.670000076293945
2012-10-24,21.670000076293945
2012-10-25,22.209999084472656
2012-10-26,21.889999389648438
2012-10-31,21.809999465942383
2012-11-01,22.68000030517578
2012-11-02,22.5
2012-11-05,22.799999237060547
2012-11-06,22.649999618530273
2012-11-07,22.25
2012-11-08,22.020000457763672
2012-11-09,22.3799991607666
2012-11-12,22.3799991607666
2012-11-13,21.8700008392334
2012-11-14,21.8700008392334
2012-11-15,21.739999771118164
2012-11-16,21.760000228881836
2012-11-19,22.18000030517578
2012-11-20,22.18000030517578
2012-11-21,22.309999465942383
2012-11-23,22.309999465942383
2012-11-26,22.729999542236328
2012-11-27,22.40999984741211
2012-11-28,22.799999237060547
2012-11-29,22.780000686645508
2012-11-30,22.8700008392334
2012-12-03,23.06999969482422
2012-12-04,23.06999969482422
2012-12-05,23.56999969482422
2012-12-06,23.649999618530273
2012-12-07,23.860000610351562
2012-12-10,24.079999923706055
2012-12-11,23.809999465942383
2012-12-12,24.06999969482422
2012-12-13,23.700000762939453
2012-12-14,24.049999237060547
2012-12-17,24.079999923706055
2012-12-18,24.219999313354492
2012-12-19,24.170000076293945
2012-12-20,24.149999618530273
2012-12-21,24.190000534057617
2012-12-24,24.209999084472656
2012-12-26,24.6299991607666
2012-12-27,24.34000015258789
2012-12-28,24.65999984741211
2012-12-31,25.1299991607666
2013-01-02,25.75
2013-01-03,25.93000030517578
2013-01-04,25.93000030517578
2013-01-07,26.260000228881836
2013-01-08,25.8799991607666
2013-01-09,26.299999237060547
2013-01-10,26.469999313354492
2013-01-11,26.1299991607666
2013-01-14,26.360000610351562
2013-01-15,26.059999465942383
2013-01-16,26.049999237060547
2013-01-17,25.860000610351562
2013-01-18,25.579999923706055
2013-01-22,26.0
2013-01-23,25.729999542236328
2013-01-24,25.65999984741211
2013-01-25,25.200000762939453
2013-01-28,25.3799991607666
2013-01-29,25.3799991607666
2013-01-30,25.860000610351562
2013-01-31,25.600000381469727
2013-02-01,25.75
2013-02-04,25.100000381469727
2013-02-05,25.40999984741211
2013-02-06,25.110000610351562
2013-02-07,24.639999389648438
2013-02-08,25.18000030517578
2013-02-11,24.979999542236328
2013-02-12,25.209999084472656
2013-02-13,25.229999542236328
2013-02-14,25.5
2013-02-15,25.68000030517578
2013-02-19,25.229999542236328
2013-02-20,24.920000076293945
2013-02-21,24.170000076293945
2013-02-22,24.440000534057617
2013-02-25,23.860000610351562
2013-02-26,23.690000534057617
2013-02-27,24.5
2013-02-28,24.670000076293945
2013-03-01,24.719999313354492
2013-03-04,23.93000030517578
2013-03-05,24.350000381469727
2013-03-06,24.579999923706055
2013-03-07,24.540000915527344
2013-03-08,24.700000762939453
2013-03-11,24.700000762939453
2013-03-12,23.760000228881836
2013-03-13,23.280000686645508
2013-03-14,23.700000762939453
2013-03-15,22.93000030517578
2013-03-18,22.93000030517578
2013-03-19,22.440000534057617
2013-03-20,23.25
2013-03-21,23.09000015258789
2013-03-22,23.229999542236328
2013-03-25,23.09000015258789
2013-03-26,23.09000015258789
2013-03-27,23.030000686645508
2013-03-28,22.920000076293945
2013-04-01,22.469999313354492
2013-04-02,22.420000076293945
2013-04-03,21.790000915527344
2013-04-04,22.06999969482422
2013-04-05,21.440000534057617
2013-04-08,21.43000030517578
2013-04-09,21.979999542236328
2013-04-10,22.260000228881836
2013-04-11,22.299999237060547
2013-04-12,21.969999313354492
2013-04-15,21.3700008392334
2013-04-16,21.899999618530273
2013-04-17,21.540000915527344
2013-04-18,21.479999542236328
2013-04-19,22.31999969482422
2013-04-22,22.31999969482422
2013-04-23,22.31999969482422
2013-04-24,22.8700008392334
2013-04-25,23.0
2013-04-26,22.729999542236328
2013-04-29,22.770000457763672
2013-04-30,23.020000457763672
2013-05-01,22.760000228881836
2013-05-02,22.8799991607666
2013-05-03,23.329999923706055
2013-05-06,23.209999084472656
2013-05-07,23.739999771118164
2013-05-08,23.920000076293945
2013-05-09,23.81999969482422
2013-05-10,23.90999984741211
2013-05-13,23.670000076293945
2013-05-14,23.489999771118164
2013-05-15,23.3799991607666
2013-05-16,23.56999969482422
2013-05-17,23.68000030517578
2013-05-20,23.600000381469727
2013-05-21,23.579999923706055
2013-05-22,22.989999771118164
2013-05-23,22.989999771118164
2013-05-24,22.68000030517578
2013-05-28,22.969999313354492
2013-05-29,22.799999237060547
2013-05-30,22.829999923706055
2013-05-31,22.290000915527344
2013-06-03,22.15999984741211
2013-06-04,22.100000381469727
2013-06-05,21.760000228881836
2013-06-06,21.65999984741211
2013-06-07,21.690000534057617
2013-06-10,21.3799991607666
2013-06-11,20.829999923706055
2013-06-12,20.670000076293945
2013-06-13,20.979999542236328
2013-06-14,20.479999542236328
2013-06-17,20.799999237060547
2013-06-18,20.969999313354492
2013-06-19,20.56999969482422
2013-06-20,20.56999969482422
2013-06-21,19.450000762939453
2013-06-24,18.5
2013-06-25,18.719999313354492
2013-06-26,19.1299991607666
2013-06-27,19.229999542236328
2013-06-28,19.229999542236328
2013-07-01,19.239999771118164
2013-07-02,19.239999771118164
2013-07-03,18.8799991607666
2013-07-05,18.850000381469727
2013-07-08,18.829999923706055
2013-07-09,18.969999313354492
2013-07-10,18.969999313354492
2013-07-11,19.770000457763672
2013-07-12,19.450000762939453
2013-07-15,19.450000762939453
2013-07-16,19.790000915527344
2013-07-17,20.040000915527344
2013-07-18,20.100000381469727
2013-07-19,19.700000762939453
2013-07-22,20.040000915527344
2013-07-23,20.309999465942383
2013-07-24,20.149999618530273
2013-07-25,20.450000762939453
2013-07-26,20.450000762939453
2013-07-29,19.979999542236328
2013-07-30,19.790000915527344
2013-07-31,20.049999237060547
2013-08-01,20.530000686645508
2013-08-02,20.549999237060547
2013-08-05,20.399999618530273
2013-08-06,20.329999923706055
2013-08-07,20.329999923706055
2013-08-08,20.469999313354492
2013-08-09,20.469999313354492
2013-08-12,20.469999313354492
2013-08-13,21.459999084472656
2013-08-14,21.59000015258789
2013-08-15,21.139999389648438
2013-08-16,21.280000686645508
2013-08-19,21.079999923706055
2013-08-20,20.8799991607666
2013-08-21,20.8799991607666
2013-08-22,20.8799991607666
2013-08-23,21.139999389648438
2013-08-26,21.360000610351562
2013-08-27,21.360000610351562
2013-08-28,21.030000686645508
2013-08-29,21.030000686645508
2013-08-30,21.0
2013-09-03,21.0
2013-09-04,21.809999465942383
2013-09-05,21.84000015258789
2013-09-06,21.989999771118164
2013-09-09,21.84000015258789
2013-09-10,22.309999465942383
2013-09-11,22.329999923706055
2013-09-12,21.989999771118164
2013-09-13,22.020000457763672
2013-09-16,22.020000457763672
2013-09-17,22.020000457763672
2013-09-18,22.520000457763672
2013-09-19,22.770000457763672
2013-09-20,22.770000457763672
2013-09-23,22.350000381469727
2013-09-24,22.239999771118164
2013-09-25,21.950000762939453
2013-09-26,21.950000762939453
2013-09-27,22.139999389648438
2013-09-30,22.139999389648438
2013-10-01,22.309999465942383
2013-10-02,22.700000762939453
2013-10-03,22.399999618530273
2013-10-04,22.700000762939453
2013-10-07,22.65999984741211
2013-10-08,22.65999984741211
2013-10-09,22.65999984741211
2013-10-10,23.170000076293945
2013-10-11,23.309999465942383
2013-10-14,23.579999923706055
2013-10-15,23.139999389648438
2013-10-16,23.209999084472656
2013-10-17,23.3799991607666
2013-10-18,23.510000228881836
2013-10-21,23.3700008392334
2013-10-22,23.3700008392334
2013-10-23,22.959999084472656
2013-10-24,22.799999237060547
2013-10-25,22.940000534057617
2013-10-28,22.81999969482422
2013-10-29,22.739999771118164
2013-10-30,22.729999542236328
2013-10-31,22.790000915527344
2013-11-01,22.790000915527344
2013-11-04,22.81999969482422
2013-11-05,22.670000076293945
2013-11-06,22.700000762939453
2013-11-07,22.1200008392334
2013-11-08,22.309999465942383
2013-11-11,22.299999237060547
2013-11-12,22.260000228881836
2013-11-13,22.100000381469727
2013-11-14,22.360000610351562
2013-11-15,22.360000610351562
2013-11-18,23.510000228881836
2013-11-19,23.350000381469727
2013-11-20,23.40999984741211
2013-11-21,23.450000762939453
2013-11-22,23.5
2013-11-25,23.1299991607666
2013-11-26,23.1299991607666
2013-11-27,23.770000457763672
2013-11-29,23.770000457763672
2013-12-02,23.729999542236328
2013-12-03,23.5
2013-12-04,23.5
2013-12-05,23.5
2013-12-06,23.93000030517578
2013-12-09,23.969999313354492
2013-12-10,23.739999771118164
2013-12-11,23.6200008392334
2013-12-12,23.6200008392334
2013-12-13,23.6200008392334
2013-12-16,23.56999969482422
2013-12-17,23.56999969482422
2013-12-18,23.6299991607666
2013-12-19,23.309999465942383
2013-12-20,22.950000762939453
2013-12-23,22.950000762939453
2013-12-24,22.950000762939453
2013-12-26,22.950000762939453
2013-12-27,23.40999984741211
2013-12-30,23.639999389648438
2013-12-31,23.420000076293945
2014-01-02,23.350000381469727
2014-01-03,23.209999084472656
2014-01-06,22.829999923706055
2014-01-07,22.959999084472656
2014-01-08,22.989999771118164
2014-01-09,22.770000457763672
2014-01-10,22.959999084472656
2014-01-13,22.739999771118164
2014-01-14,22.600000381469727
2014-01-15,22.489999771118164
2014-01-16,22.489999771118164
2014-01-17,22.489999771118164
2014-01-21,22.420000076293945
2014-01-22,23.010000228881836
2014-01-23,22.149999618530273
2014-01-24,21.520000457763672
2014-01-27,21.56999969482422
2014-01-28,21.81999969482422
2014-01-29,21.670000076293945
2014-01-30,21.81999969482422
2014-01-31,21.579999923706055
2014-02-03,20.950000762939453
2014-02-04,21.489999771118164
2014-02-05,21.209999084472656
2014-02-06,21.510000228881836
2014-02-07,21.709999084472656
2014-02-10,21.479999542236328
2014-02-11,22.100000381469727
2014-02-12,22.09000015258789
2014-02-13,22.229999542236328
2014-02-14,22.459999084472656
2014-02-18,22.420000076293945
2014-02-19,22.350000381469727
2014-02-20,22.450000762939453
2014-02-21,22.31999969482422
2014-02-24,22.229999542236328
2014-02-25,21.709999084472656
2014-02-26,21.709999084472656
2014-02-27,22.34000015258789
2014-02-28,22.280000686645508
2014-03-03,22.280000686645508
2014-03-04,22.559999465942383
2014-03-05,22.559999465942383
2014-03-06,22.559999465942383
2014-03-07,22.040000915527344
2014-03-10,21.940000534057617
2014-03-11,22.139999389648438
2014-03-12,21.809999465942383
2014-03-13,21.809999465942383
2014-03-14,21.809999465942383
2014-03-17,21.260000228881836
2014-03-18,21.510000228881836
2014-03-19,21.459999084472656
2014-03-20,21.459999084472656
2014-03-21,21.860000610351562
2014-03-24,21.520000457763672
2014-03-25,21.440000534057617
2014-03-26,21.459999084472656
2014-03-27,21.170000076293945
2014-03-28,21.809999465942383
2014-03-31,21.809999465942383
2014-04-01,22.31999969482422
2014-04-02,22.450000762939453
2014-04-03,22.219999313354492
2014-04-04,22.219999313354492
2014-04-07,21.739999771118164
2014-04-08,22.190000534057617
2014-04-09,22.219999313354492
2014-04-10,22.219999313354492
2014-04-11,22.399999618530273
2014-04-14,22.399999618530273
2014-04-15,21.610000610351562
2014-04-16,22.09000015258789
2014-04-17,21.950000762939453
2014-04-21,21.950000762939453
2014-04-22,21.920000076293945
2014-04-23,21.920000076293945
2014-04-24,21.889999389648438
2014-04-25,21.459999084472656
2014-04-28,21.209999084472656
2014-04-29,21.260000228881836
2014-04-30,21.260000228881836
2014-05-01,21.260000228881836
2014-05-02,21.31999969482422
2014-05-05,21.1299991607666
2014-05-06,21.239999771118164
2014-05-07,20.729999542236328
2014-05-08,20.450000762939453
2014-05-09,20.450000762939453
2014-05-12,20.739999771118164
2014-05-13,20.950000762939453
2014-05-14,20.979999542236328
2014-05-15,20.989999771118164
2014-05-16,20.989999771118164
2014-05-19,21.09000015258789
2014-05-20,20.920000076293945
2014-05-21,20.920000076293945
2014-05-22,20.920000076293945
2014-05-23,20.920000076293945
2014-05-27,21.639999389648438
2014-05-28,21.719999313354492
2014-05-29,21.719999313354492
2014-05-30,21.719999313354492
2014-06-02,21.68000030517578
2014-06-03,21.65999984741211
2014-06-04,21.6299991607666
2014-06-05,21.90999984741211
2014-06-06,21.809999465942383
2014-06-09,21.809999465942383
2014-06-10,21.920000076293945
2014-06-11,21.8799991607666
2014-06-12,21.899999618530273
2014-06-13,21.899999618530273
2014-06-16,21.780000686645508
2014-06-17,21.700000762939453
2014-06-18,21.719999313354492
2014-06-19,21.65999984741211
2014-06-20,21.5
2014-06-23,21.459999084472656
2014-06-24,21.190000534057617
2014-06-25,21.34000015258789
2014-06-26,21.34000015258789
2014-06-27,21.440000534057617
2014-06-30,21.610000610351562
2014-07-01,21.799999237060547
2014-07-02,22.030000686645508
2014-07-03,22.329999923706055
2014-07-07,22.420000076293945
2014-07-08,22.149999618530273
2014-07-09,22.149999618530273
2014-07-10,22.149999618530273
2014-07-11,22.149999618530273
2014-07-14,22.520000457763672
2014-07-15,22.579999923706055
2014-07-16,22.579999923706055
2014-07-17,22.579999923706055
2014-07-18,22.6200008392334
2014-07-21,22.479999542236328
2014-07-22,22.989999771118164
2014-07-23,23.209999084472656
2014-07-24,23.540000915527344
2014-07-25,23.559999465942383
2014-07-28,23.850000381469727
2014-07-29,23.81999969482422
2014-07-30,23.479999542236328
2014-07-31,23.3799991607666
2014-08-01,23.31999969482422
2014-08-04,23.65999984741211
2014-08-05,23.350000381469727
2014-08-06,23.280000686645508
2014-08-07,23.1200008392334
2014-08-08,23.399999618530273
2014-08-11,23.68000030517578
2014-08-12,23.719999313354492
2014-08-13,24.079999923706055
2014-08-14,23.75
2014-08-15,23.700000762939453
2014-08-18,23.770000457763672
2014-08-19,23.90999984741211
2014-08-20,24.030000686645508
2014-08-21,23.8700008392334
2014-08-22,23.84000015258789
2014-08-25,23.799999237060547
2014-08-26,23.719999313354492
2014-08-27,23.709999084472656
2014-08-28,23.290000915527344
2014-08-29,23.450000762939453
2014-09-02,23.690000534057617
2014-09-03,24.1299991607666
2014-09-04,24.260000228881836
2014-09-05,24.190000534057617
2014-09-08,24.309999465942383
2014-09-09,24.309999465942383
2014-09-10,23.829999923706055
2014-09-11,23.700000762939453
2014-09-12,23.6200008392334
2014-09-15,23.229999542236328
2014-09-16,23.34000015258789
2014-09-17,23.34000015258789
2014-09-18,23.34000015258789
2014-09-19,22.989999771118164
2014-09-22,22.56999969482422
2014-09-23,22.34000015258789
2014-09-24,22.440000534057617
2014-09-25,22.450000762939453
2014-09-26,22.56999969482422
2014-09-29,22.010000228881836
2014-09-30,22.010000228881836
2014-10-01,21.59000015258789
2014-10-02,21.459999084472656
2014-10-03,21.959999084472656
2014-10-06,22.399999618530273
2014-10-07,22.399999618530273
2014-10-08,22.399999618530273
2014-10-09,22.239999771118164
2014-10-10,21.739999771118164
2014-10-13,21.790000915527344
2014-10-14,21.81999969482422
2014-10-15,21.530000686645508
2014-10-16,21.559999465942383
2014-10-17,22.030000686645508
2014-10-20,22.030000686645508
2014-10-21,22.030000686645508
2014-10-22,22.030000686645508
2014-10-23,22.219999313354492
2014-10-24,22.209999084472656
2014-10-27,22.209999084472656
2014-10-28,22.5
2014-10-29,22.350000381469727
2014-10-30,22.469999313354492
2014-10-31,22.829999923706055
2014-11-03,22.829999923706055
2014-11-04,22.93000030517578
2014-11-05,22.81999969482422
2014-11-06,22.639999389648438
2014-11-07,22.68000030517578
2014-11-10,22.68000030517578
2014-11-11,22.68000030517578
2014-11-12,22.93000030517578
2014-11-13,23.040000915527344
2014-11-14,23.540000915527344
2014-11-17,23.010000228881836
2014-11-18,22.790000915527344
2014-11-19,22.709999084472656
2014-11-20,22.600000381469727
2014-11-21,23.010000228881836
2014-11-24,23.200000762939453
2014-11-25,23.200000762939453
2014-11-26,23.200000762939453
2014-11-28,23.5
2014-12-01,22.979999542236328
2014-12-02,23.020000457763672
2014-12-03,22.889999389648438
2014-12-04,23.329999923706055
2014-12-05,23.510000228881836
2014-12-08,23.440000534057617
2014-12-09,22.309999465942383
2014-12-10,22.549999237060547
2014-12-11,22.479999542236328
2014-12-12,22.149999618530273
2014-12-15,22.25
2014-12-16,22.139999389648438
2014-12-17,22.040000915527344
2014-12-18,22.479999542236328
2014-12-19,22.469999313354492
2014-12-22,22.520000457763672
2014-12-23,22.190000534057617
2014-12-24,22.190000534057617
2014-12-26,22.780000686645508
2014-12-29,22.719999313354492
2014-12-30,22.43000030517578
2014-12-31,22.670000076293945
2015-01-02,23.100000381469727
2015-01-05,23.219999313354492
2015-01-06,22.889999389648438
2015-01-07,23.3799991607666
2015-01-08,23.420000076293945
2015-01-09,23.5
2015-01-12,23.149999618530273
2015-01-13,23.450000762939453
2015-01-14,23.290000915527344
2015-01-15,23.260000228881836
2015-01-16,23.0
2015-01-20,22.829999923706055
2015-01-21,23.440000534057617
2015-01-22,23.739999771118164
2015-01-23,23.639999389648438
2015-01-26,23.649999618530273
2015-01-27,23.34000015258789
2015-01-28,23.149999618530273
2015-01-29,22.90999984741211
2015-01-30,22.829999923706055
2015-02-02,22.81999969482422
2015-02-03,23.06999969482422
2015-02-04,23.309999465942383
2015-02-05,22.989999771118164
2015-02-06,22.6299991607666
2015-02-09,22.579999923706055
2015-02-10,22.579999923706055
2015-02-11,22.59000015258789
2015-02-12,22.829999923706055
2015-02-13,23.209999084472656
2015-02-17,23.239999771118164
2015-02-18,23.239999771118164
2015-02-19,23.15999984741211
2015-02-20,23.15999984741211
2015-02-23,23.1299991607666
2015-02-24,23.059999465942383
2015-02-25,23.6299991607666
2015-02-26,23.6299991607666
2015-02-27,23.729999542236328
2015-03-02,23.5
2015-03-03,23.34000015258789
2015-03-04,23.34000015258789
2015-03-05,23.329999923706055
2015-03-06,23.219999313354492
2015-03-09,23.049999237060547
2015-03-10,23.049999237060547
2015-03-11,22.579999923706055
2015-03-12,22.579999923706055
2015-03-13,22.75
2015-03-16,22.899999618530273
2015-03-17,22.989999771118164
2015-03-18,22.989999771118164
2015-03-19,23.100000381469727
2015-03-20,23.290000915527344
2015-03-23,23.290000915527344
2015-03-24,23.479999542236328
2015-03-25,23.290000915527344
2015-03-26,23.229999542236328
2015-03-27,23.899999618530273
2015-03-30,24.5
2015-03-31,24.290000915527344
2015-04-01,24.709999084472656
2015-04-02,25.139999389648438
2015-04-06,25.40999984741211
2015-04-07,25.479999542236328
2015-04-08,27.309999465942383
2015-04-09,28.579999923706055
2015-04-10,28.100000381469727
2015-04-13,28.799999237060547
2015-04-14,28.459999084472656
2015-04-15,28.530000686645508
2015-04-16,28.799999237060547
2015-04-17,28.25
2015-04-20,28.06999969482422
2015-04-21,28.549999237060547
2015-04-22,29.459999084472656
2015-04-23,29.520000457763672
2015-04-24,29.65999984741211
2015-04-27,30.190000534057617
2015-04-28,29.889999389648438
2015-04-29,29.8700008392334
2015-04-30,30.950000762939453
2015-05-01,30.450000762939453
2015-05-04,31.010000228881836
2015-05-05,30.010000228881836
2015-05-06,29.18000030517578
2015-05-07,28.690000534057617
2015-05-08,29.709999084472656
2015-05-11,29.440000534057617
2015-05-12,29.030000686645508
2015-05-13,28.950000762939453
2015-05-14,29.239999771118164
2015-05-15,29.469999313354492
2015-05-18,29.18000030517578
2015-05-19,29.479999542236328
2015-05-20,29.139999389648438
2015-05-21,28.8799991607666
2015-05-22,29.829999923706055
2015-05-26,29.489999771118164
2015-05-27,29.780000686645508
2015-05-28,28.84000015258789
2015-05-29,28.110000610351562
2015-06-01,28.440000534057617
2015-06-02,28.049999237060547
2015-06-03,28.25
2015-06-04,27.93000030517578
2015-06-05,27.81999969482422
2015-06-08,27.799999237060547
2015-06-09,27.020000457763672
2015-06-10,26.649999618530273
2015-06-11,27.420000076293945
2015-06-12,27.479999542236328
2015-06-15,27.100000381469727
2015-06-16,26.209999084472656
2015-06-17,26.610000610351562
2015-06-18,26.760000228881836
2015-06-19,26.6299991607666
2015-06-22,26.549999237060547
2015-06-23,27.280000686645508
2015-06-24,27.1299991607666
2015-06-25,26.639999389648438
2015-06-26,25.899999618530273
2015-06-29,25.5
2015-06-30,25.920000076293945
2015-07-01,26.030000686645508
2015-07-02,25.649999618530273
2015-07-06,24.020000457763672
2015-07-07,23.0
2015-07-08,21.510000228881836
2015-07-09,23.329999923706055
2015-07-10,24.110000610351562
2015-07-13,24.5
2015-07-14,23.93000030517578
2015-07-15,23.139999389648438
2015-07-16,23.8799991607666
2015-07-17,24.170000076293945
2015-07-20,24.34000015258789
2015-07-21,24.420000076293945
2015-07-22,24.110000610351562
2015-07-23,23.850000381469727
2015-07-24,23.6299991607666
2015-07-27,22.149999618530273
2015-07-28,22.450000762939453
2015-07-29,23.309999465942383
2015-07-30,23.06999969482422
2015-07-31,23.06999969482422
2015-08-03,22.139999389648438
2015-08-04,22.6299991607666
2015-08-05,22.93000030517578
2015-08-06,22.719999313354492
2015-08-07,22.969999313354492
2015-08-10,23.600000381469727
2015-08-11,23.1200008392334
2015-08-12,22.889999389648438
2015-08-13,22.979999542236328
2015-08-14,23.100000381469727
2015-08-17,23.0
2015-08-18,22.06999969482422
2015-08-19,21.68000030517578
2015-08-20,20.969999313354492
2015-08-21,20.3700008392334
2015-08-24,18.0
2015-08-25,18.790000915527344
2015-08-26,18.84000015258789
2015-08-27,19.959999084472656
2015-08-28,20.440000534057617
2015-08-31,19.75
2015-09-01,18.6200008392334
2015-09-02,18.8700008392334
2015-09-03,19.309999465942383
2015-09-04,18.59000015258789
2015-09-08,20.0
2015-09-09,19.809999465942383
2015-09-10,19.809999465942383
2015-09-11,20.329999923706055
2015-09-14,19.8700008392334
2015-09-15,20.229999542236328
2015-09-16,20.6200008392334
2015-09-17,20.6200008392334
2015-09-18,20.219999313354492
2015-09-21,20.219999313354492
2015-09-22,20.219999313354492
2015-09-23,20.06999969482422
2015-09-24,20.06999969482422
2015-09-25,19.690000534057617
2015-09-28,19.270000457763672
2015-09-29,19.209999084472656
2015-09-30,19.940000534057617
2015-10-01,19.889999389648438
2015-10-02,21.0
2015-10-05,21.1299991607666
2015-10-06,20.700000762939453
2015-10-07,21.450000762939453
2015-10-08,21.260000228881836
2015-10-09,21.190000534057617
2015-10-12,21.190000534057617
2015-10-13,21.3700008392334
2015-10-14,21.3700008392334
2015-10-15,22.209999084472656
2015-10-16,22.219999313354492
2015-10-19,21.81999969482422
2015-10-20,21.81999969482422
2015-10-21,21.43000030517578
2015-10-22,21.8799991607666
2015-10-23,22.239999771118164
2015-10-26,21.90999984741211
2015-10-27,21.790000915527344
2015-10-28,21.360000610351562
2015-10-29,21.360000610351562
2015-10-30,21.360000610351562
2015-11-02,21.559999465942383
2015-11-03,21.969999313354492
2015-11-04,21.790000915527344
2015-11-05,22.280000686645508
2015-11-06,21.860000610351562
2015-11-09,21.5
2015-11-10,21.309999465942383
2015-11-11,21.309999465942383
2015-11-12,21.59000015258789
2015-11-13,21.59000015258789
2015-11-16,21.59000015258789
2015-11-17,21.59000015258789
2015-11-18,21.459999084472656
2015-11-19,21.440000534057617
2015-11-20,21.889999389648438
2015-11-23,21.889999389648438
2015-11-24,21.639999389648438
2015-11-25,21.639999389648438
2015-11-27,21.049999237060547
2015-11-30,20.979999542236328
2015-12-01,20.979999542236328
2015-12-02,20.979999542236328
2015-12-03,21.299999237060547
2015-12-04,21.420000076293945
2015-12-07,21.049999237060547
2015-12-08,20.81999969482422
2015-12-09,20.81999969482422
2015-12-10,20.81999969482422
2015-12-11,19.700000762939453
2015-12-14,19.700000762939453
2015-12-15,20.290000915527344
2015-12-16,20.670000076293945
2015-12-17,20.280000686645508
2015-12-18,20.280000686645508
2015-12-21,20.799999237060547
2015-12-22,20.799999237060547
2015-12-23,21.110000610351562
2015-12-24,21.110000610351562
2015-12-28,21.110000610351562
2015-12-29,20.68000030517578
2015-12-30,20.6200008392334
2015-12-31,20.510000228881836
2016-01-04,19.670000076293945
2016-01-05,19.81999969482422
2016-01-06,19.579999923706055
2016-01-07,18.899999618530273
2016-01-08,18.440000534057617
2016-01-11,18.260000228881836
2016-01-12,18.40999984741211
2016-01-13,17.600000381469727
2016-01-14,17.799999237060547
2016-01-15,17.799999237060547
2016-01-19,17.799999237060547
2016-01-20,17.040000915527344
2016-01-21,16.809999465942383
2016-01-22,17.309999465942383
2016-01-25,17.299999237060547
2016-01-26,17.09000015258789
2016-01-27,17.09000015258789
2016-01-28,16.959999084472656
2016-01-29,17.75
2016-02-01,17.600000381469727
2016-02-02,17.010000228881836
2016-02-03,17.010000228881836
2016-02-04,17.0
2016-02-05,17.0
2016-02-08,16.360000610351562
2016-02-09,16.360000610351562
2016-02-10,16.360000610351562
2016-02-11,16.25
2016-02-12,16.440000534057617
2016-02-16,16.440000534057617
2016-02-17,17.459999084472656
2016-02-18,17.459999084472656
2016-02-19,17.459999084472656
2016-02-22,17.790000915527344
2016-02-23,17.790000915527344
2016-02-24,17.18000030517578
2016-02-25,17.1299991607666
2016-02-26,17.18000030517578
2016-02-29,17.290000915527344
2016-03-01,17.729999542236328
2016-03-02,17.729999542236328
2016-03-03,18.239999771118164
2016-03-04,18.239999771118164
2016-03-07,18.6299991607666
2016-03-08,18.6299991607666
2016-03-09,18.6299991607666
2016-03-10,18.6299991607666
2016-03-11,18.6299991607666
2016-03-14,18.6299991607666
2016-03-15,18.6299991607666
2016-03-16,18.6299991607666
2016-03-17,18.6299991607666
2016-03-18,18.940000534057617
2016-03-21,18.940000534057617
2016-03-22,18.989999771118164
2016-03-23,18.75
2016-03-24,18.600000381469727
2016-03-28,18.979999542236328
2016-03-29,19.020000457763672
2016-03-30,19.09000015258789
2016-03-31,19.09000015258789
2016-04-01,19.010000228881836
2016-04-04,18.950000762939453
2016-04-05,18.950000762939453
2016-04-06,18.950000762939453
2016-04-07,18.8700008392334
2016-04-08,18.81999969482422
2016-04-11,18.81999969482422
2016-04-12,18.81999969482422
2016-04-13,19.729999542236328
2016-04-14,19.729999542236328
2016-04-15,19.549999237060547
2016-04-18,19.610000610351562
2016-04-19,19.790000915527344
2016-04-20,19.6299991607666
2016-04-21,19.6299991607666
2016-04-22,19.3700008392334
2016-04-25,19.3700008392334
2016-04-26,19.059999465942383
2016-04-27,19.059999465942383
2016-04-28,19.059999465942383
2016-04-29,19.059999465942383
2016-05-02,19.059999465942383
2016-05-03,19.059999465942383
2016-05-04,18.790000915527344
2016-05-05,18.790000915527344
2016-05-06,18.139999389648438
2016-05-09,17.950000762939453
2016-05-10,17.950000762939453
2016-05-11,17.809999465942383
2016-05-12,17.690000534057617
2016-05-13,17.479999542236328
2016-05-16,17.479999542236328
2016-05-17,17.860000610351562
2016-05-18,17.770000457763672
2016-05-19,17.600000381469727
2016-05-20,17.809999465942383
2016-05-23,17.809999465942383
2016-05-24,17.809999465942383
2016-05-25,17.889999389648438
2016-05-26,17.889999389648438
2016-05-27,17.959999084472656
2016-05-31,18.309999465942383
2016-06-01,18.479999542236328
2016-06-02,18.469999313354492
2016-06-03,18.299999237060547
2016-06-06,18.559999465942383
2016-06-07,18.559999465942383
2016-06-08,18.639999389648438
2016-06-09,18.68000030517578
2016-06-10,18.15999984741211
2016-06-13,18.049999237060547
2016-06-14,18.049999237060547
2016-06-15,18.049999237060547
2016-06-16,17.850000381469727
2016-06-17,17.989999771118164
2016-06-20,17.989999771118164
2016-06-21,18.100000381469727
2016-06-22,18.100000381469727
2016-06-23,18.40999984741211
2016-06-24,17.8700008392334
2016-06-27,17.8700008392334
2016-06-28,17.8700008392334
2016-06-29,18.290000915527344
2016-06-30,18.559999465942383
2016-07-01,18.59000015258789
2016-07-05,18.530000686645508
2016-07-06,18.31999969482422
2016-07-07,18.31999969482422
2016-07-08,18.559999465942383
2016-07-11,18.559999465942383
2016-07-12,18.559999465942383
2016-07-13,18.559999465942383
2016-07-14,19.299999237060547
2016-07-15,19.299999237060547
2016-07-18,19.06999969482422
2016-07-19,19.06999969482422
2016-07-20,19.100000381469727
2016-07-21,19.100000381469727
2016-07-22,19.100000381469727
2016-07-25,19.229999542236328
2016-07-26,19.229999542236328
2016-07-27,19.229999542236328
2016-07-28,19.229999542236328
2016-07-29,19.229999542236328
2016-08-01,19.229999542236328
2016-08-02,19.229999542236328
2016-08-03,19.229999542236328
2016-08-04,19.510000228881836
2016-08-05,19.510000228881836
2016-08-08,19.510000228881836
2016-08-09,19.510000228881836
2016-08-10,19.979999542236328
2016-08-11,19.979999542236328
2016-08-12,19.979999542236328
2016-08-15,19.979999542236328
2016-08-16,19.979999542236328
2016-08-17,20.309999465942383
2016-08-18,20.309999465942383
2016-08-19,20.56999969482422
2016-08-22,20.56999969482422
2016-08-23,20.56999969482422
2016-08-24,20.56999969482422
2016-08-25,20.56999969482422
2016-08-26,20.56999969482422
2016-08-29,20.56999969482422
2016-08-30,20.56999969482422
2016-08-31,20.56999969482422
2016-09-01,20.56999969482422
2016-09-02,20.920000076293945
2016-09-06,21.34000015258789
2016-09-07,21.329999923706055
2016-09-08,21.329999923706055
2016-09-09,21.329999923706055
2016-09-12,21.329999923706055
2016-09-13,20.34000015258789
2016-09-14,20.34000015258789
2016-09-15,20.34000015258789
2016-09-16,20.770000457763672
2016-09-19,21.0
2016-09-20,21.0
2016-09-21,21.030000686645508
2016-09-22,21.309999465942383
2016-09-23,21.309999465942383
2016-09-26,21.309999465942383
2016-09-27,21.309999465942383
2016-09-28,21.309999465942383
2016-09-29,21.309999465942383
2016-09-30,20.65999984741211
2016-10-03,20.75
2016-10-04,20.75
2016-10-05,20.75
2016-10-06,20.75
2016-10-07,20.75
2016-10-10,20.75
2016-10-11,20.75
2016-10-12,20.75
2016-10-13,20.75
2016-10-14,20.40999984741211
2016-10-17,20.40999984741211
2016-10-18,20.559999465942383
2016-10-19,20.559999465942383
2016-10-20,20.559999465942383
2016-10-21,20.559999465942383
2016-10-24,20.559999465942383
2016-10-25,20.559999465942383
2016-10-26,20.579999923706055
2016-10-27,20.579999923706055
2016-10-28,20.579999923706055
2016-10-31,20.020000457763672
2016-11-01,20.020000457763672
2016-11-02,20.020000457763672
2016-11-03,20.020000457763672
2016-11-04,20.020000457763672
2016-11-07,20.25
2016-11-08,20.25
2016-11-09,19.920000076293945
2016-11-10,19.8700008392334
2016-11-11,19.8700008392334
2016-11-14,19.440000534057617
2016-11-15,19.350000381469727
2016-11-16,19.350000381469727
2016-11-17,19.299999237060547
2016-11-18,19.299999237060547
2016-11-21,19.639999389648438
2016-11-22,19.799999237060547
2016-11-23,19.799999237060547
2016-11-25,19.799999237060547
2016-11-28,19.799999237060547
2016-11-29,19.729999542236328
2016-11-30,19.729999542236328
2016-12-01,19.829999923706055
2016-12-02,19.59000015258789
2016-12-05,19.59000015258789
2016-12-06,19.68000030517578
2016-12-07,19.84000015258789
2016-12-08,19.8700008392334
2016-12-09,19.84000015258789
2016-12-12,19.170000076293945
2016-12-13,19.530000686645508
2016-12-14,19.530000686645508
2016-12-15,19.0
2016-12-16,18.850000381469727
2016-12-19,18.84000015258789
2016-12-20,19.0
2016-12-21,18.84000015258789
2016-12-22,18.6200008392334
2016-12-23,18.459999084472656
2016-12-27,18.489999771118164
2016-12-28,18.489999771118164
2016-12-29,18.6200008392334
2016-12-30,19.020000457763672
2017-01-03,19.020000457763672
2017-01-04,19.020000457763672
2017-01-05,19.020000457763672
2017-01-06,19.450000762939453
2017-01-09,19.450000762939453
2017-01-10,19.989999771118164
2017-01-11,19.989999771118164
2017-01-12,19.989999771118164
2017-01-13,20.010000228881836
2017-01-17,20.010000228881836
2017-01-18,20.010000228881836
2017-01-19,20.079999923706055
2017-01-20,20.079999923706055
2017-01-23,20.079999923706055
2017-01-24,20.600000381469727
2017-01-25,20.600000381469727
2017-01-26,20.600000381469727
2017-01-27,20.600000381469727
2017-01-30,20.600000381469727
2017-01-31,20.600000381469727
2017-02-01,20.600000381469727
2017-02-02,20.600000381469727
2017-02-03,20.600000381469727
2017-02-06,20.600000381469727
2017-02-07,20.549999237060547
2017-02-08,20.549999237060547
2017-02-09,20.850000381469727
2017-02-10,20.850000381469727
2017-02-13,20.850000381469727
2017-02-14,20.850000381469727
2017-02-15,20.850000381469727
2017-02-16,21.440000534057617
2017-02-17,21.40999984741211
2017-02-21,21.40999984741211
2017-02-22,21.75
2017-02-23,22.040000915527344
2017-02-24,21.75
2017-02-27,21.559999465942383
2017-02-28,21.579999923706055
2017-03-01,21.579999923706055
2017-03-02,21.670000076293945
2017-03-03,21.75
2017-03-06,21.899999618530273
2017-03-07,22.100000381469727
2017-03-08,22.100000381469727
2017-03-09,21.959999084472656
2017-03-10,21.959999084472656
2017-03-13,22.670000076293945
2017-03-14,22.600000381469727
2017-03-15,22.860000610351562
2017-03-16,23.020000457763672
2017-03-17,22.790000915527344
2017-03-20,23.049999237060547
2017-03-21,22.780000686645508
2017-03-22,22.780000686645508
2017-03-23,22.780000686645508
2017-03-24,23.040000915527344
2017-03-27,22.350000381469727
2017-03-28,22.6299991607666
2017-03-29,22.520000457763672
2017-03-30,22.43000030517578
2017-03-31,22.280000686645508
2017-04-03,22.479999542236328
2017-04-04,22.690000534057617
2017-04-05,22.690000534057617
2017-04-06,22.690000534057617
2017-04-07,22.81999969482422
2017-04-10,22.639999389648438
2017-04-11,22.530000686645508
2017-04-12,22.530000686645508
2017-04-13,22.780000686645508
2017-04-17,22.780000686645508
2017-04-18,22.549999237060547
2017-04-19,22.34000015258789
2017-04-20,22.6200008392334
2017-04-21,22.510000228881836
2017-04-24,22.510000228881836
2017-04-25,22.579999923706055
2017-04-26,22.540000915527344
2017-04-27,22.09000015258789
2017-04-28,22.18000030517578
2017-05-01,22.420000076293945
2017-05-02,22.100000381469727
2017-05-03,21.969999313354492
2017-05-04,21.510000228881836
2017-05-05,21.510000228881836
2017-05-08,21.420000076293945
2017-05-09,21.829999923706055
2017-05-10,21.829999923706055
2017-05-11,21.6200008392334
2017-05-12,21.850000381469727
2017-05-15,21.850000381469727
2017-05-16,22.110000610351562
2017-05-17,21.770000457763672
2017-05-18,21.850000381469727
2017-05-19,21.850000381469727
2017-05-22,22.469999313354492
2017-05-23,22.229999542236328
2017-05-24,22.229999542236328
2017-05-25,22.760000228881836
2017-05-26,22.760000228881836
2017-05-30,22.940000534057617
2017-05-31,22.93000030517578
2017-06-01,23.030000686645508
2017-06-02,23.350000381469727
2017-06-05,23.3799991607666
2017-06-06,23.479999542236328
2017-06-07,23.520000457763672
2017-06-08,23.799999237060547
2017-06-09,23.329999923706055
2017-06-12,23.329999923706055
2017-06-13,23.639999389648438
2017-06-14,23.170000076293945
2017-06-15,23.170000076293945
2017-06-16,23.170000076293945
2017-06-19,23.3799991607666
2017-06-20,23.06999969482422
2017-06-21,23.15999984741211
2017-06-22,23.059999465942383
2017-06-23,22.8799991607666
2017-06-26,23.3799991607666
2017-06-27,23.3799991607666
2017-06-28,23.43000030517578
2017-06-29,23.6200008392334
2017-06-30,23.829999923706055
2017-07-03,24.049999237060547
2017-07-05,24.049999237060547
2017-07-06,23.799999237060547
2017-07-07,23.799999237060547
2017-07-10,23.68000030517578
2017-07-11,23.68000030517578
2017-07-12,23.68000030517578
2017-07-13,24.610000610351562
2017-07-14,25.1200008392334
2017-07-17,25.1200008392334
2017-07-18,24.850000381469727
2017-07-19,25.520000457763672
2017-07-20,25.690000534057617
2017-07-21,25.549999237060547
2017-07-24,25.5
2017-07-25,25.360000610351562
2017-07-26,25.670000076293945
2017-07-27,25.809999465942383
2017-07-28,25.799999237060547
2017-07-31,26.079999923706055
2017-08-01,25.950000762939453
2017-08-02,25.860000610351562
2017-08-03,25.81999969482422
2017-08-04,25.979999542236328
2017-08-07,26.18000030517578
2017-08-08,26.520000457763672
2017-08-09,26.549999237060547
2017-08-10,25.780000686645508
2017-08-11,25.450000762939453
2017-08-14,25.75
2017-08-15,25.520000457763672
2017-08-16,25.780000686645508
2017-08-17,25.3799991607666
2017-08-18,25.299999237060547
2017-08-21,25.81999969482422
2017-08-22,26.200000762939453
2017-08-23,26.079999923706055
2017-08-24,26.079999923706055
2017-08-25,26.899999618530273
2017-08-28,26.780000686645508
2017-08-29,26.780000686645508
2017-08-30,27.149999618530273
2017-08-31,27.329999923706055
2017-09-01,27.25
2017-09-05,27.170000076293945
2017-09-06,27.290000915527344
2017-09-07,27.719999313354492
2017-09-08,27.579999923706055
2017-09-11,28.25
2017-09-12,28.40999984741211
2017-09-13,28.559999465942383
2017-09-14,28.770000457763672
2017-09-15,29.15999984741211
2017-09-18,29.850000381469727
2017-09-19,29.959999084472656
2017-09-20,30.450000762939453
2017-09-21,30.68000030517578
2017-09-22,30.010000228881836
2017-09-25,28.200000762939453
2017-09-26,28.1200008392334
2017-09-27,28.639999389648438
2017-09-28,28.450000762939453
2017-09-29,29.059999465942383
2017-10-02,29.170000076293945
2017-10-03,29.899999618530273
2017-10-04,30.25
2017-10-05,30.729999542236328
2017-10-06,30.600000381469727
2017-10-09,30.229999542236328
2017-10-10,30.6299991607666
2017-10-11,29.950000762939453
2017-10-12,30.06999969482422
2017-10-13,30.579999923706055
2017-10-16,30.299999237060547
2017-10-17,29.959999084472656
2017-10-18,30.329999923706055
2017-10-19,29.579999923706055
2017-10-20,30.059999465942383
2017-10-23,30.1299991607666
2017-10-24,30.100000381469727
2017-10-25,30.100000381469727
2017-10-26,30.100000381469727
2017-10-27,29.540000915527344
2017-10-30,29.18000030517578
2017-10-31,29.59000015258789
2017-11-01,29.440000534057617
2017-11-02,29.540000915527344
2017-11-03,29.389999389648438
2017-11-06,29.459999084472656
2017-11-07,29.530000686645508
2017-11-08,29.600000381469727
2017-11-09,29.610000610351562
2017-11-10,29.940000534057617
2017-11-13,30.200000762939453
2017-11-14,29.559999465942383
2017-11-15,29.1299991607666
2017-11-16,29.479999542236328
2017-11-17,29.010000228881836
2017-11-20,29.1200008392334
2017-11-21,29.530000686645508
2017-11-22,29.6200008392334
2017-11-24,29.59000015258789
2017-11-27,28.649999618530273
2017-11-28,28.899999618530273
2017-11-29,28.889999389648438
2017-11-30,28.56999969482422
2017-12-01,28.360000610351562
2017-12-04,28.799999237060547
2017-12-05,28.440000534057617
2017-12-06,27.549999237060547
2017-12-07,27.229999542236328
2017-12-08,28.100000381469727
2017-12-11,28.139999389648438
2017-12-12,27.969999313354492
2017-12-13,28.520000457763672
2017-12-14,28.350000381469727
2017-12-15,28.010000228881836
2017-12-18,28.09000015258789
2017-12-19,27.68000030517578
2017-12-20,27.610000610351562
2017-12-21,28.15999984741211
2017-12-22,28.459999084472656
2017-12-26,28.440000534057617
2017-12-27,28.700000762939453
2017-12-28,29.450000762939453
2017-12-29,29.690000534057617
2018-01-02,30.6200008392334
2018-01-03,31.049999237060547
2018-01-04,31.100000381469727
2018-01-05,31.229999542236328
2018-01-08,32.20000076293945
2018-01-09,31.790000915527344
2018-01-10,32.18000030517578
2018-01-11,32.2400016784668
2018-01-12,32.83000183105469
2018-01-16,32.540000915527344
2018-01-17,32.61000061035156
2018-01-18,32.599998474121094
2018-01-19,33.38999938964844
2018-01-22,33.7599983215332
2018-01-23,33.63999938964844
2018-01-24,34.150001525878906
2018-01-25,34.119998931884766
2018-01-26,34.599998474121094
2018-01-29,34.380001068115234
2018-01-30,33.27000045776367
2018-01-31,33.47999954223633
2018-02-01,32.970001220703125
2018-02-02,32.90999984741211
2018-02-05,32.099998474121094
2018-02-06,32.599998474121094
2018-02-07,30.670000076293945
2018-02-08,29.31999969482422
2018-02-09,28.520000457763672
2018-02-12,30.399999618530273
2018-02-13,30.420000076293945
2018-02-14,30.799999237060547
2018-02-15,31.5
2018-02-16,31.790000915527344
2018-02-20,31.1200008392334
2018-02-21,32.06999969482422
2018-02-22,31.899999618530273
2018-02-23,32.25
2018-02-26,32.81999969482422
2018-02-27,31.3700008392334
2018-02-28,31.309999465942383
2018-03-01,31.34000015258789
2018-03-02,31.0
2018-03-05,30.6299991607666
2018-03-06,31.40999984741211
2018-03-07,31.110000610351562
2018-03-08,30.81999969482422
2018-03-09,31.290000915527344
2018-03-12,31.690000534057617
2018-03-13,31.68000030517578
2018-03-14,31.600000381469727
2018-03-15,31.299999237060547
2018-03-16,31.90999984741211
2018-03-19,31.43000030517578
2018-03-20,32.06999969482422
2018-03-21,32.11000061035156
2018-03-22,31.200000762939453
2018-03-23,29.56999969482422
2018-03-26,30.899999618530273
2018-03-27,30.940000534057617
2018-03-28,30.270000457763672
2018-03-29,30.549999237060547
2018-04-02,30.079999923706055
2018-04-03,30.6299991607666
2018-04-04,30.889999389648438
2018-04-05,30.889999389648438
2018-04-06,31.079999923706055
2018-04-09,30.6200008392334
2018-04-10,31.559999465942383
2018-04-11,31.559999465942383
2018-04-12,31.559999465942383
2018-04-13,31.610000610351562
2018-04-16,31.079999923706055
2018-04-17,31.100000381469727
2018-04-18,30.309999465942383
2018-04-19,30.969999313354492
2018-04-20,30.3799991607666
2018-04-23,30.549999237060547
2018-04-24,30.899999618530273
2018-04-25,30.729999542236328
2018-04-26,30.860000610351562
2018-04-27,31.059999465942383
2018-04-30,31.360000610351562
2018-05-01,30.450000762939453
2018-05-02,30.799999237060547
2018-05-03,30.469999313354492
2018-05-04,30.59000015258789
2018-05-07,30.760000228881836
2018-05-08,31.280000686645508
2018-05-09,31.360000610351562
2018-05-10,31.959999084472656
2018-05-11,31.969999313354492
2018-05-14,32.279998779296875
2018-05-15,31.889999389648438
2018-05-16,32.459999084472656
2018-05-17,32.20000076293945
2018-05-18,32.25
2018-05-21,32.2400016784668
2018-05-22,32.40999984741211
2018-05-23,32.290000915527344
2018-05-24,31.8700008392334
2018-05-25,31.90999984741211
2018-05-29,31.8799991607666
2018-05-30,31.510000228881836
2018-05-31,32.0
2018-06-01,31.90999984741211
2018-06-04,32.650001525878906
2018-06-05,32.869998931884766
2018-06-06,33.45000076293945
2018-06-07,32.939998626708984
2018-06-08,33.220001220703125
2018-06-11,32.63999938964844
2018-06-12,33.060001373291016
2018-06-13,32.77000045776367
2018-06-14,32.619998931884766
2018-06-15,32.470001220703125
2018-06-18,31.780000686645508
2018-06-19,30.920000076293945
2018-06-20,31.079999923706055
2018-06-21,30.399999618530273
2018-06-22,30.889999389648438
2018-06-25,30.1299991607666
2018-06-26,29.459999084472656
2018-06-27,28.649999618530273
2018-06-28,28.049999237060547
2018-06-29,28.93000030517578
2018-07-02,28.25
2018-07-03,28.59000015258789
2018-07-05,27.56999969482422
2018-07-06,27.690000534057617
2018-07-09,28.3700008392334
2018-07-10,28.239999771118164
2018-07-11,27.93000030517578
2018-07-12,28.549999237060547
2018-07-13,28.549999237060547
2018-07-16,28.43000030517578
2018-07-17,28.420000076293945
2018-07-18,28.139999389648438
2018-07-19,27.860000610351562
2018-07-20,28.34000015258789
2018-07-23,28.18000030517578
2018-07-24,29.139999389648438
2018-07-25,29.25
2018-07-26,29.18000030517578
2018-07-27,29.110000610351562
2018-07-30,28.90999984741211
2018-07-31,29.329999923706055
2018-08-01,28.579999923706055
2018-08-02,28.139999389648438
2018-08-03,27.780000686645508
2018-08-06,27.459999084472656
2018-08-07,28.329999923706055
2018-08-08,28.190000534057617
2018-08-09,28.670000076293945
2018-08-10,28.030000686645508
2018-08-13,28.030000686645508
2018-08-14,27.579999923706055
2018-08-15,26.260000228881836
2018-08-16,26.260000228881836
2018-08-17,26.75
2018-08-20,26.770000457763672
2018-08-21,28.049999237060547
2018-08-22,27.93000030517578
2018-08-23,27.540000915527344
2018-08-24,27.65999984741211
2018-08-27,28.229999542236328
2018-08-28,27.610000610351562
2018-08-29,28.139999389648438
2018-08-30,27.420000076293945
2018-08-31,27.5
2018-09-04,27.450000762939453
2018-09-05,27.010000228881836
2018-09-06,26.989999771118164
2018-09-07,27.299999237060547
2018-09-10,26.40999984741211
2018-09-11,26.020000457763672
2018-09-12,26.59000015258789
2018-09-13,26.780000686645508
2018-09-14,26.049999237060547
2018-09-17,25.889999389648438
2018-09-18,26.690000534057617
2018-09-19,27.31999969482422
2018-09-20,27.350000381469727
2018-09-21,28.06999969482422
2018-09-24,27.420000076293945
2018-09-25,27.5
2018-09-26,27.510000228881836
2018-09-27,27.420000076293945
2018-09-28,27.540000915527344
2018-10-01,27.469999313354492
2018-10-02,27.469999313354492
2018-10-03,26.899999618530273
2018-10-04,25.93000030517578
2018-10-05,26.110000610351562
2018-10-08,25.600000381469727
2018-10-09,25.899999618530273
2018-10-10,25.219999313354492
2018-10-11,24.43000030517578
2018-10-12,25.1299991607666
2018-10-15,24.850000381469727
2018-10-16,25.0
2018-10-17,25.0
2018-10-18,25.0
2018-10-19,24.93000030517578
2018-10-22,25.510000228881836
2018-10-23,24.729999542236328
2018-10-24,24.43000030517578
2018-10-25,24.290000915527344
2018-10-26,24.010000228881836
2018-10-29,23.299999237060547
2018-10-30,23.549999237060547
2018-10-31,24.209999084472656
2018-11-01,25.219999313354492
2018-11-02,25.780000686645508
2018-11-05,25.170000076293945
2018-11-06,25.43000030517578
2018-11-07,25.43000030517578
2018-11-08,25.25
2018-11-09,24.799999237060547
2018-11-12,24.65999984741211
2018-11-13,24.65999984741211
2018-11-14,25.15999984741211
2018-11-15,25.15999984741211
2018-11-16,25.600000381469727
2018-11-19,25.25
2018-11-20,25.25
2018-11-21,25.450000762939453
2018-11-23,25.450000762939453
2018-11-26,24.969999313354492
2018-11-27,25.0
2018-11-28,25.0
2018-11-29,25.450000762939453
2018-11-30,25.670000076293945
2018-12-03,26.270000457763672
2018-12-04,25.81999969482422
2018-12-06,25.209999084472656
2018-12-07,25.209999084472656
2018-12-10,24.5
2018-12-11,24.479999542236328
2018-12-12,24.850000381469727
2018-12-13,25.40999984741211
2018-12-14,24.799999237060547
2018-12-17,24.6299991607666
2018-12-18,24.43000030517578
2018-12-19,24.299999237060547
2018-12-20,23.600000381469727
2018-12-21,23.190000534057617
2018-12-24,23.190000534057617
2018-12-26,23.510000228881836
2018-12-27,23.079999923706055
2018-12-28,23.6200008392334
2018-12-31,23.6200008392334
2019-01-02,23.489999771118164
2019-01-03,23.489999771118164
2019-01-04,23.540000915527344
2019-01-07,23.540000915527344
2019-01-08,23.860000610351562
2019-01-09,24.31999969482422
2019-01-10,24.520000457763672
2019-01-11,24.389999389648438
2019-01-14,24.31999969482422
2019-01-15,24.56999969482422
2019-01-16,25.030000686645508
2019-01-17,25.0
2019-01-18,25.399999618530273
2019-01-22,24.68000030517578
2019-01-23,25.06999969482422
2019-01-24,25.260000228881836
2019-01-25,25.510000228881836
2019-01-28,25.059999465942383
2019-01-29,25.059999465942383
2019-01-30,25.799999237060547
2019-01-31,25.799999237060547
2019-02-01,26.1299991607666
2019-02-04,26.1299991607666
2019-02-05,26.84000015258789
2019-02-06,26.5
2019-02-07,26.030000686645508
2019-02-08,26.06999969482422
2019-02-11,26.329999923706055
2019-02-12,26.34000015258789
2019-02-13,26.56999969482422
2019-02-14,26.739999771118164
2019-02-15,26.200000762939453
2019-02-19,26.639999389648438
2019-02-20,26.829999923706055
2019-02-21,26.8700008392334
2019-02-22,27.149999618530273
2019-02-25,27.6299991607666
2019-02-26,27.6299991607666
2019-02-27,26.979999542236328
2019-02-28,26.700000762939453
2019-03-01,27.139999389648438
2019-03-04,27.639999389648438
2019-03-05,27.889999389648438
2019-03-06,27.760000228881836
2019-03-07,27.09000015258789
2019-03-08,26.260000228881836
2019-03-11,26.510000228881836
2019-03-12,27.40999984741211
2019-03-13,27.170000076293945
2019-03-14,26.790000915527344
2019-03-15,27.100000381469727
2019-03-18,27.700000762939453
2019-03-19,27.600000381469727
2019-03-20,27.280000686645508
2019-03-21,27.40999984741211
2019-03-22,27.40999984741211
2019-03-25,26.780000686645508
2019-03-26,26.860000610351562
2019-03-27,26.860000610351562
2019-03-28,27.139999389648438
2019-03-29,27.219999313354492
2019-04-01,27.850000381469727
2019-04-02,27.860000610351562
2019-04-03,28.149999618530273
2019-04-04,28.489999771118164
2019-04-05,28.65999984741211
2019-04-08,28.709999084472656
2019-04-09,28.709999084472656
2019-04-10,28.540000915527344
2019-04-11,28.6200008392334
2019-04-12,28.920000076293945
2019-04-15,28.719999313354492
2019-04-16,28.469999313354492
2019-04-17,28.520000457763672
2019-04-18,28.709999084472656
2019-04-22,28.350000381469727
2019-04-23,28.200000762939453
2019-04-24,27.799999237060547
2019-04-25,27.670000076293945
2019-04-26,27.780000686645508
2019-04-29,27.780000686645508
2019-04-30,27.520000457763672
2019-05-01,27.520000457763672
2019-05-02,27.139999389648438
2019-05-03,27.959999084472656
2019-05-06,26.5
2019-05-07,25.889999389648438
2019-05-08,26.020000457763672
2019-05-09,25.559999465942383
2019-05-10,25.59000015258789
2019-05-13,24.8700008392334
2019-05-14,25.149999618530273
2019-05-15,25.3700008392334
2019-05-16,25.479999542236328
2019-05-17,25.170000076293945
2019-05-20,24.3799991607666
2019-05-21,24.799999237060547
2019-05-22,24.780000686645508
2019-05-23,24.219999313354492
2019-05-24,24.280000686645508
2019-05-28,24.829999923706055
2019-05-29,24.989999771118164
2019-05-30,25.1299991607666
2019-05-31,25.190000534057617
2019-06-03,25.420000076293945
2019-06-04,25.09000015258789
2019-06-05,25.049999237060547
2019-06-06,25.15999984741211
2019-06-07,25.5
2019-06-10,25.5
2019-06-11,26.100000381469727
2019-06-12,25.8700008392334
2019-06-13,25.899999618530273
2019-06-14,25.329999923706055
2019-06-17,25.350000381469727
2019-06-18,25.639999389648438
2019-06-19,25.709999084472656
2019-06-20,26.209999084472656
2019-06-21,25.940000534057617
2019-06-24,26.040000915527344
2019-06-25,25.860000610351562
2019-06-26,26.1299991607666
2019-06-27,26.139999389648438
2019-06-28,26.239999771118164
2019-07-01,26.790000915527344
2019-07-02,27.049999237060547
2019-07-03,26.760000228881836
2019-07-05,26.239999771118164
2019-07-08,26.139999389648438
2019-07-09,25.969999313354492
2019-07-10,25.969999313354492
2019-07-11,25.75
2019-07-12,25.75
2019-07-15,25.75
2019-07-16,26.43000030517578
2019-07-17,26.209999084472656
2019-07-18,26.170000076293945
2019-07-19,26.31999969482422
2019-07-22,26.0
2019-07-23,25.860000610351562
2019-07-24,25.90999984741211
2019-07-25,25.700000762939453
2019-07-26,25.719999313354492
2019-07-29,25.530000686645508
2019-07-30,25.280000686645508
2019-07-31,25.3700008392334
2019-08-01,23.889999389648438
2019-08-02,24.0
2019-08-05,22.829999923706055
2019-08-06,23.149999618530273
2019-08-07,23.219999313354492
2019-08-08,23.559999465942383
2019-08-09,23.420000076293945
2019-08-12,22.809999465942383
2019-08-13,22.809999465942383
2019-08-14,22.440000534057617
2019-08-15,22.8799991607666
2019-08-16,22.8799991607666
2019-08-19,24.010000228881836
2019-08-20,23.959999084472656
2019-08-21,23.959999084472656
2019-08-22,23.959999084472656
2019-08-23,23.540000915527344
2019-08-26,23.860000610351562
2019-08-27,24.149999618530273
2019-08-28,24.149999618530273
2019-08-29,24.190000534057617
2019-08-30,23.8700008392334
2019-09-03,24.030000686645508
2019-09-04,24.030000686645508
2019-09-05,24.809999465942383
2019-09-06,24.809999465942383
2019-09-09,24.979999542236328
2019-09-10,24.979999542236328
2019-09-11,25.149999618530273
2019-09-12,25.149999618530273
2019-09-13,25.729999542236328
2019-09-16,25.739999771118164
2019-09-17,25.360000610351562
2019-09-18,25.360000610351562
2019-09-19,25.360000610351562
2019-09-20,24.950000762939453
2019-09-23,24.719999313354492
2019-09-24,24.719999313354492
2019-09-25,24.149999618530273
2019-09-26,23.979999542236328
2019-09-27,23.81999969482422
2019-09-30,23.93000030517578
2019-10-01,23.780000686645508
2019-10-02,23.65999984741211
2019-10-03,24.030000686645508
2019-10-04,24.09000015258789
2019-10-07,24.059999465942383
2019-10-08,24.059999465942383
2019-10-09,24.239999771118164
2019-10-10,24.5
2019-10-11,25.139999389648438
2019-10-14,25.09000015258789
2019-10-15,25.030000686645508
2019-10-16,25.030000686645508
2019-10-17,25.290000915527344
2019-10-18,25.09000015258789
2019-10-21,25.280000686645508
2019-10-22,25.280000686645508
2019-10-23,25.040000915527344
2019-10-24,25.1200008392334
2019-10-25,25.1200008392334
2019-10-28,25.540000915527344
2019-10-29,25.280000686645508
2019-10-30,25.200000762939453
2019-10-31,25.059999465942383
2019-11-01,25.610000610351562
2019-11-04,25.610000610351562
2019-11-05,25.90999984741211
2019-11-06,26.049999237060547
2019-11-07,26.190000534057617
2019-11-08,26.1299991607666
2019-11-11,25.280000686645508
2019-11-12,25.3700008392334
2019-11-13,25.170000076293945
2019-11-14,24.940000534057617
2019-11-15,24.809999465942383
2019-11-18,25.139999389648438
2019-11-19,25.489999771118164
2019-11-20,25.40999984741211
2019-11-21,25.43000030517578
2019-11-22,25.350000381469727
2019-11-25,25.8700008392334
2019-11-26,25.760000228881836
2019-11-27,25.760000228881836
2019-11-29,24.920000076293945
2019-12-02,24.920000076293945
2019-12-03,24.920000076293945
2019-12-04,25.079999923706055
2019-12-05,25.079999923706055
2019-12-06,25.329999923706055
2019-12-09,25.329999923706055
2019-12-10,25.329999923706055
2019-12-11,25.68000030517578
2019-12-12,25.829999923706055
2019-12-13,25.829999923706055
2019-12-16,25.899999618530273
2019-12-17,26.040000915527344
2019-12-18,26.040000915527344
2019-12-19,25.969999313354492
2019-12-20,26.040000915527344
2019-12-23,26.040000915527344
2019-12-24,26.040000915527344
2019-12-26,26.360000610351562
2019-12-27,26.59000015258789
2019-12-30,26.790000915527344
2019-12-31,26.950000762939453
2020-01-02,27.399999618530273
2020-01-03,27.399999618530273
2020-01-06,27.030000686645508
2020-01-07,27.219999313354492
2020-01-08,27.219999313354492
2020-01-09,27.459999084472656
2020-01-10,27.469999313354492
2020-01-13,27.260000228881836
2020-01-14,27.15999984741211
2020-01-15,27.15999984741211
2020-01-16,27.350000381469727
2020-01-17,27.350000381469727
2020-01-21,26.299999237060547
2020-01-22,26.260000228881836
2020-01-23,25.760000228881836
2020-01-24,25.459999084472656
2020-01-27,24.479999542236328
2020-01-28,24.639999389648438
2020-01-29,24.690000534057617
2020-01-30,24.200000762939453
2020-01-31,23.59000015258789
2020-02-03,23.760000228881836
2020-02-04,24.68000030517578
2020-02-05,24.68000030517578
2020-02-06,24.8799991607666
2020-02-07,24.8799991607666
2020-02-10,25.049999237060547
2020-02-11,25.649999618530273
2020-02-12,26.059999465942383
2020-02-13,25.979999542236328
2020-02-14,26.200000762939453
2020-02-18,26.059999465942383
2020-02-19,26.229999542236328
2020-02-20,25.8799991607666
2020-02-21,25.8799991607666
2020-02-24,25.110000610351562
2020-02-25,24.729999542236328
2020-02-26,25.239999771118164
2020-02-27,25.15999984741211
2020-02-28,24.770000457763672
2020-03-02,25.719999313354492
2020-03-03,25.610000610351562
2020-03-04,25.610000610351562
2020-03-05,25.68000030517578
2020-03-06,25.290000915527344
2020-03-09,23.829999923706055
2020-03-10,24.610000610351562
2020-03-11,23.950000762939453
2020-03-12,21.969999313354492
2020-03-13,23.09000015258789
2020-03-16,20.3700008392334
2020-03-17,20.850000381469727
2020-03-18,19.43000030517578
2020-03-19,19.65999984741211
2020-03-20,19.940000534057617
2020-03-23,19.709999084472656
2020-03-24,21.170000076293945
2020-03-25,21.670000076293945
2020-03-26,22.520000457763672
2020-03-27,21.75
2020-03-30,22.059999465942383
2020-03-31,22.219999313354492
2020-04-01,21.079999923706055
2020-04-02,22.139999389648438
2020-04-03,21.90999984741211
2020-04-06,22.530000686645508
2020-04-07,22.540000915527344
2020-04-08,22.639999389648438
2020-04-09,22.940000534057617
2020-04-13,23.170000076293945
2020-04-14,23.489999771118164
2020-04-15,22.760000228881836
2020-04-16,22.649999618530273
2020-04-17,23.200000762939453
2020-04-20,23.049999237060547
2020-04-21,22.389999389648438
2020-04-22,22.8700008392334
2020-04-23,22.8700008392334
2020-04-24,22.8799991607666
2020-04-27,23.239999771118164
2020-04-28,23.239999771118164
2020-04-29,23.979999542236328
2020-04-30,23.290000915527344
2020-05-01,22.43000030517578
2020-05-04,22.81999969482422
2020-05-05,22.989999771118164
2020-05-06,23.020000457763672
2020-05-07,23.200000762939453
2020-05-08,23.690000534057617
2020-05-11,23.670000076293945
2020-05-12,23.5
2020-05-13,23.5
2020-05-14,23.56999969482422
2020-05-15,23.56999969482422
2020-05-18,24.299999237060547
2020-05-19,24.299999237060547
2020-05-20,24.049999237060547
2020-05-21,23.31999969482422
2020-05-22,22.700000762939453
2020-05-26,23.110000610351562
2020-05-27,22.860000610351562
2020-05-28,22.799999237060547
2020-05-29,23.350000381469727
2020-06-01,23.93000030517578
2020-06-02,24.59000015258789
2020-06-03,24.989999771118164
2020-06-04,24.739999771118164
2020-06-05,24.8700008392334
2020-06-08,25.030000686645508
2020-06-09,24.860000610351562
2020-06-10,25.149999618530273
2020-06-11,23.969999313354492
2020-06-12,24.549999237060547
2020-06-15,24.34000015258789
2020-06-16,24.59000015258789
2020-06-17,24.84000015258789
2020-06-18,25.079999923706055
2020-06-19,25.18000030517578
2020-06-22,25.40999984741211
2020-06-23,25.3799991607666
2020-06-24,25.010000228881836
2020-06-25,24.56999969482422
2020-06-26,24.559999465942383
2020-06-29,24.43000030517578
2020-06-30,23.90999984741211
2020-07-01,24.280000686645508
2020-07-02,25.329999923706055
2020-07-06,27.709999084472656
2020-07-07,26.93000030517578
2020-07-08,27.3799991607666
2020-07-09,27.06999969482422
2020-07-10,26.8700008392334
2020-07-13,27.219999313354492
2020-07-14,26.81999969482422
2020-07-15,26.6299991607666
2020-07-16,26.6299991607666
2020-07-17,25.850000381469727
2020-07-20,26.360000610351562
2020-07-21,26.559999465942383
2020-07-22,26.59000015258789
2020-07-23,26.600000381469727
2020-07-24,26.149999618530273
2020-07-27,25.93000030517578
2020-07-28,26.09000015258789
2020-07-29,26.530000686645508
2020-07-30,26.450000762939453
2020-07-31,26.389999389648438
2020-08-03,26.940000534057617
2020-08-04,27.299999237060547
2020-08-05,27.770000457763672
2020-08-06,27.6200008392334
2020-08-07,27.209999084472656
2020-08-10,27.200000762939453
2020-08-11,26.950000762939453
2020-08-12,26.920000076293945
2020-08-13,27.100000381469727
2020-08-14,27.190000534057617
2020-08-17,27.489999771118164
2020-08-18,27.350000381469727
2020-08-19,27.200000762939453
2020-08-20,27.219999313354492
2020-08-21,27.25
2020-08-24,27.31999969482422
2020-08-25,27.639999389648438
2020-08-26,27.299999237060547
2020-08-27,27.299999237060547
2020-08-28,27.690000534057617
2020-08-31,27.389999389648438
2020-09-01,27.729999542236328
2020-09-02,28.100000381469727
2020-09-03,27.739999771118164
2020-09-04,27.979999542236328
2020-09-08,26.760000228881836
2020-09-09,26.8799991607666
2020-09-10,26.309999465942383
2020-09-11,26.709999084472656
2020-09-14,27.149999618530273
2020-09-15,27.149999618530273
2020-09-16,27.5
2020-09-17,27.5
2020-09-18,27.5
2020-09-21,26.93000030517578
2020-09-22,26.690000534057617
2020-09-23,26.469999313354492
2020-09-24,25.649999618530273
2020-09-25,25.18000030517578
2020-09-28,25.700000762939453
2020-09-29,25.690000534057617
2020-09-30,26.040000915527344
2020-10-01,26.43000030517578
2020-10-02,26.43000030517578
2020-10-05,25.899999618530273
2020-10-06,26.549999237060547
2020-10-07,26.549999237060547
2020-10-08,26.889999389648438
2020-10-09,27.139999389648438
2020-10-12,27.489999771118164
2020-10-13,27.31999969482422
2020-10-14,27.31999969482422
2020-10-15,26.829999923706055
2020-10-16,26.889999389648438
2020-10-19,26.479999542236328
2020-10-20,26.479999542236328
2020-10-21,26.93000030517578
2020-10-22,26.93000030517578
2020-10-23,26.729999542236328
2020-10-26,26.729999542236328
2020-10-27,26.639999389648438
2020-10-28,26.1200008392334
2020-10-29,26.1200008392334
2020-10-30,25.969999313354492
2020-11-02,26.200000762939453
2020-11-03,26.610000610351562
2020-11-04,27.31999969482422
2020-11-05,27.8700008392334
2020-11-06,27.860000610351562
2020-11-09,28.290000915527344
2020-11-10,28.209999084472656
2020-11-11,28.170000076293945
2020-11-12,27.8700008392334
2020-11-13,28.1299991607666
2020-11-16,28.510000228881836
2020-11-17,28.290000915527344
2020-11-18,28.209999084472656
2020-11-19,28.270000457763672
2020-11-20,28.450000762939453
2020-11-23,28.420000076293945
2020-11-24,28.540000915527344
2020-11-25,27.989999771118164
2020-11-27,28.43000030517578
2020-11-30,27.770000457763672
2020-12-01,28.139999389648438
2020-12-02,27.81999969482422
2020-12-03,27.809999465942383
2020-12-04,27.8799991607666
2020-12-07,27.610000610351562
2020-12-08,27.6200008392334
2020-12-09,27.6200008392334
2020-12-10,27.469999313354492
2020-12-11,27.31999969482422
2020-12-14,27.459999084472656
2020-12-15,27.760000228881836
2020-12-16,27.950000762939453
2020-12-17,28.239999771118164
2020-12-18,28.440000534057617
2020-12-21,28.190000534057617
2020-12-22,27.860000610351562
2020-12-23,28.200000762939453
2020-12-24,27.899999618530273
2020-12-28,28.059999465942383
2020-12-29,28.139999389648438
2020-12-30,28.510000228881836
2020-12-31,28.780000686645508
2021-01-04,28.690000534057617
2021-01-05,29.329999923706055
2021-01-06,29.3799991607666
2021-01-07,29.360000610351562
2021-01-08,29.639999389648438
2021-01-11,29.190000534057617
2021-01-12,29.520000457763672
2021-01-13,29.649999618530273
2021-01-14,29.049999237060547
2021-01-15,28.649999618530273
2021-01-19,29.549999237060547
2021-01-20,30.559999465942383
2021-01-21,30.34000015258789
2021-01-22,29.979999542236328
2021-01-25,30.200000762939453
2021-01-26,29.81999969482422
2021-01-27,28.780000686645508
2021-01-28,28.059999465942383
2021-01-29,27.649999618530273
2021-02-01,28.260000228881836
2021-02-02,29.09000015258789
2021-02-03,29.100000381469727
2021-02-04,28.520000457763672
2021-02-05,28.43000030517578
2021-02-08,28.8700008392334
2021-02-09,29.75
2021-02-10,29.790000915527344
2021-02-11,30.079999923706055
2021-02-12,30.329999923706055
2021-02-16,31.34000015258789
2021-02-17,31.899999618530273
2021-02-18,30.989999771118164
2021-02-19,31.6299991607666
2021-02-22,31.1299991607666
2021-02-23,31.280000686645508
2021-02-24,30.31999969482422
2021-02-25,30.489999771118164
2021-02-26,29.700000762939453
2021-03-01,30.510000228881836
2021-03-02,29.829999923706055
2021-03-03,30.049999237060547
2021-03-04,28.920000076293945
2021-03-05,28.799999237060547
2021-03-08,27.81999969482422
2021-03-09,28.520000457763672
2021-03-10,28.389999389648438
2021-03-11,29.920000076293945
2021-03-12,29.6200008392334
2021-03-15,29.610000610351562
2021-03-16,29.979999542236328
2021-03-17,30.079999923706055
2021-03-18,29.729999542236328
2021-03-19,29.770000457763672
2021-03-22,29.940000534057617
2021-03-23,29.270000457763672
2021-03-24,27.530000686645508
2021-03-25,28.049999237060547
2021-03-26,29.18000030517578
2021-03-29,29.459999084472656
2021-03-30,29.719999313354492
2021-03-31,29.68000030517578
2021-04-01,29.68000030517578
2021-04-05,30.139999389648438
2021-04-06,30.139999389648438
2021-04-07,30.229999542236328
2021-04-08,30.510000228881836
2021-04-09,30.239999771118164
2021-04-12,29.670000076293945
2021-04-13,29.56999969482422
2021-04-14,29.65999984741211
2021-04-15,30.200000762939453
2021-04-16,30.600000381469727
2021-04-19,30.790000915527344
2021-04-20,30.600000381469727
2021-04-21,30.709999084472656
2021-04-22,30.93000030517578
2021-04-23,31.139999389648438
2021-04-26,30.84000015258789
2021-04-27,30.739999771118164
2021-04-28,30.809999465942383
2021-04-29,30.65999984741211
2021-04-30,30.18000030517578
2021-05-03,30.299999237060547
2021-05-04,30.68000030517578
2021-05-05,31.1200008392334
2021-05-06,31.190000534057617
2021-05-07,31.200000762939453
2021-05-10,31.549999237060547
2021-05-11,31.079999923706055
2021-05-12,30.690000534057617
2021-05-13,30.190000534057617
2021-05-14,30.40999984741211
