,FRGI
2012-04-26,12.5
2012-04-27,12.0
2012-04-30,12.0
2012-05-01,11.25
2012-05-02,11.149999618530273
2012-05-03,11.149999618530273
2012-05-04,11.149999618530273
2012-05-07,11.100000381469727
2012-05-08,11.5
2012-05-09,12.350000381469727
2012-05-10,12.529999732971191
2012-05-11,12.25
2012-05-14,12.149999618530273
2012-05-15,12.100000381469727
2012-05-16,12.140000343322754
2012-05-17,12.029999732971191
2012-05-18,11.699999809265137
2012-05-21,12.020000457763672
2012-05-22,11.75
2012-05-23,11.699999809265137
2012-05-24,12.300000190734863
2012-05-25,12.289999961853027
2012-05-29,12.34000015258789
2012-05-30,12.170000076293945
2012-05-31,12.199999809265137
2012-06-01,12.029999732971191
2012-06-04,12.0
2012-06-05,11.760000228881836
2012-06-06,12.350000381469727
2012-06-07,12.359999656677246
2012-06-08,12.710000038146973
2012-06-11,12.289999961853027
2012-06-12,12.109999656677246
2012-06-13,11.989999771118164
2012-06-14,12.029999732971191
2012-06-15,12.09000015258789
2012-06-18,12.0600004196167
2012-06-19,12.399999618530273
2012-06-20,13.0
2012-06-21,12.75
2012-06-22,12.529999732971191
2012-06-25,12.529999732971191
2012-06-26,12.59000015258789
2012-06-27,12.75
2012-06-28,12.770000457763672
2012-06-29,13.229999542236328
2012-07-02,13.15999984741211
2012-07-03,13.869999885559082
2012-07-05,14.529999732971191
2012-07-06,14.369999885559082
2012-07-09,14.529999732971191
2012-07-10,14.520000457763672
2012-07-11,14.970000267028809
2012-07-12,15.079999923706055
2012-07-13,15.5600004196167
2012-07-16,15.119999885559082
2012-07-17,15.550000190734863
2012-07-18,15.920000076293945
2012-07-19,15.630000114440918
2012-07-20,15.0
2012-07-23,14.970000267028809
2012-07-24,14.970000267028809
2012-07-25,15.020000457763672
2012-07-26,15.039999961853027
2012-07-27,15.149999618530273
2012-07-30,15.300000190734863
2012-07-31,15.390000343322754
2012-08-01,15.229999542236328
2012-08-02,15.270000457763672
2012-08-03,15.739999771118164
2012-08-06,15.9399995803833
2012-08-07,16.360000610351562
2012-08-08,15.3100004196167
2012-08-09,15.920000076293945
2012-08-10,16.139999389648438
2012-08-13,16.15999984741211
2012-08-14,16.09000015258789
2012-08-15,16.0
2012-08-16,16.18000030517578
2012-08-17,16.420000076293945
2012-08-20,16.559999465942383
2012-08-21,16.75
2012-08-22,16.549999237060547
2012-08-23,16.15999984741211
2012-08-24,15.890000343322754
2012-08-27,15.899999618530273
2012-08-28,15.850000381469727
2012-08-29,15.449999809265137
2012-08-30,15.75
2012-08-31,16.059999465942383
2012-09-04,15.829999923706055
2012-09-05,15.890000343322754
2012-09-06,16.18000030517578
2012-09-07,16.25
2012-09-10,16.200000762939453
2012-09-11,16.299999237060547
2012-09-12,16.239999771118164
2012-09-13,16.3799991607666
2012-09-14,16.3799991607666
2012-09-17,16.649999618530273
2012-09-18,16.739999771118164
2012-09-19,16.8799991607666
2012-09-20,17.0
2012-09-21,16.760000228881836
2012-09-24,16.610000610351562
2012-09-25,16.200000762939453
2012-09-26,15.890000343322754
2012-09-27,15.850000381469727
2012-09-28,15.869999885559082
2012-10-01,15.550000190734863
2012-10-02,15.489999771118164
2012-10-03,15.1899995803833
2012-10-04,15.25
2012-10-05,14.359999656677246
2012-10-08,14.460000038146973
2012-10-09,14.550000190734863
2012-10-10,14.380000114440918
2012-10-11,14.4399995803833
2012-10-12,14.430000305175781
2012-10-15,14.640000343322754
2012-10-16,14.680000305175781
2012-10-17,14.670000076293945
2012-10-18,13.960000038146973
2012-10-19,13.390000343322754
2012-10-22,13.399999618530273
2012-10-23,13.220000267028809
2012-10-24,13.069999694824219
2012-10-25,13.149999618530273
2012-10-26,13.140000343322754
2012-10-31,13.220000267028809
2012-11-01,13.420000076293945
2012-11-02,13.100000381469727
2012-11-05,13.1899995803833
2012-11-06,13.5
2012-11-07,13.489999771118164
2012-11-08,13.460000038146973
2012-11-09,13.460000038146973
2012-11-12,13.520000457763672
2012-11-13,15.350000381469727
2012-11-14,14.390000343322754
2012-11-15,14.649999618530273
2012-11-16,15.010000228881836
2012-11-19,15.199999809265137
2012-11-20,14.989999771118164
2012-11-21,14.979999542236328
2012-11-23,15.260000228881836
2012-11-26,15.050000190734863
2012-11-27,14.5
2012-11-28,14.84000015258789
2012-11-29,15.020000457763672
2012-11-30,15.039999961853027
2012-12-03,14.579999923706055
2012-12-04,14.130000114440918
2012-12-05,14.069999694824219
2012-12-06,13.720000267028809
2012-12-07,13.520000457763672
2012-12-10,14.050000190734863
2012-12-11,13.9399995803833
2012-12-12,13.920000076293945
2012-12-13,15.100000381469727
2012-12-14,15.710000038146973
2012-12-17,16.420000076293945
2012-12-18,15.510000228881836
2012-12-19,15.180000305175781
2012-12-20,15.239999771118164
2012-12-21,15.199999809265137
2012-12-24,15.25
2012-12-26,15.270000457763672
2012-12-27,15.260000228881836
2012-12-28,15.119999885559082
2012-12-31,15.319999694824219
2013-01-02,16.399999618530273
2013-01-03,16.399999618530273
2013-01-04,16.420000076293945
2013-01-07,16.399999618530273
2013-01-08,16.34000015258789
2013-01-09,16.510000228881836
2013-01-10,16.639999389648438
2013-01-11,16.549999237060547
2013-01-14,16.649999618530273
2013-01-15,16.889999389648438
2013-01-16,17.049999237060547
2013-01-17,18.209999084472656
2013-01-18,18.690000534057617
2013-01-22,18.559999465942383
2013-01-23,18.219999313354492
2013-01-24,17.559999465942383
2013-01-25,18.06999969482422
2013-01-28,18.25
2013-01-29,18.200000762939453
2013-01-30,18.020000457763672
2013-01-31,17.809999465942383
2013-02-01,18.309999465942383
2013-02-04,17.90999984741211
2013-02-05,18.239999771118164
2013-02-06,18.25
2013-02-07,18.010000228881836
2013-02-08,18.299999237060547
2013-02-11,18.639999389648438
2013-02-12,19.510000228881836
2013-02-13,20.1299991607666
2013-02-14,20.540000915527344
2013-02-15,20.459999084472656
2013-02-19,20.84000015258789
2013-02-20,20.440000534057617
2013-02-21,20.459999084472656
2013-02-22,20.1299991607666
2013-02-25,21.270000457763672
2013-02-26,22.010000228881836
2013-02-27,22.3799991607666
2013-02-28,22.600000381469727
2013-03-01,22.43000030517578
2013-03-04,22.8700008392334
2013-03-05,24.030000686645508
2013-03-06,23.739999771118164
2013-03-07,24.0
2013-03-08,24.09000015258789
2013-03-11,23.920000076293945
2013-03-12,23.3799991607666
2013-03-13,24.040000915527344
2013-03-14,24.979999542236328
2013-03-15,24.860000610351562
2013-03-18,23.780000686645508
2013-03-19,24.40999984741211
2013-03-20,24.610000610351562
2013-03-21,24.579999923706055
2013-03-22,25.959999084472656
2013-03-25,26.270000457763672
2013-03-26,26.700000762939453
2013-03-27,26.920000076293945
2013-03-28,26.56999969482422
2013-04-01,26.18000030517578
2013-04-02,26.65999984741211
2013-04-03,26.100000381469727
2013-04-04,26.040000915527344
2013-04-05,25.479999542236328
2013-04-08,25.559999465942383
2013-04-09,25.559999465942383
2013-04-10,25.639999389648438
2013-04-11,25.239999771118164
2013-04-12,24.729999542236328
2013-04-15,23.59000015258789
2013-04-16,24.739999771118164
2013-04-17,24.010000228881836
2013-04-18,24.06999969482422
2013-04-19,24.799999237060547
2013-04-22,24.5
2013-04-23,25.049999237060547
2013-04-24,24.81999969482422
2013-04-25,26.0
2013-04-26,25.979999542236328
2013-04-29,26.309999465942383
2013-04-30,27.260000228881836
2013-05-01,27.389999389648438
2013-05-02,27.940000534057617
2013-05-03,29.389999389648438
2013-05-06,28.770000457763672
2013-05-07,31.170000076293945
2013-05-08,30.0
2013-05-09,29.290000915527344
2013-05-10,29.360000610351562
2013-05-13,29.18000030517578
2013-05-14,29.979999542236328
2013-05-15,31.3700008392334
2013-05-16,31.459999084472656
2013-05-17,31.440000534057617
2013-05-20,31.829999923706055
2013-05-21,32.630001068115234
2013-05-22,33.849998474121094
2013-05-23,33.81999969482422
2013-05-24,33.9900016784668
2013-05-28,34.86000061035156
2013-05-29,34.86000061035156
2013-05-30,34.939998626708984
2013-05-31,35.56999969482422
2013-06-03,36.56999969482422
2013-06-04,35.41999816894531
2013-06-05,34.099998474121094
2013-06-06,34.720001220703125
2013-06-07,34.79999923706055
2013-06-10,36.040000915527344
2013-06-11,35.029998779296875
2013-06-12,35.36000061035156
2013-06-13,34.88999938964844
2013-06-14,35.18000030517578
2013-06-17,36.650001525878906
2013-06-18,37.689998626708984
2013-06-19,37.41999816894531
2013-06-20,36.119998931884766
2013-06-21,35.66999816894531
2013-06-24,33.619998931884766
2013-06-25,34.09000015258789
2013-06-26,34.150001525878906
2013-06-27,34.33000183105469
2013-06-28,34.36000061035156
2013-07-01,34.459999084472656
2013-07-02,34.9900016784668
2013-07-03,34.88999938964844
2013-07-05,35.0
2013-07-08,35.0
2013-07-09,34.88999938964844
2013-07-10,34.880001068115234
2013-07-11,34.900001525878906
2013-07-12,35.41999816894531
2013-07-15,34.439998626708984
2013-07-16,34.34000015258789
2013-07-17,33.779998779296875
2013-07-18,34.72999954223633
2013-07-19,33.66999816894531
2013-07-22,33.33000183105469
2013-07-23,32.63999938964844
2013-07-24,32.939998626708984
2013-07-25,32.099998474121094
2013-07-26,32.459999084472656
2013-07-29,30.8700008392334
2013-07-30,31.450000762939453
2013-07-31,31.549999237060547
2013-08-01,32.2599983215332
2013-08-02,32.83000183105469
2013-08-05,32.290000915527344
2013-08-06,31.850000381469727
2013-08-07,31.440000534057617
2013-08-08,31.43000030517578
2013-08-09,34.72999954223633
2013-08-12,34.470001220703125
2013-08-13,34.0099983215332
2013-08-14,34.279998779296875
2013-08-15,33.27000045776367
2013-08-16,33.029998779296875
2013-08-19,31.56999969482422
2013-08-20,32.380001068115234
2013-08-21,32.619998931884766
2013-08-22,32.599998474121094
2013-08-23,33.27000045776367
2013-08-26,31.829999923706055
2013-08-27,31.399999618530273
2013-08-28,31.950000762939453
2013-08-29,33.0
2013-08-30,32.66999816894531
2013-09-03,31.940000534057617
2013-09-04,31.719999313354492
2013-09-05,32.119998931884766
2013-09-06,31.969999313354492
2013-09-09,34.290000915527344
2013-09-10,35.540000915527344
2013-09-11,35.54999923706055
2013-09-12,34.88999938964844
2013-09-13,34.56999969482422
2013-09-16,34.88999938964844
2013-09-17,36.540000915527344
2013-09-18,37.20000076293945
2013-09-19,36.47999954223633
2013-09-20,36.209999084472656
2013-09-23,35.880001068115234
2013-09-24,36.959999084472656
2013-09-25,37.310001373291016
2013-09-26,37.470001220703125
2013-09-27,37.560001373291016
2013-09-30,37.630001068115234
2013-10-01,37.720001220703125
2013-10-02,38.56999969482422
2013-10-03,38.4900016784668
2013-10-04,38.86000061035156
2013-10-07,38.150001525878906
2013-10-08,36.7599983215332
2013-10-09,36.709999084472656
2013-10-10,37.0
2013-10-11,38.41999816894531
2013-10-14,38.810001373291016
2013-10-15,38.849998474121094
2013-10-16,39.27000045776367
2013-10-17,39.84000015258789
2013-10-18,40.0099983215332
2013-10-21,39.939998626708984
2013-10-22,40.29999923706055
2013-10-23,40.09000015258789
2013-10-24,41.709999084472656
2013-10-25,41.459999084472656
2013-10-28,41.56999969482422
2013-10-29,42.41999816894531
2013-10-30,41.029998779296875
2013-10-31,42.38999938964844
2013-11-01,41.560001373291016
2013-11-04,41.4900016784668
2013-11-05,42.279998779296875
2013-11-06,44.470001220703125
2013-11-07,42.22999954223633
2013-11-08,42.9900016784668
2013-11-11,42.91999816894531
2013-11-12,43.77000045776367
2013-11-13,46.540000915527344
2013-11-14,47.060001373291016
2013-11-15,47.939998626708984
2013-11-18,48.15999984741211
2013-11-19,48.0
2013-11-20,48.189998626708984
2013-11-21,48.130001068115234
2013-11-22,48.52000045776367
2013-11-25,48.709999084472656
2013-11-26,49.65999984741211
2013-11-27,49.13999938964844
2013-11-29,48.970001220703125
2013-12-02,48.09000015258789
2013-12-03,48.099998474121094
2013-12-04,49.150001525878906
2013-12-05,48.65999984741211
2013-12-06,48.560001373291016
2013-12-09,47.400001525878906
2013-12-10,46.40999984741211
2013-12-11,45.349998474121094
2013-12-12,45.060001373291016
2013-12-13,46.5099983215332
2013-12-16,47.83000183105469
2013-12-17,48.369998931884766
2013-12-18,48.279998779296875
2013-12-19,48.20000076293945
2013-12-20,49.939998626708984
2013-12-23,51.31999969482422
2013-12-24,50.83000183105469
2013-12-26,51.619998931884766
2013-12-27,51.2400016784668
2013-12-30,52.459999084472656
2013-12-31,52.2400016784668
2014-01-02,52.619998931884766
2014-01-03,51.689998626708984
2014-01-06,51.29999923706055
2014-01-07,50.79999923706055
2014-01-08,50.54999923706055
2014-01-09,49.790000915527344
2014-01-10,50.45000076293945
2014-01-13,48.33000183105469
2014-01-14,48.75
2014-01-15,48.790000915527344
2014-01-16,49.06999969482422
2014-01-17,47.130001068115234
2014-01-21,44.59000015258789
2014-01-22,44.7599983215332
2014-01-23,44.099998474121094
2014-01-24,43.709999084472656
2014-01-27,42.79999923706055
2014-01-28,43.25
2014-01-29,42.25
2014-01-30,43.130001068115234
2014-01-31,42.970001220703125
2014-02-03,40.54999923706055
2014-02-04,41.709999084472656
2014-02-05,40.58000183105469
2014-02-06,41.849998474121094
2014-02-07,44.540000915527344
2014-02-10,45.04999923706055
2014-02-11,46.439998626708984
2014-02-12,45.90999984741211
2014-02-13,46.11000061035156
2014-02-14,46.20000076293945
2014-02-18,45.880001068115234
2014-02-19,45.040000915527344
2014-02-20,46.060001373291016
2014-02-21,46.29999923706055
2014-02-24,47.880001068115234
2014-02-25,48.119998931884766
2014-02-26,50.560001373291016
2014-02-27,50.47999954223633
2014-02-28,50.22999954223633
2014-03-03,49.25
2014-03-04,50.310001373291016
2014-03-05,50.29999923706055
2014-03-06,50.290000915527344
2014-03-07,50.5
2014-03-10,50.099998474121094
2014-03-11,49.97999954223633
2014-03-12,50.150001525878906
2014-03-13,49.15999984741211
2014-03-14,49.150001525878906
2014-03-17,49.36000061035156
2014-03-18,49.41999816894531
2014-03-19,48.9900016784668
2014-03-20,48.959999084472656
2014-03-21,47.630001068115234
2014-03-24,44.900001525878906
2014-03-25,44.0099983215332
2014-03-26,43.709999084472656
2014-03-27,43.560001373291016
2014-03-28,45.279998779296875
2014-03-31,45.59000015258789
2014-04-01,44.90999984741211
2014-04-02,44.470001220703125
2014-04-03,43.16999816894531
2014-04-04,40.560001373291016
2014-04-07,38.61000061035156
2014-04-08,38.72999954223633
2014-04-09,40.7400016784668
2014-04-10,38.56999969482422
2014-04-11,39.04999923706055
2014-04-14,39.709999084472656
2014-04-15,39.65999984741211
2014-04-16,39.779998779296875
2014-04-17,39.43000030517578
2014-04-21,38.790000915527344
2014-04-22,40.349998474121094
2014-04-23,38.220001220703125
2014-04-24,37.310001373291016
2014-04-25,36.810001373291016
2014-04-28,36.91999816894531
2014-04-29,36.65999984741211
2014-04-30,36.61000061035156
2014-05-01,37.22999954223633
2014-05-02,37.31999969482422
2014-05-05,37.97999954223633
2014-05-06,37.099998474121094
2014-05-07,38.7400016784668
2014-05-08,37.279998779296875
2014-05-09,36.45000076293945
2014-05-12,37.86000061035156
2014-05-13,37.650001525878906
2014-05-14,36.310001373291016
2014-05-15,36.59000015258789
2014-05-16,37.130001068115234
2014-05-19,37.09000015258789
2014-05-20,36.58000183105469
2014-05-21,37.0
2014-05-22,38.369998931884766
2014-05-23,38.720001220703125
2014-05-27,41.189998626708984
2014-05-28,40.810001373291016
2014-05-29,40.619998931884766
2014-05-30,40.27000045776367
2014-06-02,41.869998931884766
2014-06-03,40.709999084472656
2014-06-04,41.47999954223633
2014-06-05,42.150001525878906
2014-06-06,42.68000030517578
2014-06-09,43.099998474121094
2014-06-10,43.380001068115234
2014-06-11,43.470001220703125
2014-06-12,42.220001220703125
2014-06-13,42.04999923706055
2014-06-16,42.54999923706055
2014-06-17,43.38999938964844
2014-06-18,44.060001373291016
2014-06-19,44.31999969482422
2014-06-20,44.880001068115234
2014-06-23,45.45000076293945
2014-06-24,45.04999923706055
2014-06-25,45.88999938964844
2014-06-26,46.25
2014-06-27,46.310001373291016
2014-06-30,46.40999984741211
2014-07-01,46.58000183105469
2014-07-02,46.40999984741211
2014-07-03,46.560001373291016
2014-07-07,45.849998474121094
2014-07-08,44.29999923706055
2014-07-09,45.16999816894531
2014-07-10,44.68000030517578
2014-07-11,44.52000045776367
2014-07-14,45.31999969482422
2014-07-15,44.779998779296875
2014-07-16,44.33000183105469
2014-07-17,45.0
2014-07-18,44.150001525878906
2014-07-21,42.84000015258789
2014-07-22,42.15999984741211
2014-07-23,43.0
2014-07-24,44.439998626708984
2014-07-25,44.470001220703125
2014-07-28,44.68000030517578
2014-07-29,46.09000015258789
2014-07-30,46.060001373291016
2014-07-31,45.380001068115234
2014-08-01,45.27000045776367
2014-08-04,45.58000183105469
2014-08-05,45.2599983215332
2014-08-06,47.11000061035156
2014-08-07,47.060001373291016
2014-08-08,48.560001373291016
2014-08-11,49.58000183105469
2014-08-12,48.72999954223633
2014-08-13,49.27000045776367
2014-08-14,49.0
2014-08-15,49.060001373291016
2014-08-18,50.900001525878906
2014-08-19,51.0099983215332
2014-08-20,49.900001525878906
2014-08-21,49.599998474121094
2014-08-22,49.93000030517578
2014-08-25,50.22999954223633
2014-08-26,50.88999938964844
2014-08-27,49.939998626708984
2014-08-28,49.66999816894531
2014-08-29,49.09000015258789
2014-09-02,49.56999969482422
2014-09-03,48.7400016784668
2014-09-04,49.0
2014-09-05,48.81999969482422
2014-09-08,48.68000030517578
2014-09-09,47.959999084472656
2014-09-10,48.130001068115234
2014-09-11,48.34000015258789
2014-09-12,48.310001373291016
2014-09-15,47.58000183105469
2014-09-16,48.209999084472656
2014-09-17,48.08000183105469
2014-09-18,49.54999923706055
2014-09-19,51.4900016784668
2014-09-22,50.400001525878906
2014-09-23,48.79999923706055
2014-09-24,49.869998931884766
2014-09-25,48.68000030517578
2014-09-26,50.08000183105469
2014-09-29,50.45000076293945
2014-09-30,49.68000030517578
2014-10-01,48.95000076293945
2014-10-02,49.47999954223633
2014-10-03,51.599998474121094
2014-10-06,50.130001068115234
2014-10-07,49.529998779296875
2014-10-08,49.56999969482422
2014-10-09,49.279998779296875
2014-10-10,50.0
2014-10-13,50.5
2014-10-14,51.40999984741211
2014-10-15,50.5
2014-10-16,49.88999938964844
2014-10-17,50.11000061035156
2014-10-20,50.470001220703125
2014-10-21,51.09000015258789
2014-10-22,49.900001525878906
2014-10-23,51.220001220703125
2014-10-24,52.2599983215332
2014-10-27,52.72999954223633
2014-10-28,53.369998931884766
2014-10-29,53.11000061035156
2014-10-30,54.36000061035156
2014-10-31,55.150001525878906
2014-11-03,55.220001220703125
2014-11-04,55.41999816894531
2014-11-05,58.0
2014-11-06,55.47999954223633
2014-11-07,55.59000015258789
2014-11-10,56.5099983215332
2014-11-11,55.869998931884766
2014-11-12,56.66999816894531
2014-11-13,56.43000030517578
2014-11-14,56.97999954223633
2014-11-17,55.65999984741211
2014-11-18,56.02000045776367
2014-11-19,55.2599983215332
2014-11-20,54.97999954223633
2014-11-21,54.31999969482422
2014-11-24,57.18000030517578
2014-11-25,56.06999969482422
2014-11-26,55.38999938964844
2014-11-28,56.060001373291016
2014-12-01,55.720001220703125
2014-12-02,58.22999954223633
2014-12-03,57.68000030517578
2014-12-04,56.970001220703125
2014-12-05,57.459999084472656
2014-12-08,58.459999084472656
2014-12-09,62.029998779296875
2014-12-10,60.040000915527344
2014-12-11,61.25
2014-12-12,62.849998474121094
2014-12-15,60.279998779296875
2014-12-16,55.81999969482422
2014-12-17,57.43000030517578
2014-12-18,57.93000030517578
2014-12-19,56.5099983215332
2014-12-22,56.900001525878906
2014-12-23,56.5
2014-12-24,56.970001220703125
2014-12-26,58.31999969482422
2014-12-29,58.2400016784668
2014-12-30,60.779998779296875
2014-12-31,60.79999923706055
2015-01-02,59.060001373291016
2015-01-05,56.31999969482422
2015-01-06,55.31999969482422
2015-01-07,59.06999969482422
2015-01-08,59.560001373291016
2015-01-09,59.0
2015-01-12,58.209999084472656
2015-01-13,58.040000915527344
2015-01-14,58.400001525878906
2015-01-15,58.08000183105469
2015-01-16,59.25
2015-01-20,58.83000183105469
2015-01-21,57.779998779296875
2015-01-22,58.54999923706055
2015-01-23,59.41999816894531
2015-01-26,59.5
2015-01-27,59.2599983215332
2015-01-28,58.970001220703125
2015-01-29,59.439998626708984
2015-01-30,59.06999969482422
2015-02-02,59.47999954223633
2015-02-03,61.70000076293945
2015-02-04,62.470001220703125
2015-02-05,63.04999923706055
2015-02-06,63.439998626708984
2015-02-09,62.5
2015-02-10,64.33000183105469
2015-02-11,64.04000091552734
2015-02-12,62.130001068115234
2015-02-13,61.79999923706055
2015-02-17,62.04999923706055
2015-02-18,64.04000091552734
2015-02-19,66.98999786376953
2015-02-20,64.95999908447266
2015-02-23,65.77999877929688
2015-02-24,65.94000244140625
2015-02-25,65.66000366210938
2015-02-26,66.47000122070312
2015-02-27,65.01000213623047
2015-03-02,65.37999725341797
2015-03-03,65.7699966430664
2015-03-04,65.33999633789062
2015-03-05,65.55999755859375
2015-03-06,64.88999938964844
2015-03-09,64.91000366210938
2015-03-10,63.540000915527344
2015-03-11,63.959999084472656
2015-03-12,64.8499984741211
2015-03-13,64.93000030517578
2015-03-16,64.6500015258789
2015-03-17,64.41000366210938
2015-03-18,64.55999755859375
2015-03-19,65.30000305175781
2015-03-20,65.55999755859375
2015-03-23,66.05000305175781
2015-03-24,66.58000183105469
2015-03-25,65.2300033569336
2015-03-26,61.689998626708984
2015-03-27,61.970001220703125
2015-03-30,62.029998779296875
2015-03-31,61.0
2015-04-01,59.9900016784668
2015-04-02,60.77000045776367
2015-04-06,61.209999084472656
2015-04-07,60.79999923706055
2015-04-08,62.31999969482422
2015-04-09,61.25
2015-04-10,61.2400016784668
2015-04-13,61.599998474121094
2015-04-14,60.689998626708984
2015-04-15,60.79999923706055
2015-04-16,60.95000076293945
2015-04-17,58.099998474121094
2015-04-20,58.630001068115234
2015-04-21,59.61000061035156
2015-04-22,59.38999938964844
2015-04-23,59.09000015258789
2015-04-24,54.900001525878906
2015-04-27,53.13999938964844
2015-04-28,54.060001373291016
2015-04-29,52.43000030517578
2015-04-30,50.54999923706055
2015-05-01,49.95000076293945
2015-05-04,51.56999969482422
2015-05-05,50.29999923706055
2015-05-06,49.849998474121094
2015-05-07,50.66999816894531
2015-05-08,51.650001525878906
2015-05-11,52.279998779296875
2015-05-12,52.029998779296875
2015-05-13,51.61000061035156
2015-05-14,51.36000061035156
2015-05-15,49.720001220703125
2015-05-18,48.5
2015-05-19,49.72999954223633
2015-05-20,49.27000045776367
2015-05-21,49.02000045776367
2015-05-22,48.22999954223633
2015-05-26,47.09000015258789
2015-05-27,47.369998931884766
2015-05-28,47.720001220703125
2015-05-29,46.529998779296875
2015-06-01,46.529998779296875
2015-06-02,46.5099983215332
2015-06-03,47.189998626708984
2015-06-04,46.45000076293945
2015-06-05,48.04999923706055
2015-06-08,48.040000915527344
2015-06-09,48.66999816894531
2015-06-10,50.470001220703125
2015-06-11,51.060001373291016
2015-06-12,52.29999923706055
2015-06-15,52.08000183105469
2015-06-16,50.95000076293945
2015-06-17,51.5
2015-06-18,52.060001373291016
2015-06-19,53.0099983215332
2015-06-22,53.380001068115234
2015-06-23,51.52000045776367
2015-06-24,50.33000183105469
2015-06-25,49.939998626708984
2015-06-26,49.939998626708984
2015-06-29,49.220001220703125
2015-06-30,50.0
2015-07-01,50.0
2015-07-02,49.529998779296875
2015-07-06,49.119998931884766
2015-07-07,48.97999954223633
2015-07-08,48.209999084472656
2015-07-09,48.34000015258789
2015-07-10,49.369998931884766
2015-07-13,50.0
2015-07-14,49.7400016784668
2015-07-15,49.15999984741211
2015-07-16,50.349998474121094
2015-07-17,50.0099983215332
2015-07-20,51.400001525878906
2015-07-21,52.4900016784668
2015-07-22,53.68000030517578
2015-07-23,51.33000183105469
2015-07-24,50.630001068115234
2015-07-27,50.599998474121094
2015-07-28,51.36000061035156
2015-07-29,52.630001068115234
2015-07-30,53.72999954223633
2015-07-31,58.130001068115234
2015-08-03,58.34000015258789
2015-08-04,58.470001220703125
2015-08-05,58.310001373291016
2015-08-06,55.40999984741211
2015-08-07,55.63999938964844
2015-08-10,55.31999969482422
2015-08-11,55.79999923706055
2015-08-12,54.790000915527344
2015-08-13,54.9900016784668
2015-08-14,54.97999954223633
2015-08-17,55.5
2015-08-18,54.47999954223633
2015-08-19,54.209999084472656
2015-08-20,53.209999084472656
2015-08-21,51.56999969482422
2015-08-24,50.5
2015-08-25,51.0099983215332
2015-08-26,51.2599983215332
2015-08-27,52.2599983215332
2015-08-28,52.209999084472656
2015-08-31,51.63999938964844
2015-09-01,50.58000183105469
2015-09-02,52.119998931884766
2015-09-03,51.58000183105469
2015-09-04,51.2599983215332
2015-09-08,52.380001068115234
2015-09-09,51.08000183105469
2015-09-10,50.65999984741211
2015-09-11,50.970001220703125
2015-09-14,50.709999084472656
2015-09-15,50.650001525878906
2015-09-16,51.04999923706055
2015-09-17,50.7400016784668
2015-09-18,49.4900016784668
2015-09-21,49.22999954223633
2015-09-22,47.91999816894531
2015-09-23,47.939998626708984
2015-09-24,47.31999969482422
2015-09-25,46.349998474121094
2015-09-28,45.650001525878906
2015-09-29,45.709999084472656
2015-09-30,45.369998931884766
2015-10-01,42.720001220703125
2015-10-02,43.04999923706055
2015-10-05,44.18000030517578
2015-10-06,43.209999084472656
2015-10-07,43.619998931884766
2015-10-08,43.349998474121094
2015-10-09,43.34000015258789
2015-10-12,43.599998474121094
2015-10-13,42.849998474121094
2015-10-14,41.31999969482422
2015-10-15,42.04999923706055
2015-10-16,42.0099983215332
2015-10-19,42.189998626708984
2015-10-20,42.220001220703125
2015-10-21,39.689998626708984
2015-10-22,40.0
2015-10-23,40.08000183105469
2015-10-26,39.70000076293945
2015-10-27,38.310001373291016
2015-10-28,39.59000015258789
2015-10-29,38.09000015258789
2015-10-30,35.36000061035156
2015-11-02,36.470001220703125
2015-11-03,36.630001068115234
2015-11-04,36.0
2015-11-05,35.540000915527344
2015-11-06,36.04999923706055
2015-11-09,34.97999954223633
2015-11-10,35.41999816894531
2015-11-11,34.97999954223633
2015-11-12,34.09000015258789
2015-11-13,32.61000061035156
2015-11-16,33.189998626708984
2015-11-17,32.11000061035156
2015-11-18,32.0099983215332
2015-11-19,33.970001220703125
2015-11-20,35.97999954223633
2015-11-23,37.29999923706055
2015-11-24,37.9900016784668
2015-11-25,38.18000030517578
2015-11-27,38.150001525878906
2015-11-30,38.43000030517578
2015-12-01,37.66999816894531
2015-12-02,37.52000045776367
2015-12-03,36.77000045776367
2015-12-04,36.81999969482422
2015-12-07,36.540000915527344
2015-12-08,36.290000915527344
2015-12-09,36.11000061035156
2015-12-10,36.130001068115234
2015-12-11,35.130001068115234
2015-12-14,35.29999923706055
2015-12-15,34.540000915527344
2015-12-16,35.119998931884766
2015-12-17,33.7400016784668
2015-12-18,33.029998779296875
2015-12-21,34.22999954223633
2015-12-22,34.459999084472656
2015-12-23,34.52000045776367
2015-12-24,34.459999084472656
2015-12-28,34.0
2015-12-29,34.0099983215332
2015-12-30,33.56999969482422
2015-12-31,33.599998474121094
2016-01-04,33.189998626708984
2016-01-05,33.68000030517578
2016-01-06,33.56999969482422
2016-01-07,33.720001220703125
2016-01-08,33.08000183105469
2016-01-11,33.189998626708984
2016-01-12,33.58000183105469
2016-01-13,35.7599983215332
2016-01-14,37.130001068115234
2016-01-15,37.040000915527344
2016-01-19,37.41999816894531
2016-01-20,36.72999954223633
2016-01-21,37.31999969482422
2016-01-22,37.34000015258789
2016-01-25,35.72999954223633
2016-01-26,36.060001373291016
2016-01-27,35.7599983215332
2016-01-28,35.86000061035156
2016-01-29,36.400001525878906
2016-02-01,37.369998931884766
2016-02-02,36.38999938964844
2016-02-03,35.43000030517578
2016-02-04,36.41999816894531
2016-02-05,34.5099983215332
2016-02-08,35.310001373291016
2016-02-09,35.779998779296875
2016-02-10,34.84000015258789
2016-02-11,34.790000915527344
2016-02-12,34.7599983215332
2016-02-16,35.34000015258789
2016-02-17,35.79999923706055
2016-02-18,35.7400016784668
2016-02-19,35.25
2016-02-22,35.0099983215332
2016-02-23,36.90999984741211
2016-02-24,37.459999084472656
2016-02-25,34.900001525878906
2016-02-26,33.79999923706055
2016-02-29,33.119998931884766
2016-03-01,35.560001373291016
2016-03-02,35.25
2016-03-03,36.0099983215332
2016-03-04,36.47999954223633
2016-03-07,38.41999816894531
2016-03-08,36.77000045776367
2016-03-09,37.5
2016-03-10,37.119998931884766
2016-03-11,36.540000915527344
2016-03-14,36.939998626708984
2016-03-15,34.95000076293945
2016-03-16,34.9900016784668
2016-03-17,34.90999984741211
2016-03-18,35.369998931884766
2016-03-21,33.779998779296875
2016-03-22,33.06999969482422
2016-03-23,32.08000183105469
2016-03-24,32.06999969482422
2016-03-28,31.3799991607666
2016-03-29,31.729999542236328
2016-03-30,31.93000030517578
2016-03-31,32.779998779296875
2016-04-01,33.47999954223633
2016-04-04,34.02000045776367
2016-04-05,33.310001373291016
2016-04-06,34.099998474121094
2016-04-07,34.029998779296875
2016-04-08,34.41999816894531
2016-04-11,34.560001373291016
2016-04-12,34.68000030517578
2016-04-13,35.470001220703125
2016-04-14,35.459999084472656
2016-04-15,35.70000076293945
2016-04-18,34.72999954223633
2016-04-19,34.7400016784668
2016-04-20,35.290000915527344
2016-04-21,34.88999938964844
2016-04-22,35.11000061035156
2016-04-25,34.9900016784668
2016-04-26,34.7599983215332
2016-04-27,34.09000015258789
2016-04-28,33.38999938964844
2016-04-29,32.11000061035156
2016-05-02,32.40999984741211
2016-05-03,33.11000061035156
2016-05-04,32.900001525878906
2016-05-05,32.459999084472656
2016-05-06,32.18000030517578
2016-05-09,32.599998474121094
2016-05-10,26.549999237060547
2016-05-11,25.549999237060547
2016-05-12,25.530000686645508
2016-05-13,25.170000076293945
2016-05-16,24.950000762939453
2016-05-17,23.8799991607666
2016-05-18,23.139999389648438
2016-05-19,23.850000381469727
2016-05-20,24.170000076293945
2016-05-23,23.43000030517578
2016-05-24,24.170000076293945
2016-05-25,24.75
2016-05-26,24.489999771118164
2016-05-27,25.459999084472656
2016-05-31,25.1299991607666
2016-06-01,25.059999465942383
2016-06-02,25.100000381469727
2016-06-03,24.639999389648438
2016-06-06,25.489999771118164
2016-06-07,24.90999984741211
2016-06-08,24.850000381469727
2016-06-09,24.860000610351562
2016-06-10,24.459999084472656
2016-06-13,24.0
2016-06-14,23.90999984741211
2016-06-15,23.229999542236328
2016-06-16,23.219999313354492
2016-06-17,23.5
2016-06-20,23.030000686645508
2016-06-21,22.770000457763672
2016-06-22,22.649999618530273
2016-06-23,22.81999969482422
2016-06-24,22.09000015258789
2016-06-27,21.010000228881836
2016-06-28,21.65999984741211
2016-06-29,21.989999771118164
2016-06-30,21.809999465942383
2016-07-01,22.139999389648438
2016-07-05,22.059999465942383
2016-07-06,22.559999465942383
2016-07-07,22.850000381469727
2016-07-08,23.440000534057617
2016-07-11,24.420000076293945
2016-07-12,24.780000686645508
2016-07-13,24.489999771118164
2016-07-14,24.510000228881836
2016-07-15,24.360000610351562
2016-07-18,24.290000915527344
2016-07-19,24.530000686645508
2016-07-20,25.389999389648438
2016-07-21,24.670000076293945
2016-07-22,25.209999084472656
2016-07-25,24.8700008392334
2016-07-26,23.139999389648438
2016-07-27,24.40999984741211
2016-07-28,23.100000381469727
2016-07-29,22.34000015258789
2016-08-01,22.489999771118164
2016-08-02,22.09000015258789
2016-08-03,21.93000030517578
2016-08-04,22.59000015258789
2016-08-05,22.739999771118164
2016-08-08,22.690000534057617
2016-08-09,22.850000381469727
2016-08-10,22.329999923706055
2016-08-11,22.649999618530273
2016-08-12,22.809999465942383
2016-08-15,23.690000534057617
2016-08-16,24.280000686645508
2016-08-17,23.989999771118164
2016-08-18,23.959999084472656
2016-08-19,23.639999389648438
2016-08-22,23.389999389648438
2016-08-23,23.399999618530273
2016-08-24,23.020000457763672
2016-08-25,22.8700008392334
2016-08-26,24.969999313354492
2016-08-29,24.850000381469727
2016-08-30,25.360000610351562
2016-08-31,25.260000228881836
2016-09-01,25.309999465942383
2016-09-02,25.489999771118164
2016-09-06,25.510000228881836
2016-09-07,25.260000228881836
2016-09-08,25.81999969482422
2016-09-09,25.25
2016-09-12,25.31999969482422
2016-09-13,24.84000015258789
2016-09-14,24.31999969482422
2016-09-15,25.0
2016-09-16,25.549999237060547
2016-09-19,26.020000457763672
2016-09-20,25.229999542236328
2016-09-21,25.329999923706055
2016-09-22,26.049999237060547
2016-09-23,26.479999542236328
2016-09-26,26.139999389648438
2016-09-27,25.969999313354492
2016-09-28,25.6200008392334
2016-09-29,23.860000610351562
2016-09-30,24.0
2016-10-03,23.75
2016-10-04,23.739999771118164
2016-10-05,24.610000610351562
2016-10-06,24.469999313354492
2016-10-07,24.209999084472656
2016-10-10,24.920000076293945
2016-10-11,25.420000076293945
2016-10-12,25.639999389648438
2016-10-13,25.399999618530273
2016-10-14,26.8799991607666
2016-10-17,27.149999618530273
2016-10-18,27.299999237060547
2016-10-19,27.549999237060547
2016-10-20,27.399999618530273
2016-10-21,27.200000762939453
2016-10-24,27.049999237060547
2016-10-25,27.100000381469727
2016-10-26,26.350000381469727
2016-10-27,25.979999542236328
2016-10-28,25.549999237060547
2016-10-31,26.399999618530273
2016-11-01,25.649999618530273
2016-11-02,25.850000381469727
2016-11-03,25.799999237060547
2016-11-04,25.649999618530273
2016-11-07,27.049999237060547
2016-11-08,25.399999618530273
2016-11-09,26.649999618530273
2016-11-10,27.549999237060547
2016-11-11,28.350000381469727
2016-11-14,28.899999618530273
2016-11-15,28.799999237060547
2016-11-16,29.200000762939453
2016-11-17,28.899999618530273
2016-11-18,29.0
2016-11-21,29.399999618530273
2016-11-22,29.100000381469727
2016-11-23,29.350000381469727
2016-11-25,29.399999618530273
2016-11-28,29.149999618530273
2016-11-29,29.0
2016-11-30,28.649999618530273
2016-12-01,28.350000381469727
2016-12-02,29.850000381469727
2016-12-05,29.950000762939453
2016-12-06,29.950000762939453
2016-12-07,29.649999618530273
2016-12-08,29.649999618530273
2016-12-09,29.649999618530273
2016-12-12,29.149999618530273
2016-12-13,29.149999618530273
2016-12-14,28.600000381469727
2016-12-15,28.850000381469727
2016-12-16,29.600000381469727
2016-12-19,30.0
2016-12-20,29.700000762939453
2016-12-21,29.5
2016-12-22,29.450000762939453
2016-12-23,30.0
2016-12-27,30.5
2016-12-28,30.100000381469727
2016-12-29,30.100000381469727
2016-12-30,29.850000381469727
2017-01-03,29.450000762939453
2017-01-04,29.149999618530273
2017-01-05,29.049999237060547
2017-01-06,28.0
2017-01-09,27.799999237060547
2017-01-10,28.0
2017-01-11,28.0
2017-01-12,27.899999618530273
2017-01-13,27.649999618530273
2017-01-17,26.950000762939453
2017-01-18,26.899999618530273
2017-01-19,27.0
2017-01-20,27.0
2017-01-23,26.600000381469727
2017-01-24,26.75
2017-01-25,26.399999618530273
2017-01-26,26.399999618530273
2017-01-27,25.899999618530273
2017-01-30,26.200000762939453
2017-01-31,26.299999237060547
2017-02-01,26.350000381469727
2017-02-02,26.75
2017-02-03,27.0
2017-02-06,27.149999618530273
2017-02-07,27.0
2017-02-08,27.450000762939453
2017-02-09,28.450000762939453
2017-02-10,28.700000762939453
2017-02-13,28.149999618530273
2017-02-14,28.450000762939453
2017-02-15,28.399999618530273
2017-02-16,28.399999618530273
2017-02-17,28.0
2017-02-21,28.5
2017-02-22,27.649999618530273
2017-02-23,26.950000762939453
2017-02-24,26.350000381469727
2017-02-27,25.950000762939453
2017-02-28,19.850000381469727
2017-03-01,20.850000381469727
2017-03-02,20.450000762939453
2017-03-03,19.799999237060547
2017-03-06,20.75
2017-03-07,20.899999618530273
2017-03-08,20.799999237060547
2017-03-09,21.299999237060547
2017-03-10,21.700000762939453
2017-03-13,21.649999618530273
2017-03-14,21.600000381469727
2017-03-15,21.799999237060547
2017-03-16,22.049999237060547
2017-03-17,22.600000381469727
2017-03-20,22.149999618530273
2017-03-21,22.149999618530273
2017-03-22,22.25
2017-03-23,22.350000381469727
2017-03-24,22.600000381469727
2017-03-27,22.850000381469727
2017-03-28,23.5
2017-03-29,23.799999237060547
2017-03-30,23.950000762939453
2017-03-31,24.200000762939453
2017-04-03,23.600000381469727
2017-04-04,23.399999618530273
2017-04-05,23.5
2017-04-06,23.950000762939453
2017-04-07,23.850000381469727
2017-04-10,23.700000762939453
2017-04-11,23.700000762939453
2017-04-12,23.75
2017-04-13,23.549999237060547
2017-04-17,23.399999618530273
2017-04-18,23.600000381469727
2017-04-19,23.899999618530273
2017-04-20,24.200000762939453
2017-04-21,23.899999618530273
2017-04-24,24.600000381469727
2017-04-25,24.549999237060547
2017-04-26,24.700000762939453
2017-04-27,25.0
2017-04-28,24.350000381469727
2017-05-01,24.899999618530273
2017-05-02,24.950000762939453
2017-05-03,24.350000381469727
2017-05-04,24.200000762939453
2017-05-05,24.299999237060547
2017-05-08,24.350000381469727
2017-05-09,22.549999237060547
2017-05-10,22.5
2017-05-11,22.350000381469727
2017-05-12,22.299999237060547
2017-05-15,22.200000762939453
2017-05-16,21.950000762939453
2017-05-17,22.049999237060547
2017-05-18,22.600000381469727
2017-05-19,23.200000762939453
2017-05-22,23.549999237060547
2017-05-23,23.100000381469727
2017-05-24,22.950000762939453
2017-05-25,22.950000762939453
2017-05-26,23.0
2017-05-30,22.200000762939453
2017-05-31,22.049999237060547
2017-06-01,22.399999618530273
2017-06-02,22.549999237060547
2017-06-05,22.0
2017-06-06,21.0
2017-06-07,20.899999618530273
2017-06-08,21.399999618530273
2017-06-09,21.5
2017-06-12,21.5
2017-06-13,21.850000381469727
2017-06-14,21.700000762939453
2017-06-15,21.200000762939453
2017-06-16,21.100000381469727
2017-06-19,21.100000381469727
2017-06-20,20.649999618530273
2017-06-21,20.149999618530273
2017-06-22,20.549999237060547
2017-06-23,20.350000381469727
2017-06-26,20.350000381469727
2017-06-27,20.549999237060547
2017-06-28,20.700000762939453
2017-06-29,20.700000762939453
2017-06-30,20.649999618530273
2017-07-03,20.600000381469727
2017-07-05,20.200000762939453
2017-07-06,19.850000381469727
2017-07-07,19.799999237060547
2017-07-10,19.399999618530273
2017-07-11,19.25
2017-07-12,18.799999237060547
2017-07-13,18.25
2017-07-14,18.25
2017-07-17,18.450000762939453
2017-07-18,18.100000381469727
2017-07-19,18.299999237060547
2017-07-20,18.600000381469727
2017-07-21,18.450000762939453
2017-07-24,17.899999618530273
2017-07-25,18.049999237060547
2017-07-26,17.649999618530273
2017-07-27,17.350000381469727
2017-07-28,17.299999237060547
2017-07-31,16.799999237060547
2017-08-01,17.299999237060547
2017-08-02,17.0
2017-08-03,16.799999237060547
2017-08-04,16.899999618530273
2017-08-07,16.850000381469727
2017-08-08,18.5
2017-08-09,19.049999237060547
2017-08-10,18.649999618530273
2017-08-11,18.700000762939453
2017-08-14,18.549999237060547
2017-08-15,18.350000381469727
2017-08-16,18.200000762939453
2017-08-17,18.200000762939453
2017-08-18,17.799999237060547
2017-08-21,17.850000381469727
2017-08-22,18.0
2017-08-23,17.75
2017-08-24,17.5
2017-08-25,17.549999237060547
2017-08-28,17.700000762939453
2017-08-29,17.100000381469727
2017-08-30,17.149999618530273
2017-08-31,17.399999618530273
2017-09-01,18.25
2017-09-05,17.299999237060547
2017-09-06,17.049999237060547
2017-09-07,15.899999618530273
2017-09-08,15.899999618530273
2017-09-11,16.399999618530273
2017-09-12,17.5
2017-09-13,17.399999618530273
2017-09-14,16.950000762939453
2017-09-15,18.149999618530273
2017-09-18,17.649999618530273
2017-09-19,17.200000762939453
2017-09-20,17.450000762939453
2017-09-21,17.5
2017-09-22,17.600000381469727
2017-09-25,17.25
2017-09-26,18.600000381469727
2017-09-27,18.399999618530273
2017-09-28,18.950000762939453
2017-09-29,19.0
2017-10-02,18.399999618530273
2017-10-03,18.399999618530273
2017-10-04,18.25
2017-10-05,18.5
2017-10-06,18.600000381469727
2017-10-09,18.399999618530273
2017-10-10,18.549999237060547
2017-10-11,18.399999618530273
2017-10-12,17.600000381469727
2017-10-13,16.850000381469727
2017-10-16,17.100000381469727
2017-10-17,17.049999237060547
2017-10-18,16.850000381469727
2017-10-19,17.049999237060547
2017-10-20,17.0
2017-10-23,17.0
2017-10-24,16.899999618530273
2017-10-25,16.5
2017-10-26,16.700000762939453
2017-10-27,16.649999618530273
2017-10-30,16.649999618530273
2017-10-31,16.549999237060547
2017-11-01,16.799999237060547
2017-11-02,16.549999237060547
2017-11-03,16.850000381469727
2017-11-06,17.100000381469727
2017-11-07,16.600000381469727
2017-11-08,16.100000381469727
2017-11-09,16.450000762939453
2017-11-10,16.75
2017-11-13,16.950000762939453
2017-11-14,17.399999618530273
2017-11-15,17.350000381469727
2017-11-16,17.25
2017-11-17,17.799999237060547
2017-11-20,17.799999237060547
2017-11-21,17.950000762939453
2017-11-22,17.799999237060547
2017-11-24,17.75
2017-11-27,17.350000381469727
2017-11-28,17.899999618530273
2017-11-29,18.649999618530273
2017-11-30,18.899999618530273
2017-12-01,19.049999237060547
2017-12-04,19.600000381469727
2017-12-05,19.100000381469727
2017-12-06,18.950000762939453
2017-12-07,18.649999618530273
2017-12-08,19.850000381469727
2017-12-11,20.100000381469727
2017-12-12,19.600000381469727
2017-12-13,19.700000762939453
2017-12-14,18.950000762939453
2017-12-15,19.299999237060547
2017-12-18,19.299999237060547
2017-12-19,19.350000381469727
2017-12-20,19.049999237060547
2017-12-21,19.299999237060547
2017-12-22,19.25
2017-12-26,19.299999237060547
2017-12-27,19.100000381469727
2017-12-28,18.850000381469727
2017-12-29,19.0
2018-01-02,19.25
2018-01-03,19.5
2018-01-04,19.549999237060547
2018-01-05,19.350000381469727
2018-01-08,19.350000381469727
2018-01-09,19.299999237060547
2018-01-10,19.299999237060547
2018-01-11,19.549999237060547
2018-01-12,19.399999618530273
2018-01-16,19.100000381469727
2018-01-17,19.299999237060547
2018-01-18,19.200000762939453
2018-01-19,19.649999618530273
2018-01-22,19.549999237060547
2018-01-23,19.700000762939453
2018-01-24,20.0
2018-01-25,20.100000381469727
2018-01-26,19.950000762939453
2018-01-29,19.950000762939453
2018-01-30,19.549999237060547
2018-01-31,19.200000762939453
2018-02-01,18.799999237060547
2018-02-02,18.350000381469727
2018-02-05,17.649999618530273
2018-02-06,18.25
2018-02-07,18.100000381469727
2018-02-08,17.950000762939453
2018-02-09,17.950000762939453
2018-02-12,18.100000381469727
2018-02-13,17.850000381469727
2018-02-14,18.549999237060547
2018-02-15,18.899999618530273
2018-02-16,18.899999618530273
2018-02-20,18.899999618530273
2018-02-21,19.25
2018-02-22,19.399999618530273
2018-02-23,19.299999237060547
2018-02-26,20.200000762939453
2018-02-27,17.0
2018-02-28,17.0
2018-03-01,16.600000381469727
2018-03-02,18.0
2018-03-05,18.700000762939453
2018-03-06,18.450000762939453
2018-03-07,18.399999618530273
2018-03-08,17.5
2018-03-09,19.049999237060547
2018-03-12,19.200000762939453
2018-03-13,19.0
2018-03-14,18.450000762939453
2018-03-15,18.049999237060547
2018-03-16,18.649999618530273
2018-03-19,18.450000762939453
2018-03-20,18.149999618530273
2018-03-21,18.299999237060547
2018-03-22,18.200000762939453
2018-03-23,17.950000762939453
2018-03-26,18.450000762939453
2018-03-27,18.100000381469727
2018-03-28,18.049999237060547
2018-03-29,18.5
2018-04-02,18.049999237060547
2018-04-03,18.299999237060547
2018-04-04,19.0
2018-04-05,19.5
2018-04-06,19.5
2018-04-09,19.049999237060547
2018-04-10,19.299999237060547
2018-04-11,19.450000762939453
2018-04-12,19.350000381469727
2018-04-13,19.450000762939453
2018-04-16,19.850000381469727
2018-04-17,19.899999618530273
2018-04-18,19.75
2018-04-19,19.549999237060547
2018-04-20,19.5
2018-04-23,19.299999237060547
2018-04-24,19.549999237060547
2018-04-25,19.649999618530273
2018-04-26,19.950000762939453
2018-04-27,20.5
2018-04-30,21.0
2018-05-01,21.100000381469727
2018-05-02,21.0
2018-05-03,20.700000762939453
2018-05-04,21.549999237060547
2018-05-07,21.850000381469727
2018-05-08,24.649999618530273
2018-05-09,25.25
2018-05-10,24.0
2018-05-11,24.049999237060547
2018-05-14,23.649999618530273
2018-05-15,24.399999618530273
2018-05-16,24.549999237060547
2018-05-17,24.549999237060547
2018-05-18,24.450000762939453
2018-05-21,24.700000762939453
2018-05-22,24.25
2018-05-23,24.299999237060547
2018-05-24,24.299999237060547
2018-05-25,24.100000381469727
2018-05-29,24.649999618530273
2018-05-30,24.950000762939453
2018-05-31,24.850000381469727
2018-06-01,24.799999237060547
2018-06-04,25.049999237060547
2018-06-05,25.850000381469727
2018-06-06,25.950000762939453
2018-06-07,25.950000762939453
2018-06-08,25.799999237060547
2018-06-11,25.700000762939453
2018-06-12,25.899999618530273
2018-06-13,25.75
2018-06-14,26.0
2018-06-15,26.25
2018-06-18,26.600000381469727
2018-06-19,27.0
2018-06-20,27.0
2018-06-21,27.049999237060547
2018-06-22,27.549999237060547
2018-06-25,27.25
2018-06-26,28.149999618530273
2018-06-27,28.799999237060547
2018-06-28,29.049999237060547
2018-06-29,28.700000762939453
2018-07-02,29.75
2018-07-03,29.149999618530273
2018-07-05,29.450000762939453
2018-07-06,30.049999237060547
2018-07-09,30.200000762939453
2018-07-10,29.350000381469727
2018-07-11,28.950000762939453
2018-07-12,29.200000762939453
2018-07-13,29.600000381469727
2018-07-16,29.25
2018-07-17,29.5
2018-07-18,30.049999237060547
2018-07-19,30.549999237060547
2018-07-20,30.149999618530273
2018-07-23,30.5
2018-07-24,29.850000381469727
2018-07-25,29.549999237060547
2018-07-26,29.799999237060547
2018-07-27,29.350000381469727
2018-07-30,29.0
2018-07-31,29.049999237060547
2018-08-01,28.950000762939453
2018-08-02,29.299999237060547
2018-08-03,29.049999237060547
2018-08-06,29.049999237060547
2018-08-07,27.899999618530273
2018-08-08,28.399999618530273
2018-08-09,28.75
2018-08-10,28.399999618530273
2018-08-13,28.5
2018-08-14,28.5
2018-08-15,28.5
2018-08-16,28.75
2018-08-17,29.100000381469727
2018-08-20,29.399999618530273
2018-08-21,29.399999618530273
2018-08-22,29.149999618530273
2018-08-23,29.299999237060547
2018-08-24,29.049999237060547
2018-08-27,28.25
2018-08-28,28.200000762939453
2018-08-29,28.200000762939453
2018-08-30,28.5
2018-08-31,28.75
2018-09-04,28.600000381469727
2018-09-05,29.5
2018-09-06,29.5
2018-09-07,29.450000762939453
2018-09-10,29.75
2018-09-11,29.799999237060547
2018-09-12,28.649999618530273
2018-09-13,28.149999618530273
2018-09-14,27.899999618530273
2018-09-17,27.350000381469727
2018-09-18,27.149999618530273
2018-09-19,26.25
2018-09-20,25.850000381469727
2018-09-21,26.299999237060547
2018-09-24,26.0
2018-09-25,25.850000381469727
2018-09-26,26.549999237060547
2018-09-27,26.149999618530273
2018-09-28,26.75
2018-10-01,26.270000457763672
2018-10-02,25.540000915527344
2018-10-03,25.360000610351562
2018-10-04,25.8700008392334
2018-10-05,28.049999237060547
2018-10-08,29.100000381469727
2018-10-09,29.81999969482422
2018-10-10,29.40999984741211
2018-10-11,29.209999084472656
2018-10-12,28.809999465942383
2018-10-15,29.31999969482422
2018-10-16,29.770000457763672
2018-10-17,29.510000228881836
2018-10-18,29.489999771118164
2018-10-19,28.56999969482422
2018-10-22,28.639999389648438
2018-10-23,27.459999084472656
2018-10-24,26.770000457763672
2018-10-25,26.770000457763672
2018-10-26,26.520000457763672
2018-10-29,26.440000534057617
2018-10-30,26.739999771118164
2018-10-31,25.809999465942383
2018-11-01,25.09000015258789
2018-11-02,25.540000915527344
2018-11-05,24.940000534057617
2018-11-06,18.510000228881836
2018-11-07,19.690000534057617
2018-11-08,20.0
2018-11-09,20.049999237060547
2018-11-12,20.440000534057617
2018-11-13,18.979999542236328
2018-11-14,19.270000457763672
2018-11-15,19.1299991607666
2018-11-16,19.049999237060547
2018-11-19,19.110000610351562
2018-11-20,18.790000915527344
2018-11-21,19.020000457763672
2018-11-23,19.110000610351562
2018-11-26,18.31999969482422
2018-11-27,18.790000915527344
2018-11-28,18.75
2018-11-29,18.610000610351562
2018-11-30,18.850000381469727
2018-12-03,19.280000686645508
2018-12-04,18.639999389648438
2018-12-06,19.15999984741211
2018-12-07,18.420000076293945
2018-12-10,18.020000457763672
2018-12-11,17.510000228881836
2018-12-12,17.360000610351562
2018-12-13,17.299999237060547
2018-12-14,16.510000228881836
2018-12-17,15.710000038146973
2018-12-18,16.040000915527344
2018-12-19,15.65999984741211
2018-12-20,15.359999656677246
2018-12-21,14.569999694824219
2018-12-24,14.319999694824219
2018-12-26,14.609999656677246
2018-12-27,14.4399995803833
2018-12-28,15.239999771118164
2018-12-31,15.510000228881836
2019-01-02,15.789999961853027
2019-01-03,15.34000015258789
2019-01-04,16.0
2019-01-07,16.399999618530273
2019-01-08,16.6299991607666
2019-01-09,16.719999313354492
2019-01-10,16.719999313354492
2019-01-11,16.709999084472656
2019-01-14,16.110000610351562
2019-01-15,15.920000076293945
2019-01-16,15.579999923706055
2019-01-17,15.850000381469727
2019-01-18,15.449999809265137
2019-01-22,15.119999885559082
2019-01-23,15.270000457763672
2019-01-24,15.510000228881836
2019-01-25,15.210000038146973
2019-01-28,15.0600004196167
2019-01-29,14.899999618530273
2019-01-30,14.829999923706055
2019-01-31,14.859999656677246
2019-02-01,14.329999923706055
2019-02-04,14.380000114440918
2019-02-05,14.760000228881836
2019-02-06,14.359999656677246
2019-02-07,14.380000114440918
2019-02-08,14.369999885559082
2019-02-11,14.350000381469727
2019-02-12,14.729999542236328
2019-02-13,14.770000457763672
2019-02-14,14.800000190734863
2019-02-15,15.050000190734863
2019-02-19,15.399999618530273
2019-02-20,15.5
2019-02-21,15.65999984741211
2019-02-22,16.18000030517578
2019-02-25,16.049999237060547
2019-02-26,15.239999771118164
2019-02-27,14.9399995803833
2019-02-28,15.069999694824219
2019-03-01,15.239999771118164
2019-03-04,14.65999984741211
2019-03-05,14.40999984741211
2019-03-06,13.770000457763672
2019-03-07,13.850000381469727
2019-03-08,13.880000114440918
2019-03-11,13.770000457763672
2019-03-12,13.5
2019-03-13,13.649999618530273
2019-03-14,13.640000343322754
2019-03-15,13.800000190734863
2019-03-18,13.979999542236328
2019-03-19,13.9399995803833
2019-03-20,13.680000305175781
2019-03-21,13.289999961853027
2019-03-22,12.829999923706055
2019-03-25,12.90999984741211
2019-03-26,13.100000381469727
2019-03-27,13.039999961853027
2019-03-28,13.180000305175781
2019-03-29,13.109999656677246
2019-04-01,13.0600004196167
2019-04-02,12.920000076293945
2019-04-03,12.899999618530273
2019-04-04,13.25
2019-04-05,13.460000038146973
2019-04-08,13.220000267028809
2019-04-09,12.819999694824219
2019-04-10,12.880000114440918
2019-04-11,12.819999694824219
2019-04-12,12.670000076293945
2019-04-15,12.40999984741211
2019-04-16,12.65999984741211
2019-04-17,12.479999542236328
2019-04-18,12.520000457763672
2019-04-22,12.510000228881836
2019-04-23,12.579999923706055
2019-04-24,13.020000457763672
2019-04-25,13.260000228881836
2019-04-26,13.260000228881836
2019-04-29,13.300000190734863
2019-04-30,12.65999984741211
2019-05-01,12.899999618530273
2019-05-02,12.989999771118164
2019-05-03,13.140000343322754
2019-05-06,13.510000228881836
2019-05-07,13.199999809265137
2019-05-08,13.609999656677246
2019-05-09,13.130000114440918
2019-05-10,13.649999618530273
2019-05-13,13.609999656677246
2019-05-14,14.229999542236328
2019-05-15,13.949999809265137
2019-05-16,13.949999809265137
2019-05-17,13.899999618530273
2019-05-20,14.0
2019-05-21,14.199999809265137
2019-05-22,14.09000015258789
2019-05-23,13.449999809265137
2019-05-24,13.75
2019-05-28,13.899999618530273
2019-05-29,13.6899995803833
2019-05-30,14.0
2019-05-31,14.180000305175781
2019-06-03,14.239999771118164
2019-06-04,14.199999809265137
2019-06-05,14.0
2019-06-06,13.420000076293945
2019-06-07,13.550000190734863
2019-06-10,13.850000381469727
2019-06-11,13.710000038146973
2019-06-12,13.869999885559082
2019-06-13,14.260000228881836
2019-06-14,14.119999885559082
2019-06-17,13.609999656677246
2019-06-18,13.34000015258789
2019-06-19,13.069999694824219
2019-06-20,12.979999542236328
2019-06-21,13.010000228881836
2019-06-24,12.760000228881836
2019-06-25,12.520000457763672
2019-06-26,12.59000015258789
2019-06-27,12.859999656677246
2019-06-28,13.140000343322754
2019-07-01,12.899999618530273
2019-07-02,12.920000076293945
2019-07-03,12.949999809265137
2019-07-05,13.140000343322754
2019-07-08,12.600000381469727
2019-07-09,12.529999732971191
2019-07-10,12.229999542236328
2019-07-11,11.609999656677246
2019-07-12,11.479999542236328
2019-07-15,11.319999694824219
2019-07-16,11.199999809265137
2019-07-17,11.329999923706055
2019-07-18,11.100000381469727
2019-07-19,11.069999694824219
2019-07-22,10.710000038146973
2019-07-23,10.8100004196167
2019-07-24,10.899999618530273
2019-07-25,10.770000457763672
2019-07-26,10.40999984741211
2019-07-29,10.170000076293945
2019-07-30,9.930000305175781
2019-07-31,9.550000190734863
2019-08-01,9.670000076293945
2019-08-02,9.760000228881836
2019-08-05,9.479999542236328
2019-08-06,9.649999618530273
2019-08-07,9.710000038146973
2019-08-08,9.949999809265137
2019-08-09,10.779999732971191
2019-08-12,10.680000305175781
2019-08-13,10.8100004196167
2019-08-14,10.319999694824219
2019-08-15,10.270000457763672
2019-08-16,10.4399995803833
2019-08-19,10.289999961853027
2019-08-20,9.920000076293945
2019-08-21,10.020000457763672
2019-08-22,9.970000267028809
2019-08-23,9.600000381469727
2019-08-26,9.34000015258789
2019-08-27,8.859999656677246
2019-08-28,8.829999923706055
2019-08-29,8.880000114440918
2019-08-30,8.640000343322754
2019-09-03,8.529999732971191
2019-09-04,8.380000114440918
2019-09-05,8.539999961853027
2019-09-06,8.489999771118164
2019-09-09,8.770000457763672
2019-09-10,9.760000228881836
2019-09-11,10.40999984741211
2019-09-12,10.319999694824219
2019-09-13,10.449999809265137
2019-09-16,10.680000305175781
2019-09-17,10.550000190734863
2019-09-18,10.470000267028809
2019-09-19,10.40999984741211
2019-09-20,10.529999732971191
2019-09-23,10.520000457763672
2019-09-24,10.979999542236328
2019-09-25,10.90999984741211
2019-09-26,11.0600004196167
2019-09-27,10.539999961853027
2019-09-30,10.420000076293945
2019-10-01,10.3100004196167
2019-10-02,10.220000267028809
2019-10-03,9.90999984741211
2019-10-04,9.930000305175781
2019-10-07,9.8100004196167
2019-10-08,9.649999618530273
2019-10-09,9.449999809265137
2019-10-10,9.1899995803833
2019-10-11,9.069999694824219
2019-10-14,8.600000381469727
2019-10-15,8.630000114440918
2019-10-16,8.770000457763672
2019-10-17,8.890000343322754
2019-10-18,8.59000015258789
2019-10-21,8.649999618530273
2019-10-22,8.789999961853027
2019-10-23,9.010000228881836
2019-10-24,8.520000457763672
2019-10-25,8.819999694824219
2019-10-28,8.859999656677246
2019-10-29,9.119999885559082
2019-10-30,8.960000038146973
2019-10-31,8.600000381469727
2019-11-01,9.130000114440918
2019-11-04,9.229999542236328
2019-11-05,9.470000267028809
2019-11-06,9.529999732971191
2019-11-07,9.760000228881836
2019-11-08,9.65999984741211
2019-11-11,9.529999732971191
2019-11-12,9.369999885559082
2019-11-13,9.239999771118164
2019-11-14,9.289999961853027
2019-11-15,9.289999961853027
2019-11-18,9.300000190734863
2019-11-19,8.979999542236328
2019-11-20,8.760000228881836
2019-11-21,8.90999984741211
2019-11-22,9.229999542236328
2019-11-25,9.579999923706055
2019-11-26,9.619999885559082
2019-11-27,9.770000457763672
2019-11-29,9.899999618530273
2019-12-02,9.880000114440918
2019-12-03,9.819999694824219
2019-12-04,9.550000190734863
2019-12-05,9.5
2019-12-06,9.65999984741211
2019-12-09,9.59000015258789
2019-12-10,9.59000015258789
2019-12-11,9.3100004196167
2019-12-12,9.229999542236328
2019-12-13,9.220000267028809
2019-12-16,9.4399995803833
2019-12-17,10.199999809265137
2019-12-18,10.300000190734863
2019-12-19,10.210000038146973
2019-12-20,10.109999656677246
2019-12-23,9.9399995803833
2019-12-24,9.850000381469727
2019-12-26,9.829999923706055
2019-12-27,9.479999542236328
2019-12-30,9.449999809265137
2019-12-31,9.890000343322754
2020-01-02,9.979999542236328
2020-01-03,10.239999771118164
2020-01-06,10.470000267028809
2020-01-07,10.430000305175781
2020-01-08,10.539999961853027
2020-01-09,10.479999542236328
2020-01-10,10.430000305175781
2020-01-13,10.5
2020-01-14,10.510000228881836
2020-01-15,10.600000381469727
2020-01-16,10.789999961853027
2020-01-17,10.770000457763672
2020-01-21,10.850000381469727
2020-01-22,10.859999656677246
2020-01-23,10.890000343322754
2020-01-24,11.0
2020-01-27,10.850000381469727
2020-01-28,10.699999809265137
2020-01-29,10.5
2020-01-30,10.3100004196167
2020-01-31,9.930000305175781
2020-02-03,9.9399995803833
2020-02-04,10.15999984741211
2020-02-05,10.319999694824219
2020-02-06,10.619999885559082
2020-02-07,10.6899995803833
2020-02-10,10.369999885559082
2020-02-11,10.399999618530273
2020-02-12,10.380000114440918
2020-02-13,10.34000015258789
2020-02-14,10.34000015258789
2020-02-18,10.319999694824219
2020-02-19,10.260000228881836
2020-02-20,10.399999618530273
2020-02-21,10.399999618530273
2020-02-24,10.260000228881836
2020-02-25,9.970000267028809
2020-02-26,9.100000381469727
2020-02-27,9.4399995803833
2020-02-28,9.65999984741211
2020-03-02,9.079999923706055
2020-03-03,8.899999618530273
2020-03-04,8.90999984741211
2020-03-05,8.010000228881836
2020-03-06,7.449999809265137
2020-03-09,6.670000076293945
2020-03-10,7.230000019073486
2020-03-11,6.690000057220459
2020-03-12,4.730000019073486
2020-03-13,5.329999923706055
2020-03-16,3.6700000762939453
2020-03-17,3.809999942779541
2020-03-18,2.950000047683716
2020-03-19,3.490000009536743
2020-03-20,5.130000114440918
2020-03-23,5.389999866485596
2020-03-24,5.460000038146973
2020-03-25,5.539999961853027
2020-03-26,5.599999904632568
2020-03-27,4.559999942779541
2020-03-30,4.210000038146973
2020-03-31,4.03000020980835
2020-04-01,3.8399999141693115
2020-04-02,3.9600000381469727
2020-04-03,4.090000152587891
2020-04-06,4.949999809265137
2020-04-07,5.25
2020-04-08,5.519999980926514
2020-04-09,6.0
2020-04-13,5.929999828338623
2020-04-14,6.210000038146973
2020-04-15,6.210000038146973
2020-04-16,6.510000228881836
2020-04-17,7.269999980926514
2020-04-20,6.510000228881836
2020-04-21,6.639999866485596
2020-04-22,6.710000038146973
2020-04-23,6.710000038146973
2020-04-24,5.929999828338623
2020-04-27,6.539999961853027
2020-04-28,6.539999961853027
2020-04-29,7.860000133514404
2020-04-30,7.28000020980835
2020-05-01,6.690000057220459
2020-05-04,6.5
2020-05-05,5.96999979019165
2020-05-06,5.929999828338623
2020-05-07,5.889999866485596
2020-05-08,7.71999979019165
2020-05-11,7.739999771118164
2020-05-12,7.210000038146973
2020-05-13,6.769999980926514
2020-05-14,7.519999980926514
2020-05-15,7.610000133514404
2020-05-18,7.670000076293945
2020-05-19,7.289999961853027
2020-05-20,7.639999866485596
2020-05-21,8.260000228881836
2020-05-22,8.399999618530273
2020-05-26,8.40999984741211
2020-05-27,8.470000267028809
2020-05-28,8.15999984741211
2020-05-29,8.229999542236328
2020-06-01,8.079999923706055
2020-06-02,8.300000190734863
2020-06-03,8.65999984741211
2020-06-04,9.270000457763672
2020-06-05,9.8100004196167
2020-06-08,9.600000381469727
2020-06-09,9.050000190734863
2020-06-10,7.579999923706055
2020-06-11,6.920000076293945
2020-06-12,7.039999961853027
2020-06-15,6.980000019073486
2020-06-16,6.949999809265137
2020-06-17,6.840000152587891
2020-06-18,6.760000228881836
2020-06-19,6.349999904632568
2020-06-22,6.25
2020-06-23,6.590000152587891
2020-06-24,6.269999980926514
2020-06-25,6.0
2020-06-26,5.980000019073486
2020-06-29,6.389999866485596
2020-06-30,6.380000114440918
2020-07-01,6.28000020980835
2020-07-02,6.150000095367432
2020-07-06,6.269999980926514
2020-07-07,5.96999979019165
2020-07-08,5.849999904632568
2020-07-09,5.519999980926514
2020-07-10,5.75
2020-07-13,5.829999923706055
2020-07-14,5.829999923706055
2020-07-15,6.400000095367432
2020-07-16,6.25
2020-07-17,6.960000038146973
2020-07-20,6.599999904632568
2020-07-21,6.309999942779541
2020-07-22,6.420000076293945
2020-07-23,6.53000020980835
2020-07-24,6.389999866485596
2020-07-27,6.179999828338623
2020-07-28,6.28000020980835
2020-07-29,6.559999942779541
2020-07-30,6.53000020980835
2020-07-31,6.480000019073486
2020-08-03,6.25
2020-08-04,6.550000190734863
2020-08-05,6.550000190734863
2020-08-06,9.020000457763672
2020-08-07,9.300000190734863
2020-08-10,9.279999732971191
2020-08-11,9.029999732971191
2020-08-12,8.880000114440918
2020-08-13,9.34000015258789
2020-08-14,9.4399995803833
2020-08-17,9.489999771118164
2020-08-18,9.680000305175781
2020-08-19,9.579999923706055
2020-08-20,9.789999961853027
2020-08-21,10.130000114440918
2020-08-24,10.779999732971191
2020-08-25,10.479999542236328
2020-08-26,10.4399995803833
2020-08-27,10.420000076293945
2020-08-28,10.390000343322754
2020-08-31,10.020000457763672
2020-09-01,10.34000015258789
2020-09-02,10.5
2020-09-03,10.960000038146973
2020-09-04,11.069999694824219
2020-09-08,12.0600004196167
2020-09-09,12.550000190734863
2020-09-10,12.899999618530273
2020-09-11,11.529999732971191
2020-09-14,11.140000343322754
2020-09-15,10.90999984741211
2020-09-16,10.270000457763672
2020-09-17,9.710000038146973
2020-09-18,9.829999923706055
2020-09-21,9.760000228881836
2020-09-22,10.09000015258789
2020-09-23,10.170000076293945
2020-09-24,9.850000381469727
2020-09-25,9.5600004196167
2020-09-28,9.949999809265137
2020-09-29,9.8100004196167
2020-09-30,9.369999885559082
2020-10-01,9.199999809265137
2020-10-02,8.930000305175781
2020-10-05,8.949999809265137
2020-10-06,9.59000015258789
2020-10-07,10.300000190734863
2020-10-08,10.470000267028809
2020-10-09,11.039999961853027
2020-10-12,10.40999984741211
2020-10-13,10.760000228881836
2020-10-14,10.489999771118164
2020-10-15,10.960000038146973
2020-10-16,10.40999984741211
2020-10-19,10.25
2020-10-20,10.579999923706055
2020-10-21,10.430000305175781
2020-10-22,10.489999771118164
2020-10-23,10.619999885559082
2020-10-26,10.119999885559082
2020-10-27,9.289999961853027
2020-10-28,8.770000457763672
2020-10-29,8.850000381469727
2020-10-30,8.640000343322754
2020-11-02,8.960000038146973
2020-11-03,9.479999542236328
2020-11-04,9.489999771118164
2020-11-05,10.069999694824219
2020-11-06,9.470000267028809
2020-11-09,10.600000381469727
2020-11-10,10.550000190734863
2020-11-11,10.520000457763672
2020-11-12,9.9399995803833
2020-11-13,10.279999732971191
2020-11-16,10.770000457763672
2020-11-17,11.25
2020-11-18,11.239999771118164
2020-11-19,11.460000038146973
2020-11-20,11.380000114440918
2020-11-23,11.979999542236328
2020-11-24,12.199999809265137
2020-11-25,12.069999694824219
2020-11-27,12.130000114440918
2020-11-30,11.75
2020-12-01,12.289999961853027
2020-12-02,12.40999984741211
2020-12-03,13.15999984741211
2020-12-04,13.100000381469727
2020-12-07,12.90999984741211
2020-12-08,13.079999923706055
2020-12-09,13.039999961853027
2020-12-10,12.640000343322754
2020-12-11,12.420000076293945
2020-12-14,12.329999923706055
2020-12-15,12.619999885559082
2020-12-16,12.520000457763672
2020-12-17,12.069999694824219
2020-12-18,11.949999809265137
2020-12-21,11.789999961853027
2020-12-22,11.760000228881836
2020-12-23,11.760000228881836
2020-12-24,11.770000457763672
2020-12-28,11.680000305175781
2020-12-29,11.600000381469727
2020-12-30,11.229999542236328
2020-12-31,11.399999618530273
2021-01-04,10.710000038146973
2021-01-05,12.569999694824219
2021-01-06,12.84000015258789
2021-01-07,13.289999961853027
2021-01-08,13.029999732971191
2021-01-11,13.350000381469727
2021-01-12,14.119999885559082
2021-01-13,14.0600004196167
2021-01-14,14.1899995803833
2021-01-15,14.680000305175781
2021-01-19,14.829999923706055
2021-01-20,15.210000038146973
2021-01-21,15.350000381469727
2021-01-22,15.380000114440918
2021-01-25,15.6899995803833
2021-01-26,15.6899995803833
2021-01-27,14.59000015258789
2021-01-28,14.989999771118164
2021-01-29,15.0600004196167
2021-02-01,16.459999084472656
2021-02-02,16.1299991607666
2021-02-03,15.920000076293945
2021-02-04,15.869999885559082
2021-02-05,16.0
2021-02-08,16.270000457763672
2021-02-09,16.6200008392334
2021-02-10,16.6299991607666
2021-02-11,16.8700008392334
2021-02-12,17.040000915527344
2021-02-16,16.399999618530273
2021-02-17,16.239999771118164
2021-02-18,16.3700008392334
2021-02-19,16.3700008392334
2021-02-22,16.25
2021-02-23,15.6899995803833
2021-02-24,16.18000030517578
2021-02-25,15.1899995803833
2021-02-26,15.260000228881836
2021-03-01,15.859999656677246
2021-03-02,16.219999313354492
2021-03-03,16.270000457763672
2021-03-04,15.789999961853027
2021-03-05,16.829999923706055
2021-03-08,18.299999237060547
2021-03-09,17.270000457763672
2021-03-10,17.549999237060547
2021-03-11,17.43000030517578
2021-03-12,16.90999984741211
2021-03-15,16.860000610351562
2021-03-16,16.100000381469727
2021-03-17,15.5
2021-03-18,15.680000305175781
2021-03-19,15.279999732971191
2021-03-22,14.260000228881836
2021-03-23,13.430000305175781
2021-03-24,12.970000267028809
2021-03-25,13.25
2021-03-26,13.600000381469727
2021-03-29,12.859999656677246
2021-03-30,13.010000228881836
2021-03-31,12.59000015258789
2021-04-01,12.600000381469727
2021-04-05,12.600000381469727
2021-04-06,13.25
2021-04-07,13.649999618530273
2021-04-08,13.800000190734863
2021-04-09,13.949999809265137
2021-04-12,13.989999771118164
2021-04-13,13.609999656677246
2021-04-14,13.510000228881836
2021-04-15,13.760000228881836
2021-04-16,13.729999542236328
2021-04-19,13.34000015258789
2021-04-20,14.119999885559082
2021-04-21,14.420000076293945
2021-04-22,14.350000381469727
2021-04-23,14.40999984741211
2021-04-26,13.920000076293945
2021-04-27,13.899999618530273
2021-04-28,14.390000343322754
2021-04-29,14.760000228881836
2021-04-30,14.739999771118164
2021-05-03,14.59000015258789
2021-05-04,13.960000038146973
2021-05-05,13.6899995803833
2021-05-06,13.529999732971191
2021-05-07,13.920000076293945
2021-05-10,13.329999923706055
2021-05-11,13.489999771118164
2021-05-12,13.270000457763672
2021-05-13,13.390000343322754
2021-05-14,13.529999732971191
