,IPO
2013-10-16,20.34000015258789
2013-10-17,20.43000030517578
2013-10-18,20.719999313354492
2013-10-21,20.6299991607666
2013-10-22,20.65999984741211
2013-10-23,20.5
2013-10-24,20.75
2013-10-25,20.68000030517578
2013-10-28,20.450000762939453
2013-10-29,20.3799991607666
2013-10-30,20.34000015258789
2013-10-31,20.299999237060547
2013-11-01,20.15999984741211
2013-11-04,20.3799991607666
2013-11-05,20.479999542236328
2013-11-06,20.440000534057617
2013-11-07,19.8799991607666
2013-11-08,20.100000381469727
2013-11-11,20.149999618530273
2013-11-12,20.15999984741211
2013-11-13,20.420000076293945
2013-11-14,20.600000381469727
2013-11-15,20.790000915527344
2013-11-18,20.34000015258789
2013-11-19,20.190000534057617
2013-11-20,20.139999389648438
2013-11-21,20.389999389648438
2013-11-22,20.610000610351562
2013-11-25,20.450000762939453
2013-11-26,20.670000076293945
2013-11-27,20.790000915527344
2013-11-29,20.799999237060547
2013-12-02,20.65999984741211
2013-12-03,20.489999771118164
2013-12-04,20.600000381469727
2013-12-05,20.690000534057617
2013-12-06,20.670000076293945
2013-12-09,20.790000915527344
2013-12-10,20.979999542236328
2013-12-11,20.610000610351562
2013-12-12,20.81999969482422
2013-12-13,21.030000686645508
2013-12-16,21.18000030517578
2013-12-17,21.219999313354492
2013-12-18,21.5
2013-12-19,21.329999923706055
2013-12-20,21.450000762939453
2013-12-23,21.790000915527344
2013-12-24,21.850000381469727
2013-12-26,21.969999313354492
2013-12-27,21.780000686645508
2013-12-30,21.649999618530273
2013-12-31,21.860000610351562
2014-01-02,21.760000228881836
2014-01-03,21.860000610351562
2014-01-06,21.889999389648438
2014-01-07,22.040000915527344
2014-01-08,21.950000762939453
2014-01-09,21.8799991607666
2014-01-10,22.059999465942383
2014-01-13,21.639999389648438
2014-01-14,21.989999771118164
2014-01-15,22.149999618530273
2014-01-16,22.280000686645508
2014-01-17,22.079999923706055
2014-01-21,22.15999984741211
2014-01-22,22.229999542236328
2014-01-23,22.079999923706055
2014-01-24,21.540000915527344
2014-01-27,21.329999923706055
2014-01-28,21.610000610351562
2014-01-29,21.25
2014-01-30,21.920000076293945
2014-01-31,21.889999389648438
2014-02-03,21.440000534057617
2014-02-04,21.670000076293945
2014-02-05,21.56999969482422
2014-02-06,21.6200008392334
2014-02-07,22.040000915527344
2014-02-10,22.049999237060547
2014-02-11,22.170000076293945
2014-02-12,22.270000457763672
2014-02-13,22.6299991607666
2014-02-14,22.75
2014-02-18,22.8700008392334
2014-02-19,22.760000228881836
2014-02-20,22.920000076293945
2014-02-21,22.93000030517578
2014-02-24,23.149999618530273
2014-02-25,23.1299991607666
2014-02-26,23.280000686645508
2014-02-27,23.639999389648438
2014-02-28,23.559999465942383
2014-03-03,23.31999969482422
2014-03-04,23.6200008392334
2014-03-05,23.690000534057617
2014-03-06,23.65999984741211
2014-03-07,23.479999542236328
2014-03-10,23.43000030517578
2014-03-11,23.25
2014-03-12,23.31999969482422
2014-03-13,22.969999313354492
2014-03-14,22.979999542236328
2014-03-17,23.1299991607666
2014-03-18,23.280000686645508
2014-03-19,23.170000076293945
2014-03-20,23.1200008392334
2014-03-21,22.93000030517578
2014-03-24,22.469999313354492
2014-03-25,22.510000228881836
2014-03-26,22.09000015258789
2014-03-27,22.079999923706055
2014-03-28,22.170000076293945
2014-03-31,22.299999237060547
2014-04-01,22.75
2014-04-02,22.670000076293945
2014-04-03,22.09000015258789
2014-04-04,21.6200008392334
2014-04-07,21.200000762939453
2014-04-08,21.389999389648438
2014-04-09,21.899999618530273
2014-04-10,21.200000762939453
2014-04-11,20.850000381469727
2014-04-14,21.0
2014-04-15,21.170000076293945
2014-04-16,21.40999984741211
2014-04-17,21.56999969482422
2014-04-21,21.6200008392334
2014-04-22,21.989999771118164
2014-04-23,21.709999084472656
2014-04-24,21.549999237060547
2014-04-25,21.1200008392334
2014-04-28,20.920000076293945
2014-04-29,21.209999084472656
2014-04-30,21.219999313354492
2014-05-01,21.40999984741211
2014-05-02,21.440000534057617
2014-05-05,21.40999984741211
2014-05-06,21.09000015258789
2014-05-07,20.700000762939453
2014-05-08,20.59000015258789
2014-05-09,20.559999465942383
2014-05-12,21.110000610351562
2014-05-13,20.979999542236328
2014-05-14,20.8799991607666
2014-05-15,20.670000076293945
2014-05-16,20.809999465942383
2014-05-19,20.979999542236328
2014-05-20,20.860000610351562
2014-05-21,20.989999771118164
2014-05-22,21.09000015258789
2014-05-23,21.209999084472656
2014-05-27,21.450000762939453
2014-05-28,21.5
2014-05-29,21.5
2014-05-30,21.34000015258789
2014-06-02,21.309999465942383
2014-06-03,21.3700008392334
2014-06-04,21.540000915527344
2014-06-05,21.719999313354492
2014-06-06,21.84000015258789
2014-06-09,21.940000534057617
2014-06-10,22.06999969482422
2014-06-11,22.079999923706055
2014-06-12,22.049999237060547
2014-06-13,22.1299991607666
2014-06-16,22.260000228881836
2014-06-17,22.459999084472656
2014-06-18,22.6200008392334
2014-06-19,22.559999465942383
2014-06-20,22.549999237060547
2014-06-23,22.719999313354492
2014-06-24,22.5
2014-06-25,22.639999389648438
2014-06-26,22.809999465942383
2014-06-27,22.780000686645508
2014-06-30,22.899999618530273
2014-07-01,23.09000015258789
2014-07-02,23.0
2014-07-03,23.020000457763672
2014-07-07,22.670000076293945
2014-07-08,22.1299991607666
2014-07-09,22.239999771118164
2014-07-10,22.149999618530273
2014-07-11,22.149999618530273
2014-07-14,22.239999771118164
2014-07-15,22.010000228881836
2014-07-16,22.09000015258789
2014-07-17,21.780000686645508
2014-07-18,22.06999969482422
2014-07-21,22.209999084472656
2014-07-22,22.329999923706055
2014-07-23,22.34000015258789
2014-07-24,22.510000228881836
2014-07-25,22.389999389648438
2014-07-28,22.309999465942383
2014-07-29,22.329999923706055
2014-07-30,22.790000915527344
2014-07-31,22.350000381469727
2014-08-01,22.079999923706055
2014-08-04,22.309999465942383
2014-08-05,22.030000686645508
2014-08-06,21.950000762939453
2014-08-07,21.90999984741211
2014-08-08,22.049999237060547
2014-08-11,22.25
2014-08-12,22.200000762939453
2014-08-13,22.31999969482422
2014-08-14,22.440000534057617
2014-08-15,22.489999771118164
2014-08-18,22.670000076293945
2014-08-19,22.829999923706055
2014-08-20,22.93000030517578
2014-08-21,22.8799991607666
2014-08-22,23.010000228881836
2014-08-25,23.040000915527344
2014-08-26,23.25
2014-08-27,23.299999237060547
2014-08-28,23.290000915527344
2014-08-29,23.5
2014-09-02,23.639999389648438
2014-09-03,23.489999771118164
2014-09-04,23.360000610351562
2014-09-05,23.56999969482422
2014-09-08,23.760000228881836
2014-09-09,23.56999969482422
2014-09-10,23.75
2014-09-11,23.809999465942383
2014-09-12,23.6200008392334
2014-09-15,23.139999389648438
2014-09-16,23.3700008392334
2014-09-17,23.459999084472656
2014-09-18,23.489999771118164
2014-09-19,23.56999969482422
2014-09-22,23.15999984741211
2014-09-23,23.020000457763672
2014-09-24,23.18000030517578
2014-09-25,22.809999465942383
2014-09-26,22.979999542236328
2014-09-29,23.079999923706055
2014-09-30,22.979999542236328
2014-10-01,22.459999084472656
2014-10-02,22.709999084472656
2014-10-03,22.969999313354492
2014-10-06,22.850000381469727
2014-10-07,22.56999969482422
2014-10-08,22.81999969482422
2014-10-09,22.450000762939453
2014-10-10,21.739999771118164
2014-10-13,21.190000534057617
2014-10-14,21.239999771118164
2014-10-15,21.34000015258789
2014-10-16,21.59000015258789
2014-10-17,21.8799991607666
2014-10-20,22.139999389648438
2014-10-21,22.6200008392334
2014-10-22,22.290000915527344
2014-10-23,22.690000534057617
2014-10-24,22.799999237060547
2014-10-27,22.739999771118164
2014-10-28,22.899999618530273
2014-10-29,22.649999618530273
2014-10-30,22.799999237060547
2014-10-31,22.989999771118164
2014-11-03,23.06999969482422
2014-11-04,23.110000610351562
2014-11-05,23.110000610351562
2014-11-06,23.399999618530273
2014-11-07,23.520000457763672
2014-11-10,23.56999969482422
2014-11-11,23.690000534057617
2014-11-12,23.8700008392334
2014-11-13,23.600000381469727
2014-11-14,23.809999465942383
2014-11-17,23.729999542236328
2014-11-18,23.780000686645508
2014-11-19,23.520000457763672
2014-11-20,23.700000762939453
2014-11-21,23.850000381469727
2014-11-24,24.030000686645508
2014-11-25,23.8700008392334
2014-11-26,23.989999771118164
2014-11-28,23.790000915527344
2014-12-01,23.25
2014-12-02,23.469999313354492
2014-12-03,23.610000610351562
2014-12-04,23.43000030517578
2014-12-05,23.360000610351562
2014-12-08,23.049999237060547
2014-12-09,23.239999771118164
2014-12-10,22.799999237060547
2014-12-11,22.899999618530273
2014-12-12,22.829999923706055
2014-12-15,22.56999969482422
2014-12-16,22.399999618530273
2014-12-17,22.93000030517578
2014-12-18,23.360000610351562
2014-12-19,23.040000915527344
2014-12-22,23.200000762939453
2014-12-23,23.110000610351562
2014-12-24,23.229999542236328
2014-12-26,23.229999542236328
2014-12-29,23.149999618530273
2014-12-30,22.93000030517578
2014-12-31,22.81999969482422
2015-01-02,22.719999313354492
2015-01-05,22.399999618530273
2015-01-06,22.520000457763672
2015-01-07,22.559999465942383
2015-01-08,23.030000686645508
2015-01-09,23.06999969482422
2015-01-12,22.729999542236328
2015-01-13,22.68000030517578
2015-01-14,22.59000015258789
2015-01-15,22.100000381469727
2015-01-16,22.329999923706055
2015-01-20,22.40999984741211
2015-01-21,22.510000228881836
2015-01-22,22.850000381469727
2015-01-23,22.899999618530273
2015-01-26,23.139999389648438
2015-01-27,22.979999542236328
2015-01-28,22.579999923706055
2015-01-29,22.389999389648438
2015-01-30,22.170000076293945
2015-02-02,22.1200008392334
2015-02-03,22.81999969482422
2015-02-04,22.8700008392334
2015-02-05,23.059999465942383
2015-02-06,23.270000457763672
2015-02-09,23.170000076293945
2015-02-10,23.389999389648438
2015-02-11,23.600000381469727
2015-02-12,23.90999984741211
2015-02-13,24.0
2015-02-17,24.030000686645508
2015-02-18,24.110000610351562
2015-02-19,24.229999542236328
2015-02-20,24.290000915527344
2015-02-23,24.1200008392334
2015-02-24,24.09000015258789
2015-02-25,24.170000076293945
2015-02-26,24.260000228881836
2015-02-27,24.100000381469727
2015-03-02,24.200000762939453
2015-03-03,24.139999389648438
2015-03-04,24.18000030517578
2015-03-05,24.239999771118164
2015-03-06,23.93000030517578
2015-03-09,24.010000228881836
2015-03-10,23.729999542236328
2015-03-11,23.770000457763672
2015-03-12,24.049999237060547
2015-03-13,23.850000381469727
2015-03-16,24.149999618530273
2015-03-17,24.25
2015-03-18,24.520000457763672
2015-03-19,24.59000015258789
2015-03-20,24.639999389648438
2015-03-23,24.56999969482422
2015-03-24,24.690000534057617
2015-03-25,24.299999237060547
2015-03-26,24.229999542236328
2015-03-27,24.3700008392334
2015-03-30,24.489999771118164
2015-03-31,24.420000076293945
2015-04-01,24.219999313354492
2015-04-02,24.309999465942383
2015-04-06,24.459999084472656
2015-04-07,24.600000381469727
2015-04-08,24.899999618530273
2015-04-09,24.889999389648438
2015-04-10,24.889999389648438
2015-04-13,24.889999389648438
2015-04-14,24.81999969482422
2015-04-15,25.059999465942383
2015-04-16,25.1200008392334
2015-04-17,24.670000076293945
2015-04-20,24.81999969482422
2015-04-21,24.93000030517578
2015-04-22,24.979999542236328
2015-04-23,25.06999969482422
2015-04-24,25.110000610351562
2015-04-27,25.030000686645508
2015-04-28,24.670000076293945
2015-04-29,24.25
2015-04-30,24.06999969482422
2015-05-01,24.149999618530273
2015-05-04,24.190000534057617
2015-05-05,23.829999923706055
2015-05-06,23.84000015258789
2015-05-07,24.1200008392334
2015-05-08,24.40999984741211
2015-05-11,24.3799991607666
2015-05-12,24.3700008392334
2015-05-13,24.40999984741211
2015-05-14,24.540000915527344
2015-05-15,24.549999237060547
2015-05-18,24.540000915527344
2015-05-19,24.65999984741211
2015-05-20,24.739999771118164
2015-05-21,24.8700008392334
2015-05-22,24.950000762939453
2015-05-26,24.709999084472656
2015-05-27,24.739999771118164
2015-05-28,24.75
2015-05-29,24.6299991607666
2015-06-01,24.799999237060547
2015-06-02,24.75
2015-06-03,24.90999984741211
2015-06-04,24.719999313354492
2015-06-05,24.899999618530273
2015-06-08,24.690000534057617
2015-06-09,24.68000030517578
2015-06-10,24.780000686645508
2015-06-11,24.790000915527344
2015-06-12,24.809999465942383
2015-06-15,24.739999771118164
2015-06-16,24.790000915527344
2015-06-17,24.81999969482422
2015-06-18,24.969999313354492
2015-06-19,24.959999084472656
2015-06-22,24.899999618530273
2015-06-23,24.850000381469727
2015-06-24,24.639999389648438
2015-06-25,24.690000534057617
2015-06-26,24.440000534057617
2015-06-29,23.8799991607666
2015-06-30,24.149999618530273
2015-07-01,24.170000076293945
2015-07-02,24.049999237060547
2015-07-06,23.81999969482422
2015-07-07,23.8799991607666
2015-07-08,23.43000030517578
2015-07-09,23.770000457763672
2015-07-10,23.979999542236328
2015-07-13,24.329999923706055
2015-07-14,24.520000457763672
2015-07-15,24.329999923706055
2015-07-16,24.5
2015-07-17,24.540000915527344
2015-07-20,24.549999237060547
2015-07-21,24.530000686645508
2015-07-22,24.6200008392334
2015-07-23,24.479999542236328
2015-07-24,24.209999084472656
2015-07-27,23.700000762939453
2015-07-28,24.059999465942383
2015-07-29,24.059999465942383
2015-07-30,24.049999237060547
2015-07-31,24.040000915527344
2015-08-03,23.799999237060547
2015-08-04,23.799999237060547
2015-08-05,23.790000915527344
2015-08-06,23.389999389648438
2015-08-07,23.219999313354492
2015-08-10,23.59000015258789
2015-08-11,23.09000015258789
2015-08-12,22.899999618530273
2015-08-13,22.920000076293945
2015-08-14,23.010000228881836
2015-08-17,23.190000534057617
2015-08-18,23.06999969482422
2015-08-19,22.790000915527344
2015-08-20,22.0
2015-08-21,21.549999237060547
2015-08-24,20.850000381469727
2015-08-25,20.809999465942383
2015-08-26,21.260000228881836
2015-08-27,21.829999923706055
2015-08-28,21.93000030517578
2015-08-31,21.809999465942383
2015-09-01,21.1299991607666
2015-09-02,21.299999237060547
2015-09-03,21.459999084472656
2015-09-04,21.030000686645508
2015-09-08,21.280000686645508
2015-09-09,21.270000457763672
2015-09-10,21.110000610351562
2015-09-11,21.100000381469727
2015-09-14,21.040000915527344
2015-09-15,21.229999542236328
2015-09-16,21.5
2015-09-17,21.729999542236328
2015-09-18,21.329999923706055
2015-09-21,21.139999389648438
2015-09-22,20.59000015258789
2015-09-23,20.5
2015-09-24,20.40999984741211
2015-09-25,20.09000015258789
2015-09-28,19.360000610351562
2015-09-29,19.329999923706055
2015-09-30,19.899999618530273
2015-10-01,19.829999923706055
2015-10-02,20.489999771118164
2015-10-05,20.860000610351562
2015-10-06,20.6299991607666
2015-10-07,21.09000015258789
2015-10-08,21.219999313354492
2015-10-09,21.399999618530273
2015-10-12,21.350000381469727
2015-10-13,21.139999389648438
2015-10-14,21.040000915527344
2015-10-15,21.3700008392334
2015-10-16,21.469999313354492
2015-10-19,21.56999969482422
2015-10-20,21.40999984741211
2015-10-21,21.040000915527344
2015-10-22,21.09000015258789
2015-10-23,21.530000686645508
2015-10-26,21.510000228881836
2015-10-27,21.56999969482422
2015-10-28,21.889999389648438
2015-10-29,21.479999542236328
2015-10-30,21.469999313354492
2015-11-02,21.770000457763672
2015-11-03,21.920000076293945
2015-11-04,21.979999542236328
2015-11-05,21.760000228881836
2015-11-06,21.770000457763672
2015-11-09,21.600000381469727
2015-11-10,21.549999237060547
2015-11-11,21.350000381469727
2015-11-12,21.1299991607666
2015-11-13,20.81999969482422
2015-11-16,20.950000762939453
2015-11-17,20.899999618530273
2015-11-18,21.15999984741211
2015-11-19,21.149999618530273
2015-11-20,21.260000228881836
2015-11-23,21.389999389648438
2015-11-24,21.40999984741211
2015-11-25,21.540000915527344
2015-11-27,21.5
2015-11-30,21.530000686645508
2015-12-01,21.68000030517578
2015-12-02,21.6299991607666
2015-12-03,21.139999389648438
2015-12-04,21.34000015258789
2015-12-07,21.139999389648438
2015-12-08,21.139999389648438
2015-12-09,20.8799991607666
2015-12-10,21.059999465942383
2015-12-11,20.420000076293945
2015-12-14,20.360000610351562
2015-12-15,20.639999389648438
2015-12-16,21.0
2015-12-17,20.760000228881836
2015-12-18,20.450000762939453
2015-12-21,20.479999542236328
2015-12-22,20.670000076293945
2015-12-23,21.0
2015-12-24,21.030000686645508
2015-12-28,20.780000686645508
2015-12-29,21.049999237060547
2015-12-30,20.809999465942383
2015-12-31,20.889999389648438
2016-01-04,20.280000686645508
2016-01-05,20.229999542236328
2016-01-06,19.81999969482422
2016-01-07,19.25
2016-01-08,19.010000228881836
2016-01-11,18.709999084472656
2016-01-12,18.790000915527344
2016-01-13,18.280000686645508
2016-01-14,18.40999984741211
2016-01-15,17.979999542236328
2016-01-19,17.829999923706055
2016-01-20,17.700000762939453
2016-01-21,17.729999542236328
2016-01-22,18.1200008392334
2016-01-25,17.8799991607666
2016-01-26,17.889999389648438
2016-01-27,17.510000228881836
2016-01-28,17.43000030517578
2016-01-29,17.59000015258789
2016-02-01,17.670000076293945
2016-02-02,17.350000381469727
2016-02-03,16.8700008392334
2016-02-04,17.34000015258789
2016-02-05,16.81999969482422
2016-02-08,16.09000015258789
2016-02-09,16.1299991607666
2016-02-10,16.3700008392334
2016-02-11,15.880000114440918
2016-02-12,16.260000228881836
2016-02-16,16.969999313354492
2016-02-17,17.489999771118164
2016-02-18,17.350000381469727
2016-02-19,17.5
2016-02-22,17.81999969482422
2016-02-23,17.5
2016-02-24,17.399999618530273
2016-02-25,17.559999465942383
2016-02-26,17.8799991607666
2016-02-29,17.989999771118164
2016-03-01,18.260000228881836
2016-03-02,18.56999969482422
2016-03-03,18.549999237060547
2016-03-04,18.770000457763672
2016-03-07,18.829999923706055
2016-03-08,18.40999984741211
2016-03-09,18.479999542236328
2016-03-10,18.43000030517578
2016-03-11,18.920000076293945
2016-03-14,18.799999237060547
2016-03-15,18.5
2016-03-16,18.670000076293945
2016-03-17,18.84000015258789
2016-03-18,18.940000534057617
2016-03-21,19.059999465942383
2016-03-22,19.1299991607666
2016-03-23,18.780000686645508
2016-03-24,18.639999389648438
2016-03-28,18.75
2016-03-29,19.06999969482422
2016-03-30,19.15999984741211
2016-03-31,19.280000686645508
2016-04-01,19.399999618530273
2016-04-04,19.3700008392334
2016-04-05,19.059999465942383
2016-04-06,19.399999618530273
2016-04-07,19.190000534057617
2016-04-08,19.219999313354492
2016-04-11,19.360000610351562
2016-04-12,19.450000762939453
2016-04-13,19.8799991607666
2016-04-14,19.950000762939453
2016-04-15,19.950000762939453
2016-04-18,20.010000228881836
2016-04-19,20.09000015258789
2016-04-20,20.280000686645508
2016-04-21,20.209999084472656
2016-04-22,20.260000228881836
2016-04-25,20.09000015258789
2016-04-26,20.110000610351562
2016-04-27,20.219999313354492
2016-04-28,20.290000915527344
2016-04-29,19.969999313354492
2016-05-02,20.040000915527344
2016-05-03,19.670000076293945
2016-05-04,19.440000534057617
2016-05-05,19.440000534057617
2016-05-06,19.420000076293945
2016-05-09,19.389999389648438
2016-05-10,19.6200008392334
2016-05-11,19.479999542236328
2016-05-12,19.219999313354492
2016-05-13,19.15999984741211
2016-05-16,19.420000076293945
2016-05-17,19.329999923706055
2016-05-18,19.389999389648438
2016-05-19,19.360000610351562
2016-05-20,19.600000381469727
2016-05-23,19.65999984741211
2016-05-24,19.8799991607666
2016-05-25,19.799999237060547
2016-05-26,19.860000610351562
2016-05-27,20.059999465942383
2016-05-31,20.200000762939453
2016-06-01,20.15999984741211
2016-06-02,20.15999984741211
2016-06-03,20.040000915527344
2016-06-06,20.290000915527344
2016-06-07,20.270000457763672
2016-06-08,20.239999771118164
2016-06-09,20.059999465942383
2016-06-10,19.610000610351562
2016-06-13,19.440000534057617
2016-06-14,19.059999465942383
2016-06-15,19.100000381469727
2016-06-16,18.979999542236328
2016-06-17,19.020000457763672
2016-06-20,19.389999389648438
2016-06-21,19.3700008392334
2016-06-22,19.239999771118164
2016-06-23,19.549999237060547
2016-06-24,18.770000457763672
2016-06-27,18.09000015258789
2016-06-28,18.309999465942383
2016-06-29,18.940000534057617
2016-06-30,19.219999313354492
2016-07-01,19.270000457763672
2016-07-05,19.06999969482422
2016-07-06,19.059999465942383
2016-07-07,19.18000030517578
2016-07-08,19.5
2016-07-11,19.84000015258789
2016-07-12,19.959999084472656
2016-07-13,19.8700008392334
2016-07-14,19.969999313354492
2016-07-15,19.920000076293945
2016-07-18,20.059999465942383
2016-07-19,19.989999771118164
2016-07-20,20.200000762939453
2016-07-21,20.170000076293945
2016-07-22,20.260000228881836
2016-07-25,20.18000030517578
2016-07-26,20.200000762939453
2016-07-27,20.270000457763672
2016-07-28,20.260000228881836
2016-07-29,20.25
2016-08-01,20.18000030517578
2016-08-02,19.959999084472656
2016-08-03,20.15999984741211
2016-08-04,20.329999923706055
2016-08-05,20.459999084472656
2016-08-08,20.56999969482422
2016-08-09,20.530000686645508
2016-08-10,20.389999389648438
2016-08-11,20.579999923706055
2016-08-12,20.75
2016-08-15,21.020000457763672
2016-08-16,20.75
2016-08-17,20.579999923706055
2016-08-18,20.729999542236328
2016-08-19,20.75
2016-08-22,20.739999771118164
2016-08-23,20.969999313354492
2016-08-24,20.799999237060547
2016-08-25,20.700000762939453
2016-08-26,20.729999542236328
2016-08-29,20.81999969482422
2016-08-30,20.8799991607666
2016-08-31,20.920000076293945
2016-09-01,20.84000015258789
2016-09-02,21.09000015258789
2016-09-06,21.1299991607666
2016-09-07,21.239999771118164
2016-09-08,21.209999084472656
2016-09-09,21.209999084472656
2016-09-12,20.84000015258789
2016-09-13,20.43000030517578
2016-09-14,20.489999771118164
2016-09-15,20.700000762939453
2016-09-16,20.719999313354492
2016-09-19,20.719999313354492
2016-09-20,20.68000030517578
2016-09-21,20.889999389648438
2016-09-22,21.270000457763672
2016-09-23,21.270000457763672
2016-09-26,21.040000915527344
2016-09-27,21.239999771118164
2016-09-28,21.270000457763672
2016-09-29,20.989999771118164
2016-09-30,21.170000076293945
2016-10-03,21.049999237060547
2016-10-04,21.010000228881836
2016-10-05,21.15999984741211
2016-10-06,21.110000610351562
2016-10-07,20.920000076293945
2016-10-10,21.06999969482422
2016-10-11,20.65999984741211
2016-10-12,20.610000610351562
2016-10-13,20.520000457763672
2016-10-14,20.559999465942383
2016-10-17,20.489999771118164
2016-10-18,20.68000030517578
2016-10-19,20.770000457763672
2016-10-20,20.81999969482422
2016-10-21,20.889999389648438
2016-10-24,21.020000457763672
2016-10-25,20.8700008392334
2016-10-26,20.6299991607666
2016-10-27,20.489999771118164
2016-10-28,20.25
2016-10-31,20.25
2016-11-01,20.1299991607666
2016-11-02,20.010000228881836
2016-11-03,19.549999237060547
2016-11-04,19.719999313354492
2016-11-07,20.1200008392334
2016-11-08,20.100000381469727
2016-11-09,20.299999237060547
2016-11-10,20.43000030517578
2016-11-11,20.450000762939453
2016-11-14,20.5
2016-11-15,20.739999771118164
2016-11-16,20.719999313354492
2016-11-17,20.84000015258789
2016-11-18,20.889999389648438
2016-11-21,21.0
2016-11-22,21.0
2016-11-23,20.940000534057617
2016-11-25,21.020000457763672
2016-11-28,20.850000381469727
2016-11-29,20.809999465942383
2016-11-30,20.809999465942383
2016-12-01,20.670000076293945
2016-12-02,20.479999542236328
2016-12-05,20.56999969482422
2016-12-06,20.760000228881836
2016-12-07,20.899999618530273
2016-12-08,21.15999984741211
2016-12-09,21.139999389648438
2016-12-12,20.950000762939453
2016-12-13,20.8799991607666
2016-12-14,20.729999542236328
2016-12-15,20.700000762939453
2016-12-16,20.760000228881836
2016-12-19,20.81999969482422
2016-12-20,20.8799991607666
2016-12-21,20.8799991607666
2016-12-22,20.719999313354492
2016-12-23,20.799999237060547
2016-12-27,21.0
2016-12-28,20.809999465942383
2016-12-29,20.75
2016-12-30,20.670000076293945
2017-01-03,20.81999969482422
2017-01-04,21.200000762939453
2017-01-05,21.280000686645508
2017-01-06,21.360000610351562
2017-01-09,21.43000030517578
2017-01-10,21.350000381469727
2017-01-11,21.40999984741211
2017-01-12,21.350000381469727
2017-01-13,21.520000457763672
2017-01-17,21.43000030517578
2017-01-18,21.530000686645508
2017-01-19,21.549999237060547
2017-01-20,21.690000534057617
2017-01-23,21.56999969482422
2017-01-24,21.850000381469727
2017-01-25,21.969999313354492
2017-01-26,21.760000228881836
2017-01-27,21.700000762939453
2017-01-30,21.389999389648438
2017-01-31,21.420000076293945
2017-02-01,21.43000030517578
2017-02-02,21.579999923706055
2017-02-03,21.799999237060547
2017-02-06,21.639999389648438
2017-02-07,21.639999389648438
2017-02-08,21.489999771118164
2017-02-09,21.899999618530273
2017-02-10,22.049999237060547
2017-02-13,22.200000762939453
2017-02-14,22.399999618530273
2017-02-15,22.670000076293945
2017-02-16,22.510000228881836
2017-02-17,22.610000610351562
2017-02-21,22.809999465942383
2017-02-22,22.780000686645508
2017-02-23,22.809999465942383
2017-02-24,22.729999542236328
2017-02-27,22.81999969482422
2017-02-28,22.600000381469727
2017-03-01,22.84000015258789
2017-03-02,22.600000381469727
2017-03-03,22.68000030517578
2017-03-06,22.479999542236328
2017-03-07,22.360000610351562
2017-03-08,22.399999618530273
2017-03-09,22.31999969482422
2017-03-10,22.450000762939453
2017-03-13,22.479999542236328
2017-03-14,22.31999969482422
2017-03-15,22.40999984741211
2017-03-16,22.579999923706055
2017-03-17,22.649999618530273
2017-03-20,22.549999237060547
2017-03-21,22.209999084472656
2017-03-22,22.34000015258789
2017-03-23,22.56999969482422
2017-03-24,22.649999618530273
2017-03-27,22.770000457763672
2017-03-28,22.940000534057617
2017-03-29,23.049999237060547
2017-03-30,23.059999465942383
2017-03-31,23.1200008392334
2017-04-03,22.920000076293945
2017-04-04,22.940000534057617
2017-04-05,22.639999389648438
2017-04-06,22.719999313354492
2017-04-07,22.760000228881836
2017-04-10,22.829999923706055
2017-04-11,22.75
2017-04-12,22.75
2017-04-13,22.600000381469727
2017-04-17,22.799999237060547
2017-04-18,22.829999923706055
2017-04-19,23.040000915527344
2017-04-20,23.270000457763672
2017-04-21,23.229999542236328
2017-04-24,23.5
2017-04-25,23.649999618530273
2017-04-26,23.739999771118164
2017-04-27,23.809999465942383
2017-04-28,23.799999237060547
2017-05-01,23.979999542236328
2017-05-02,24.149999618530273
2017-05-03,23.8799991607666
2017-05-04,24.25
2017-05-05,24.579999923706055
2017-05-08,24.649999618530273
2017-05-09,24.760000228881836
2017-05-10,24.920000076293945
2017-05-11,24.600000381469727
2017-05-12,24.649999618530273
2017-05-15,25.040000915527344
2017-05-16,25.020000457763672
2017-05-17,24.469999313354492
2017-05-18,24.540000915527344
2017-05-19,24.639999389648438
2017-05-22,24.84000015258789
2017-05-23,24.860000610351562
2017-05-24,25.06999969482422
2017-05-25,25.149999618530273
2017-05-26,25.190000534057617
2017-05-30,25.110000610351562
2017-05-31,25.170000076293945
2017-06-01,25.670000076293945
2017-06-02,25.84000015258789
2017-06-05,25.75
2017-06-06,25.81999969482422
2017-06-07,25.729999542236328
2017-06-08,25.770000457763672
2017-06-09,25.440000534057617
2017-06-12,25.1299991607666
2017-06-13,25.329999923706055
2017-06-14,25.270000457763672
2017-06-15,25.15999984741211
2017-06-16,25.0
2017-06-19,25.420000076293945
2017-06-20,25.110000610351562
2017-06-21,25.06999969482422
2017-06-22,25.229999542236328
2017-06-23,25.219999313354492
2017-06-26,25.25
2017-06-27,25.0
2017-06-28,25.309999465942383
2017-06-29,24.940000534057617
2017-06-30,25.049999237060547
2017-07-03,24.8799991607666
2017-07-05,24.940000534057617
2017-07-06,24.709999084472656
2017-07-07,24.920000076293945
2017-07-10,24.93000030517578
2017-07-11,25.059999465942383
2017-07-12,25.31999969482422
2017-07-13,25.280000686645508
2017-07-14,25.530000686645508
2017-07-17,25.56999969482422
2017-07-18,25.530000686645508
2017-07-19,25.81999969482422
2017-07-20,25.829999923706055
2017-07-21,25.739999771118164
2017-07-24,25.8700008392334
2017-07-25,26.1200008392334
2017-07-26,26.149999618530273
2017-07-27,25.84000015258789
2017-07-28,25.809999465942383
2017-07-31,25.760000228881836
2017-08-01,25.959999084472656
2017-08-02,25.5
2017-08-03,25.639999389648438
2017-08-04,25.639999389648438
2017-08-07,25.770000457763672
2017-08-08,25.709999084472656
2017-08-09,25.649999618530273
2017-08-10,25.25
2017-08-11,25.360000610351562
2017-08-14,25.600000381469727
2017-08-15,25.450000762939453
2017-08-16,25.559999465942383
2017-08-17,25.469999313354492
2017-08-18,25.399999618530273
2017-08-21,25.290000915527344
2017-08-22,25.559999465942383
2017-08-23,25.649999618530273
2017-08-24,25.739999771118164
2017-08-25,25.799999237060547
2017-08-28,25.829999923706055
2017-08-29,25.81999969482422
2017-08-30,26.0
2017-08-31,26.100000381469727
2017-09-01,26.309999465942383
2017-09-05,26.1200008392334
2017-09-06,26.309999465942383
2017-09-07,26.200000762939453
2017-09-08,26.0
2017-09-11,26.360000610351562
2017-09-12,26.40999984741211
2017-09-13,26.229999542236328
2017-09-14,26.299999237060547
2017-09-15,26.200000762939453
2017-09-18,26.40999984741211
2017-09-19,26.56999969482422
2017-09-20,26.34000015258789
2017-09-21,26.3700008392334
2017-09-22,26.459999084472656
2017-09-25,26.1299991607666
2017-09-26,26.219999313354492
2017-09-27,26.510000228881836
2017-09-28,26.3799991607666
2017-09-29,26.600000381469727
2017-10-02,26.780000686645508
2017-10-03,26.8799991607666
2017-10-04,26.8799991607666
2017-10-05,27.1299991607666
2017-10-06,27.09000015258789
2017-10-09,27.139999389648438
2017-10-10,27.31999969482422
2017-10-11,27.510000228881836
2017-10-12,27.510000228881836
2017-10-13,27.459999084472656
2017-10-16,27.530000686645508
2017-10-17,27.3700008392334
2017-10-18,27.43000030517578
2017-10-19,27.229999542236328
2017-10-20,27.81999969482422
2017-10-23,27.540000915527344
2017-10-24,27.700000762939453
2017-10-25,27.5
2017-10-26,27.59000015258789
2017-10-27,27.729999542236328
2017-10-30,27.799999237060547
2017-10-31,28.040000915527344
2017-11-01,28.030000686645508
2017-11-02,27.6200008392334
2017-11-03,27.780000686645508
2017-11-06,27.940000534057617
2017-11-07,27.520000457763672
2017-11-08,27.43000030517578
2017-11-09,27.34000015258789
2017-11-10,27.510000228881836
2017-11-13,27.360000610351562
2017-11-14,27.209999084472656
2017-11-15,27.209999084472656
2017-11-16,27.670000076293945
2017-11-17,27.950000762939453
2017-11-20,28.15999984741211
2017-11-21,28.440000534057617
2017-11-22,28.68000030517578
2017-11-24,28.8700008392334
2017-11-27,28.100000381469727
2017-11-28,28.239999771118164
2017-11-29,27.6200008392334
2017-11-30,27.799999237060547
2017-12-01,27.600000381469727
2017-12-04,27.440000534057617
2017-12-05,27.489999771118164
2017-12-06,27.5
2017-12-07,27.739999771118164
2017-12-08,27.8700008392334
2017-12-11,28.09000015258789
2017-12-12,28.040000915527344
2017-12-13,27.899999618530273
2017-12-14,27.790000915527344
2017-12-15,27.899999618530273
2017-12-18,28.1200008392334
2017-12-19,27.950000762939453
2017-12-20,27.989999771118164
2017-12-21,28.200000762939453
2017-12-22,28.229999542236328
2017-12-26,28.270000457763672
2017-12-27,28.209999084472656
2017-12-28,28.290000915527344
2017-12-29,28.209999084472656
2018-01-02,28.40999984741211
2018-01-03,28.549999237060547
2018-01-04,28.479999542236328
2018-01-05,28.520000457763672
2018-01-08,28.420000076293945
2018-01-09,28.479999542236328
2018-01-10,28.440000534057617
2018-01-11,28.700000762939453
2018-01-12,28.65999984741211
2018-01-16,28.31999969482422
2018-01-17,28.56999969482422
2018-01-18,28.649999618530273
2018-01-19,28.75
2018-01-22,28.860000610351562
2018-01-23,29.18000030517578
2018-01-24,29.139999389648438
2018-01-25,28.93000030517578
2018-01-26,28.829999923706055
2018-01-29,28.709999084472656
2018-01-30,28.309999465942383
2018-01-31,28.329999923706055
2018-02-01,28.520000457763672
2018-02-02,27.989999771118164
2018-02-05,27.1299991607666
2018-02-06,27.209999084472656
2018-02-07,28.399999618530273
2018-02-08,27.6200008392334
2018-02-09,27.280000686645508
2018-02-12,27.75
2018-02-13,27.739999771118164
2018-02-14,28.329999923706055
2018-02-15,28.8700008392334
2018-02-16,29.149999618530273
2018-02-20,28.829999923706055
2018-02-21,28.860000610351562
2018-02-22,28.520000457763672
2018-02-23,28.739999771118164
2018-02-26,28.829999923706055
2018-02-27,28.469999313354492
2018-02-28,28.399999618530273
2018-03-01,28.209999084472656
2018-03-02,28.65999984741211
2018-03-05,29.040000915527344
2018-03-06,29.40999984741211
2018-03-07,29.469999313354492
2018-03-08,29.719999313354492
2018-03-09,29.809999465942383
2018-03-12,30.059999465942383
2018-03-13,29.860000610351562
2018-03-14,29.860000610351562
2018-03-15,29.579999923706055
2018-03-16,29.559999465942383
2018-03-19,29.190000534057617
2018-03-20,29.229999542236328
2018-03-21,29.540000915527344
2018-03-22,29.09000015258789
2018-03-23,28.559999465942383
2018-03-26,28.969999313354492
2018-03-27,28.6299991607666
2018-03-28,28.360000610351562
2018-03-29,28.709999084472656
2018-04-02,28.059999465942383
2018-04-03,28.190000534057617
2018-04-04,28.260000228881836
2018-04-05,28.440000534057617
2018-04-06,28.209999084472656
2018-04-09,28.010000228881836
2018-04-10,28.399999618530273
2018-04-11,28.290000915527344
2018-04-12,28.549999237060547
2018-04-13,28.43000030517578
2018-04-16,28.530000686645508
2018-04-17,28.8799991607666
2018-04-18,29.18000030517578
2018-04-19,28.989999771118164
2018-04-20,28.90999984741211
2018-04-23,29.010000228881836
2018-04-24,28.540000915527344
2018-04-25,28.350000381469727
2018-04-26,28.670000076293945
2018-04-27,28.59000015258789
2018-04-30,28.6200008392334
2018-05-01,28.690000534057617
2018-05-02,28.420000076293945
2018-05-03,28.06999969482422
2018-05-04,28.15999984741211
2018-05-07,28.239999771118164
2018-05-08,28.049999237060547
2018-05-09,28.440000534057617
2018-05-10,28.899999618530273
2018-05-11,28.850000381469727
2018-05-14,28.729999542236328
2018-05-15,28.610000610351562
2018-05-16,28.799999237060547
2018-05-17,28.850000381469727
2018-05-18,28.850000381469727
2018-05-21,28.8799991607666
2018-05-22,29.0
2018-05-23,28.790000915527344
2018-05-24,28.940000534057617
2018-05-25,29.0
2018-05-29,28.75
2018-05-30,29.209999084472656
2018-05-31,29.1200008392334
2018-06-01,29.6299991607666
2018-06-04,29.899999618530273
2018-06-05,30.170000076293945
2018-06-06,30.350000381469727
2018-06-07,30.040000915527344
2018-06-08,30.040000915527344
2018-06-11,30.68000030517578
2018-06-12,30.850000381469727
2018-06-13,30.940000534057617
2018-06-14,31.43000030517578
2018-06-15,31.420000076293945
2018-06-18,31.6200008392334
2018-06-19,31.030000686645508
2018-06-20,31.219999313354492
2018-06-21,30.65999984741211
2018-06-22,30.559999465942383
2018-06-25,29.690000534057617
2018-06-26,30.1200008392334
2018-06-27,29.3799991607666
2018-06-28,29.700000762939453
2018-06-29,29.760000228881836
2018-07-02,29.56999969482422
2018-07-03,29.899999618530273
2018-07-05,29.979999542236328
2018-07-06,30.309999465942383
2018-07-09,30.559999465942383
2018-07-10,30.459999084472656
2018-07-11,30.290000915527344
2018-07-12,30.860000610351562
2018-07-13,30.739999771118164
2018-07-16,30.68000030517578
2018-07-17,31.030000686645508
2018-07-18,31.0
2018-07-19,30.81999969482422
2018-07-20,30.829999923706055
2018-07-23,30.8700008392334
2018-07-24,30.399999618530273
2018-07-25,30.68000030517578
2018-07-26,30.84000015258789
2018-07-27,30.700000762939453
2018-07-30,29.43000030517578
2018-07-31,29.540000915527344
2018-08-01,29.719999313354492
2018-08-02,29.729999542236328
2018-08-03,29.639999389648438
2018-08-06,30.1200008392334
2018-08-07,30.25
2018-08-08,29.979999542236328
2018-08-09,30.709999084472656
2018-08-10,30.510000228881836
2018-08-13,30.200000762939453
2018-08-14,30.25
2018-08-15,29.68000030517578
2018-08-16,30.020000457763672
2018-08-17,29.989999771118164
2018-08-20,30.0
2018-08-21,30.399999618530273
2018-08-22,30.31999969482422
2018-08-23,30.360000610351562
2018-08-24,30.649999618530273
2018-08-27,31.049999237060547
2018-08-28,30.969999313354492
2018-08-29,30.989999771118164
2018-08-30,30.670000076293945
2018-08-31,30.729999542236328
2018-09-04,30.520000457763672
2018-09-05,30.110000610351562
2018-09-06,29.860000610351562
2018-09-07,30.110000610351562
2018-09-10,30.299999237060547
2018-09-11,30.440000534057617
2018-09-12,30.440000534057617
2018-09-13,30.75
2018-09-14,30.709999084472656
2018-09-17,30.059999465942383
2018-09-18,30.3700008392334
2018-09-19,30.239999771118164
2018-09-20,30.719999313354492
2018-09-21,30.510000228881836
2018-09-24,30.229999542236328
2018-09-25,30.34000015258789
2018-09-26,30.31999969482422
2018-09-27,30.25
2018-09-28,30.280000686645508
2018-10-01,30.059999465942383
2018-10-02,29.360000610351562
2018-10-03,29.6299991607666
2018-10-04,28.989999771118164
2018-10-05,28.530000686645508
2018-10-08,28.3799991607666
2018-10-09,28.25
2018-10-10,26.84000015258789
2018-10-11,26.610000610351562
2018-10-12,27.299999237060547
2018-10-15,27.469999313354492
2018-10-16,27.950000762939453
2018-10-17,27.760000228881836
2018-10-18,27.1200008392334
2018-10-19,26.600000381469727
2018-10-22,26.700000762939453
2018-10-23,26.600000381469727
2018-10-24,25.40999984741211
2018-10-25,25.950000762939453
2018-10-26,25.43000030517578
2018-10-29,24.809999465942383
2018-10-30,25.700000762939453
2018-10-31,26.440000534057617
2018-11-01,26.81999969482422
2018-11-02,26.6299991607666
2018-11-05,26.489999771118164
2018-11-06,26.68000030517578
2018-11-07,27.469999313354492
2018-11-08,27.350000381469727
2018-11-09,26.860000610351562
2018-11-12,26.010000228881836
2018-11-13,26.040000915527344
2018-11-14,26.0
2018-11-15,26.350000381469727
2018-11-16,26.239999771118164
2018-11-19,25.200000762939453
2018-11-20,24.790000915527344
2018-11-21,25.510000228881836
2018-11-23,25.510000228881836
2018-11-26,25.799999237060547
2018-11-27,25.700000762939453
2018-11-28,25.739999771118164
2018-11-29,26.479999542236328
2018-11-30,26.329999923706055
2018-12-03,26.59000015258789
2018-12-04,25.75
2018-12-06,25.739999771118164
2018-12-07,25.110000610351562
2018-12-10,24.969999313354492
2018-12-11,24.969999313354492
2018-12-12,25.15999984741211
2018-12-13,24.959999084472656
2018-12-14,24.520000457763672
2018-12-17,23.56999969482422
2018-12-18,23.780000686645508
2018-12-19,23.350000381469727
2018-12-20,22.81999969482422
2018-12-21,21.969999313354492
2018-12-24,21.700000762939453
2018-12-26,22.8799991607666
2018-12-27,22.8700008392334
2018-12-28,22.979999542236328
2018-12-31,23.260000228881836
2019-01-02,23.290000915527344
2019-01-03,22.90999984741211
2019-01-04,23.809999465942383
2019-01-07,24.559999465942383
2019-01-08,24.940000534057617
2019-01-09,25.209999084472656
2019-01-10,25.329999923706055
2019-01-11,25.309999465942383
2019-01-14,25.200000762939453
2019-01-15,25.420000076293945
2019-01-16,25.520000457763672
2019-01-17,26.020000457763672
2019-01-18,26.520000457763672
2019-01-22,25.979999542236328
2019-01-23,26.010000228881836
2019-01-24,26.3799991607666
2019-01-25,26.979999542236328
2019-01-28,26.799999237060547
2019-01-29,26.690000534057617
2019-01-30,26.959999084472656
2019-01-31,27.440000534057617
2019-02-01,27.510000228881836
2019-02-04,27.84000015258789
2019-02-05,28.1200008392334
2019-02-06,28.049999237060547
2019-02-07,27.75
2019-02-08,27.940000534057617
2019-02-11,28.020000457763672
2019-02-12,28.489999771118164
2019-02-13,28.780000686645508
2019-02-14,28.8799991607666
2019-02-15,28.920000076293945
2019-02-19,29.3799991607666
2019-02-20,29.700000762939453
2019-02-21,29.219999313354492
2019-02-22,29.850000381469727
2019-02-25,30.18000030517578
2019-02-26,30.020000457763672
2019-02-27,30.649999618530273
2019-02-28,30.329999923706055
2019-03-01,30.829999923706055
2019-03-04,30.5
2019-03-05,30.56999969482422
2019-03-06,30.229999542236328
2019-03-07,29.6299991607666
2019-03-08,29.34000015258789
2019-03-11,30.299999237060547
2019-03-12,30.309999465942383
2019-03-13,30.25
2019-03-14,30.549999237060547
2019-03-15,30.510000228881836
2019-03-18,30.610000610351562
2019-03-19,31.1200008392334
2019-03-20,30.899999618530273
2019-03-21,31.420000076293945
2019-03-22,30.34000015258789
2019-03-25,30.350000381469727
2019-03-26,30.450000762939453
2019-03-27,30.079999923706055
2019-03-28,30.3799991607666
2019-03-29,30.510000228881836
2019-04-01,31.0
2019-04-02,31.049999237060547
2019-04-03,31.200000762939453
2019-04-04,30.770000457763672
2019-04-05,30.899999618530273
2019-04-08,30.760000228881836
2019-04-09,30.68000030517578
2019-04-10,30.889999389648438
2019-04-11,30.850000381469727
2019-04-12,31.059999465942383
2019-04-15,30.81999969482422
2019-04-16,30.690000534057617
2019-04-17,30.290000915527344
2019-04-18,30.020000457763672
2019-04-22,30.260000228881836
2019-04-23,30.790000915527344
2019-04-24,30.790000915527344
2019-04-25,30.739999771118164
2019-04-26,31.040000915527344
2019-04-29,31.420000076293945
2019-04-30,31.3799991607666
2019-05-01,31.049999237060547
2019-05-02,31.079999923706055
2019-05-03,31.68000030517578
2019-05-06,31.6299991607666
2019-05-07,30.899999618530273
2019-05-08,30.84000015258789
2019-05-09,30.969999313354492
2019-05-10,31.059999465942383
2019-05-13,29.729999542236328
2019-05-14,30.329999923706055
2019-05-15,30.760000228881836
2019-05-16,31.25
2019-05-17,30.829999923706055
2019-05-20,30.540000915527344
2019-05-21,30.829999923706055
2019-05-22,30.719999313354492
2019-05-23,30.15999984741211
2019-05-24,30.469999313354492
2019-05-28,30.360000610351562
2019-05-29,30.020000457763672
2019-05-30,30.079999923706055
2019-05-31,29.719999313354492
2019-06-03,29.34000015258789
2019-06-04,30.209999084472656
2019-06-05,30.450000762939453
2019-06-06,30.6299991607666
2019-06-07,30.950000762939453
2019-06-10,31.190000534057617
2019-06-11,30.950000762939453
2019-06-12,31.139999389648438
2019-06-13,31.5
2019-06-14,31.219999313354492
2019-06-17,31.479999542236328
2019-06-18,31.950000762939453
2019-06-19,32.27000045776367
2019-06-20,32.439998626708984
2019-06-21,32.20000076293945
2019-06-24,31.739999771118164
2019-06-25,30.989999771118164
2019-06-26,30.81999969482422
2019-06-27,31.34000015258789
2019-06-28,31.579999923706055
2019-07-01,31.639999389648438
2019-07-02,31.809999465942383
2019-07-03,32.040000915527344
2019-07-05,32.150001525878906
2019-07-08,32.0099983215332
2019-07-09,32.36000061035156
2019-07-10,32.45000076293945
2019-07-11,32.68000030517578
2019-07-12,32.619998931884766
2019-07-15,32.880001068115234
2019-07-16,32.790000915527344
2019-07-17,32.599998474121094
2019-07-18,32.56999969482422
2019-07-19,32.33000183105469
2019-07-22,32.560001373291016
2019-07-23,32.59000015258789
2019-07-24,33.040000915527344
2019-07-25,32.900001525878906
2019-07-26,33.4900016784668
2019-07-29,32.88999938964844
2019-07-30,32.72999954223633
2019-07-31,32.38999938964844
2019-08-01,31.850000381469727
2019-08-02,31.719999313354492
2019-08-05,30.479999542236328
2019-08-06,30.690000534057617
2019-08-07,30.81999969482422
2019-08-08,32.09000015258789
2019-08-09,31.299999237060547
2019-08-12,30.829999923706055
2019-08-13,31.15999984741211
2019-08-14,30.020000457763672
2019-08-15,30.040000915527344
2019-08-16,30.700000762939453
2019-08-19,30.770000457763672
2019-08-20,30.469999313354492
2019-08-21,30.899999618530273
2019-08-22,30.8799991607666
2019-08-23,30.100000381469727
2019-08-26,30.43000030517578
2019-08-27,30.209999084472656
2019-08-28,30.1299991607666
2019-08-29,30.780000686645508
2019-08-30,30.6200008392334
2019-09-03,30.239999771118164
2019-09-04,30.809999465942383
2019-09-05,30.950000762939453
2019-09-06,30.979999542236328
2019-09-09,30.440000534057617
2019-09-10,30.190000534057617
2019-09-11,30.610000610351562
2019-09-12,30.6200008392334
2019-09-13,30.40999984741211
2019-09-16,30.540000915527344
2019-09-17,30.90999984741211
2019-09-18,30.420000076293945
2019-09-19,30.399999618530273
2019-09-20,30.010000228881836
2019-09-23,29.700000762939453
2019-09-24,28.729999542236328
2019-09-25,28.940000534057617
2019-09-26,28.709999084472656
2019-09-27,27.950000762939453
2019-09-30,28.170000076293945
2019-10-01,27.889999389648438
2019-10-02,27.600000381469727
2019-10-03,28.280000686645508
2019-10-04,28.489999771118164
2019-10-07,28.579999923706055
2019-10-08,27.959999084472656
2019-10-09,28.239999771118164
2019-10-10,28.100000381469727
2019-10-11,28.59000015258789
2019-10-14,28.510000228881836
2019-10-15,28.799999237060547
2019-10-16,28.450000762939453
2019-10-17,28.559999465942383
2019-10-18,27.93000030517578
2019-10-21,28.420000076293945
2019-10-22,27.959999084472656
2019-10-23,28.15999984741211
2019-10-24,28.610000610351562
2019-10-25,29.040000915527344
2019-10-28,29.850000381469727
2019-10-29,29.520000457763672
2019-10-30,30.0
2019-10-31,29.639999389648438
2019-11-01,29.8799991607666
2019-11-04,30.0
2019-11-05,29.559999465942383
2019-11-06,29.329999923706055
2019-11-07,29.100000381469727
2019-11-08,29.350000381469727
2019-11-11,29.34000015258789
2019-11-12,29.610000610351562
2019-11-13,29.780000686645508
2019-11-14,29.8700008392334
2019-11-15,30.420000076293945
2019-11-18,30.350000381469727
2019-11-19,30.350000381469727
2019-11-20,30.34000015258789
2019-11-21,30.399999618530273
2019-11-22,30.799999237060547
2019-11-25,31.209999084472656
2019-11-26,31.440000534057617
2019-11-27,31.530000686645508
2019-11-29,31.399999618530273
2019-12-02,30.489999771118164
2019-12-03,30.719999313354492
2019-12-04,30.81999969482422
2019-12-05,30.59000015258789
2019-12-06,30.719999313354492
2019-12-09,30.469999313354492
2019-12-10,30.31999969482422
2019-12-11,30.280000686645508
2019-12-12,30.270000457763672
2019-12-13,30.1299991607666
2019-12-16,30.610000610351562
2019-12-17,30.649999618530273
2019-12-18,30.639999389648438
2019-12-19,30.90999984741211
2019-12-20,30.959999084472656
2019-12-23,30.950000762939453
2019-12-24,31.149999618530273
2019-12-26,31.350000381469727
2019-12-27,31.15999984741211
2019-12-30,30.959999084472656
2019-12-31,31.110000610351562
2020-01-02,31.690000534057617
2020-01-03,31.68000030517578
2020-01-06,31.81999969482422
2020-01-07,32.04999923706055
2020-01-08,32.34000015258789
2020-01-09,32.540000915527344
2020-01-10,32.59000015258789
2020-01-13,32.75
2020-01-14,33.0
2020-01-15,33.310001373291016
2020-01-16,33.5099983215332
2020-01-17,33.36000061035156
2020-01-21,33.90999984741211
2020-01-22,33.88999938964844
2020-01-23,33.83000183105469
2020-01-24,33.279998779296875
2020-01-27,32.7400016784668
2020-01-28,33.27000045776367
2020-01-29,33.18000030517578
2020-01-30,33.33000183105469
2020-01-31,32.779998779296875
2020-02-03,33.400001525878906
2020-02-04,34.189998626708984
2020-02-05,33.61000061035156
2020-02-06,33.7599983215332
2020-02-07,34.18000030517578
2020-02-10,34.5
2020-02-11,34.75
2020-02-12,34.810001373291016
2020-02-13,34.66999816894531
2020-02-14,34.72999954223633
2020-02-18,34.77000045776367
2020-02-19,35.13999938964844
2020-02-20,35.09000015258789
2020-02-21,34.709999084472656
2020-02-24,33.650001525878906
2020-02-25,32.77000045776367
2020-02-26,32.709999084472656
2020-02-27,31.510000228881836
2020-02-28,31.299999237060547
2020-03-02,32.16999816894531
2020-03-03,31.520000457763672
2020-03-04,32.52000045776367
2020-03-05,31.639999389648438
2020-03-06,30.6200008392334
2020-03-09,27.540000915527344
2020-03-10,28.84000015258789
2020-03-11,26.979999542236328
2020-03-12,24.059999465942383
2020-03-13,25.530000686645508
2020-03-16,22.399999618530273
2020-03-17,23.09000015258789
2020-03-18,21.6200008392334
2020-03-19,23.299999237060547
2020-03-20,23.40999984741211
2020-03-23,23.389999389648438
2020-03-24,25.3799991607666
2020-03-25,25.649999618530273
2020-03-26,27.030000686645508
2020-03-27,26.31999969482422
2020-03-30,26.6200008392334
2020-03-31,26.34000015258789
2020-04-01,25.31999969482422
2020-04-02,24.5
2020-04-03,24.020000457763672
2020-04-06,25.8700008392334
2020-04-07,25.770000457763672
2020-04-08,26.709999084472656
2020-04-09,27.209999084472656
2020-04-13,27.360000610351562
2020-04-14,28.329999923706055
2020-04-15,28.450000762939453
2020-04-16,28.440000534057617
2020-04-17,29.309999465942383
2020-04-20,29.889999389648438
2020-04-21,28.850000381469727
2020-04-22,29.68000030517578
2020-04-23,29.56999969482422
2020-04-24,30.110000610351562
2020-04-27,30.670000076293945
2020-04-28,30.399999618530273
2020-04-29,31.3700008392334
2020-04-30,30.860000610351562
2020-05-01,29.889999389648438
2020-05-04,30.229999542236328
2020-05-05,30.59000015258789
2020-05-06,31.06999969482422
2020-05-07,32.36000061035156
2020-05-08,33.22999954223633
2020-05-11,33.900001525878906
2020-05-12,33.279998779296875
2020-05-13,32.970001220703125
2020-05-14,33.2400016784668
2020-05-15,33.83000183105469
2020-05-18,34.83000183105469
2020-05-19,34.95000076293945
2020-05-20,35.56999969482422
2020-05-21,35.459999084472656
2020-05-22,36.06999969482422
2020-05-26,35.540000915527344
2020-05-27,35.36000061035156
2020-05-28,35.130001068115234
2020-05-29,36.72999954223633
2020-06-01,37.47999954223633
2020-06-02,37.900001525878906
2020-06-03,38.58000183105469
2020-06-04,37.689998626708984
2020-06-05,37.84000015258789
2020-06-08,38.68000030517578
2020-06-09,38.380001068115234
2020-06-10,38.54999923706055
2020-06-11,36.52000045776367
2020-06-12,37.400001525878906
2020-06-15,38.93000030517578
2020-06-16,39.61000061035156
2020-06-17,40.04999923706055
2020-06-18,40.93000030517578
2020-06-19,41.31999969482422
2020-06-22,41.34000015258789
2020-06-23,41.720001220703125
2020-06-24,40.56999969482422
2020-06-25,41.09000015258789
2020-06-26,40.099998474121094
2020-06-29,39.7599983215332
2020-06-30,40.439998626708984
2020-07-01,40.84000015258789
2020-07-02,41.43000030517578
2020-07-06,42.040000915527344
2020-07-07,42.7599983215332
2020-07-08,44.0
2020-07-09,44.59000015258789
2020-07-10,44.25
2020-07-13,42.7400016784668
2020-07-14,42.650001525878906
2020-07-15,43.18000030517578
2020-07-16,42.36000061035156
2020-07-17,42.900001525878906
2020-07-20,44.15999984741211
2020-07-21,43.68000030517578
2020-07-22,43.45000076293945
2020-07-23,42.310001373291016
2020-07-24,41.58000183105469
2020-07-27,42.47999954223633
2020-07-28,42.56999969482422
2020-07-29,43.220001220703125
2020-07-30,43.2599983215332
2020-07-31,44.31999969482422
2020-08-03,45.95000076293945
2020-08-04,46.119998931884766
2020-08-05,46.459999084472656
2020-08-06,46.27000045776367
2020-08-07,44.47999954223633
2020-08-10,43.65999984741211
2020-08-11,42.68000030517578
2020-08-12,43.15999984741211
2020-08-13,43.540000915527344
2020-08-14,43.130001068115234
2020-08-17,44.25
2020-08-18,44.91999816894531
2020-08-19,44.900001525878906
2020-08-20,45.939998626708984
2020-08-21,45.36000061035156
2020-08-24,45.060001373291016
2020-08-25,45.90999984741211
2020-08-26,47.22999954223633
2020-08-27,47.2599983215332
2020-08-28,47.709999084472656
2020-08-31,48.439998626708984
2020-09-01,51.650001525878906
2020-09-02,50.849998474121094
2020-09-03,47.93000030517578
2020-09-04,47.15999984741211
2020-09-08,46.09000015258789
2020-09-09,47.7400016784668
2020-09-10,47.400001525878906
2020-09-11,47.540000915527344
2020-09-14,48.9900016784668
2020-09-15,49.5
2020-09-16,49.529998779296875
2020-09-17,49.31999969482422
2020-09-18,49.880001068115234
2020-09-21,50.380001068115234
2020-09-22,51.34000015258789
2020-09-23,50.619998931884766
2020-09-24,49.36000061035156
2020-09-25,51.380001068115234
2020-09-28,51.650001525878906
2020-09-29,51.849998474121094
2020-09-30,52.279998779296875
2020-10-01,53.38999938964844
2020-10-02,52.7599983215332
2020-10-05,53.59000015258789
2020-10-06,53.369998931884766
2020-10-07,54.709999084472656
2020-10-08,54.810001373291016
2020-10-09,55.900001525878906
2020-10-12,56.5
2020-10-13,57.31999969482422
2020-10-14,56.54999923706055
2020-10-15,55.869998931884766
2020-10-16,55.970001220703125
2020-10-19,55.900001525878906
2020-10-20,55.459999084472656
2020-10-21,54.099998474121094
2020-10-22,54.599998474121094
2020-10-23,54.47999954223633
2020-10-26,53.310001373291016
2020-10-27,54.09000015258789
2020-10-28,52.38999938964844
2020-10-29,52.66999816894531
2020-10-30,50.68000030517578
2020-11-02,50.810001373291016
2020-11-03,51.540000915527344
2020-11-04,54.689998626708984
2020-11-05,56.20000076293945
2020-11-06,56.90999984741211
2020-11-09,54.540000915527344
2020-11-10,52.540000915527344
2020-11-11,54.58000183105469
2020-11-12,55.380001068115234
2020-11-13,55.310001373291016
2020-11-16,56.13999938964844
2020-11-17,56.2400016784668
2020-11-18,56.16999816894531
2020-11-19,57.11000061035156
2020-11-20,57.93000030517578
2020-11-23,58.709999084472656
2020-11-24,58.310001373291016
2020-11-25,60.470001220703125
2020-11-27,62.599998474121094
2020-11-30,64.4800033569336
2020-12-01,62.369998931884766
2020-12-02,62.439998626708984
2020-12-03,64.18000030517578
2020-12-04,65.06999969482422
2020-12-07,65.68000030517578
2020-12-08,66.76000213623047
2020-12-09,64.69999694824219
2020-12-10,66.30999755859375
2020-12-11,65.62000274658203
2020-12-14,65.27999877929688
2020-12-15,65.26000213623047
2020-12-16,65.29000091552734
2020-12-17,66.61000061035156
2020-12-18,67.2699966430664
2020-12-21,68.1500015258789
2020-12-22,69.79000091552734
2020-12-23,69.1500015258789
2020-12-24,68.44000244140625
2020-12-28,65.22000122070312
2020-12-29,64.8499984741211
2020-12-30,65.56999969482422
2020-12-31,64.48999786376953
2021-01-04,63.72999954223633
2021-01-05,65.01000213623047
2021-01-06,63.22999954223633
2021-01-07,66.48999786376953
2021-01-08,66.94000244140625
2021-01-11,66.83999633789062
2021-01-12,69.08999633789062
2021-01-13,69.69000244140625
2021-01-14,69.5199966430664
2021-01-15,68.2699966430664
2021-01-19,69.1500015258789
2021-01-20,69.69000244140625
2021-01-21,69.9000015258789
2021-01-22,70.83000183105469
2021-01-25,71.18000030517578
2021-01-26,69.4000015258789
2021-01-27,67.55999755859375
2021-01-28,68.55999755859375
2021-01-29,68.05999755859375
2021-02-01,69.25
2021-02-02,70.37999725341797
2021-02-03,70.7699966430664
2021-02-04,72.5
2021-02-05,74.12000274658203
2021-02-08,74.0
2021-02-09,74.80000305175781
2021-02-10,75.7699966430664
2021-02-11,75.9800033569336
2021-02-12,76.12999725341797
2021-02-16,75.37999725341797
2021-02-17,73.7300033569336
2021-02-18,72.68000030517578
2021-02-19,73.43000030517578
2021-02-22,69.83000183105469
2021-02-23,69.37999725341797
2021-02-24,69.05999755859375
2021-02-25,65.87999725341797
2021-02-26,66.79000091552734
2021-03-01,69.4000015258789
2021-03-02,67.81999969482422
2021-03-03,64.6500015258789
2021-03-04,62.0
2021-03-05,62.029998779296875
2021-03-08,59.150001525878906
2021-03-09,63.04999923706055
2021-03-10,62.91999816894531
2021-03-11,66.0199966430664
2021-03-12,65.58999633789062
2021-03-15,66.30999755859375
2021-03-16,65.04000091552734
2021-03-17,65.37000274658203
2021-03-18,62.40999984741211
2021-03-19,64.13999938964844
2021-03-22,64.01000213623047
2021-03-23,63.119998931884766
2021-03-24,60.04999923706055
2021-03-25,60.38999938964844
2021-03-26,60.849998474121094
2021-03-29,59.709999084472656
2021-03-30,60.16999816894531
2021-03-31,62.18000030517578
2021-04-01,63.459999084472656
2021-04-05,63.290000915527344
2021-04-06,64.63999938964844
2021-04-07,63.25
2021-04-08,64.7300033569336
2021-04-09,64.33999633789062
2021-04-12,64.31999969482422
2021-04-13,66.2300033569336
2021-04-14,64.95999908447266
2021-04-15,65.81999969482422
2021-04-16,64.79000091552734
2021-04-19,63.36000061035156
2021-04-20,62.130001068115234
2021-04-21,62.720001220703125
2021-04-22,63.0
2021-04-23,64.30000305175781
2021-04-26,65.41999816894531
2021-04-27,65.11000061035156
2021-04-28,64.47000122070312
2021-04-29,62.88999938964844
2021-04-30,62.31999969482422
2021-05-03,61.18000030517578
2021-05-04,59.58000183105469
2021-05-05,57.95000076293945
2021-05-06,55.529998779296875
2021-05-07,56.209999084472656
2021-05-10,55.33000183105469
2021-05-11,56.709999084472656
2021-05-12,54.77000045776367
2021-05-13,54.029998779296875
2021-05-14,56.45000076293945
